system:index,all_prototypes,aoi_crs,aoi_size_km,development_aoi_overlap_count,development_sampling_crs,development_year,evaluation_aef_dataset_versions,evaluation_aef_model_versions,evaluation_aef_processing_versions,evaluation_aef_utm_zones,evaluation_design,evaluation_year,feature,importance,land_water_mask,method,method_code,minimum_connected_pixels,object_overlap_definition,pixel_counting,region,rf_bag_fraction,rf_min_leaf_population,rf_number_of_trees,rf_seed,rf_variables_per_split,scale_m,selected_prototypes,similarity_definition,.geo
1_1_1_1_1_0,proto_1;proto_2;proto_3;proto_4;proto_5,EPSG:32718,30,0,EPSG:32718,2024,1.1,2.1,1.02,18S,spatiotemporally held-out,2025,A00,13.273462842159319,ESA WorldCover 2021 class 80,Raw64 / Standard Random Forest,Raw64,5,predicted positive AND individual object truth / individual object truth,unweighted 10 m pixel counts,Chile,0.7,5,150,123,8,10,proto_3;proto_4;proto_5,true cosine similarity,"{""type"":""MultiPoint"",""coordinates"":[]}"
1_1_1_1_1_1,proto_1;proto_2;proto_3;proto_4;proto_5,EPSG:32718,30,0,EPSG:32718,2024,1.1,2.1,1.02,18S,spatiotemporally held-out,2025,A01,11.494663642721406,ESA WorldCover 2021 class 80,Raw64 / Standard Random Forest,Raw64,5,predicted positive AND individual object truth / individual object truth,unweighted 10 m pixel counts,Chile,0.7,5,150,123,8,10,proto_3;proto_4;proto_5,true cosine similarity,"{""type"":""MultiPoint"",""coordinates"":[]}"
1_1_1_1_1_2,proto_1;proto_2;proto_3;proto_4;proto_5,EPSG:32718,30,0,EPSG:32718,2024,1.1,2.1,1.02,18S,spatiotemporally held-out,2025,A02,45.96999713056228,ESA WorldCover 2021 class 80,Raw64 / Standard Random Forest,Raw64,5,predicted positive AND individual object truth / individual object truth,unweighted 10 m pixel counts,Chile,0.7,5,150,123,8,10,proto_3;proto_4;proto_5,true cosine similarity,"{""type"":""MultiPoint"",""coordinates"":[]}"
1_1_1_1_1_3,proto_1;proto_2;proto_3;proto_4;proto_5,EPSG:32718,30,0,EPSG:32718,2024,1.1,2.1,1.02,18S,spatiotemporally held-out,2025,A03,21.71375406510773,ESA WorldCover 2021 class 80,Raw64 / Standard Random Forest,Raw64,5,predicted positive AND individual object truth / individual object truth,unweighted 10 m pixel counts,Chile,0.7,5,150,123,8,10,proto_3;proto_4;proto_5,true cosine similarity,"{""type"":""MultiPoint"",""coordinates"":[]}"
1_1_1_1_1_4,proto_1;proto_2;proto_3;proto_4;proto_5,EPSG:32718,30,0,EPSG:32718,2024,1.1,2.1,1.02,18S,spatiotemporally held-out,2025,A04,16.24083857415066,ESA WorldCover 2021 class 80,Raw64 / Standard Random Forest,Raw64,5,predicted positive AND individual object truth / individual object truth,unweighted 10 m pixel counts,Chile,0.7,5,150,123,8,10,proto_3;proto_4;proto_5,true cosine similarity,"{""type"":""MultiPoint"",""coordinates"":[]}"
1_1_1_1_1_5,proto_1;proto_2;proto_3;proto_4;proto_5,EPSG:32718,30,0,EPSG:32718,2024,1.1,2.1,1.02,18S,spatiotemporally held-out,2025,A05,11.917464367655167,ESA WorldCover 2021 class 80,Raw64 / Standard Random Forest,Raw64,5,predicted positive AND individual object truth / individual object truth,unweighted 10 m pixel counts,Chile,0.7,5,150,123,8,10,proto_3;proto_4;proto_5,true cosine similarity,"{""type"":""MultiPoint"",""coordinates"":[]}"
1_1_1_1_1_6,proto_1;proto_2;proto_3;proto_4;proto_5,EPSG:32718,30,0,EPSG:32718,2024,1.1,2.1,1.02,18S,spatiotemporally held-out,2025,A06,19.561718221176548,ESA WorldCover 2021 class 80,Raw64 / Standard Random Forest,Raw64,5,predicted positive AND individual object truth / individual object truth,unweighted 10 m pixel counts,Chile,0.7,5,150,123,8,10,proto_3;proto_4;proto_5,true cosine similarity,"{""type"":""MultiPoint"",""coordinates"":[]}"
1_1_1_1_1_7,proto_1;proto_2;proto_3;proto_4;proto_5,EPSG:32718,30,0,EPSG:32718,2024,1.1,2.1,1.02,18S,spatiotemporally held-out,2025,A07,13.660876859819565,ESA WorldCover 2021 class 80,Raw64 / Standard Random Forest,Raw64,5,predicted positive AND individual object truth / individual object truth,unweighted 10 m pixel counts,Chile,0.7,5,150,123,8,10,proto_3;proto_4;proto_5,true cosine similarity,"{""type"":""MultiPoint"",""coordinates"":[]}"
1_1_1_1_1_8,proto_1;proto_2;proto_3;proto_4;proto_5,EPSG:32718,30,0,EPSG:32718,2024,1.1,2.1,1.02,18S,spatiotemporally held-out,2025,A08,11.447461077671642,ESA WorldCover 2021 class 80,Raw64 / Standard Random Forest,Raw64,5,predicted positive AND individual object truth / individual object truth,unweighted 10 m pixel counts,Chile,0.7,5,150,123,8,10,proto_3;proto_4;proto_5,true cosine similarity,"{""type"":""MultiPoint"",""coordinates"":[]}"
1_1_1_1_1_9,proto_1;proto_2;proto_3;proto_4;proto_5,EPSG:32718,30,0,EPSG:32718,2024,1.1,2.1,1.02,18S,spatiotemporally held-out,2025,A09,14.290285465625333,ESA WorldCover 2021 class 80,Raw64 / Standard Random Forest,Raw64,5,predicted positive AND individual object truth / individual object truth,unweighted 10 m pixel counts,Chile,0.7,5,150,123,8,10,proto_3;proto_4;proto_5,true cosine similarity,"{""type"":""MultiPoint"",""coordinates"":[]}"
1_1_1_1_1_10,proto_1;proto_2;proto_3;proto_4;proto_5,EPSG:32718,30,0,EPSG:32718,2024,1.1,2.1,1.02,18S,spatiotemporally held-out,2025,A10,19.601721013706307,ESA WorldCover 2021 class 80,Raw64 / Standard Random Forest,Raw64,5,predicted positive AND individual object truth / individual object truth,unweighted 10 m pixel counts,Chile,0.7,5,150,123,8,10,proto_3;proto_4;proto_5,true cosine similarity,"{""type"":""MultiPoint"",""coordinates"":[]}"
1_1_1_1_1_11,proto_1;proto_2;proto_3;proto_4;proto_5,EPSG:32718,30,0,EPSG:32718,2024,1.1,2.1,1.02,18S,spatiotemporally held-out,2025,A11,9.779465014467535,ESA WorldCover 2021 class 80,Raw64 / Standard Random Forest,Raw64,5,predicted positive AND individual object truth / individual object truth,unweighted 10 m pixel counts,Chile,0.7,5,150,123,8,10,proto_3;proto_4;proto_5,true cosine similarity,"{""type"":""MultiPoint"",""coordinates"":[]}"
1_1_1_1_1_12,proto_1;proto_2;proto_3;proto_4;proto_5,EPSG:32718,30,0,EPSG:32718,2024,1.1,2.1,1.02,18S,spatiotemporally held-out,2025,A12,18.277967113686856,ESA WorldCover 2021 class 80,Raw64 / Standard Random Forest,Raw64,5,predicted positive AND individual object truth / individual object truth,unweighted 10 m pixel counts,Chile,0.7,5,150,123,8,10,proto_3;proto_4;proto_5,true cosine similarity,"{""type"":""MultiPoint"",""coordinates"":[]}"
1_1_1_1_1_13,proto_1;proto_2;proto_3;proto_4;proto_5,EPSG:32718,30,0,EPSG:32718,2024,1.1,2.1,1.02,18S,spatiotemporally held-out,2025,A13,16.567087136663037,ESA WorldCover 2021 class 80,Raw64 / Standard Random Forest,Raw64,5,predicted positive AND individual object truth / individual object truth,unweighted 10 m pixel counts,Chile,0.7,5,150,123,8,10,proto_3;proto_4;proto_5,true cosine similarity,"{""type"":""MultiPoint"",""coordinates"":[]}"
1_1_1_1_1_14,proto_1;proto_2;proto_3;proto_4;proto_5,EPSG:32718,30,0,EPSG:32718,2024,1.1,2.1,1.02,18S,spatiotemporally held-out,2025,A14,10.776432643145636,ESA WorldCover 2021 class 80,Raw64 / Standard Random Forest,Raw64,5,predicted positive AND individual object truth / individual object truth,unweighted 10 m pixel counts,Chile,0.7,5,150,123,8,10,proto_3;proto_4;proto_5,true cosine similarity,"{""type"":""MultiPoint"",""coordinates"":[]}"
1_1_1_1_1_15,proto_1;proto_2;proto_3;proto_4;proto_5,EPSG:32718,30,0,EPSG:32718,2024,1.1,2.1,1.02,18S,spatiotemporally held-out,2025,A15,15.939898647336305,ESA WorldCover 2021 class 80,Raw64 / Standard Random Forest,Raw64,5,predicted positive AND individual object truth / individual object truth,unweighted 10 m pixel counts,Chile,0.7,5,150,123,8,10,proto_3;proto_4;proto_5,true cosine similarity,"{""type"":""MultiPoint"",""coordinates"":[]}"
1_1_1_1_1_16,proto_1;proto_2;proto_3;proto_4;proto_5,EPSG:32718,30,0,EPSG:32718,2024,1.1,2.1,1.02,18S,spatiotemporally held-out,2025,A16,19.045325435417652,ESA WorldCover 2021 class 80,Raw64 / Standard Random Forest,Raw64,5,predicted positive AND individual object truth / individual object truth,unweighted 10 m pixel counts,Chile,0.7,5,150,123,8,10,proto_3;proto_4;proto_5,true cosine similarity,"{""type"":""MultiPoint"",""coordinates"":[]}"
1_1_1_1_1_17,proto_1;proto_2;proto_3;proto_4;proto_5,EPSG:32718,30,0,EPSG:32718,2024,1.1,2.1,1.02,18S,spatiotemporally held-out,2025,A17,18.394956501846657,ESA WorldCover 2021 class 80,Raw64 / Standard Random Forest,Raw64,5,predicted positive AND individual object truth / individual object truth,unweighted 10 m pixel counts,Chile,0.7,5,150,123,8,10,proto_3;proto_4;proto_5,true cosine similarity,"{""type"":""MultiPoint"",""coordinates"":[]}"
1_1_1_1_1_18,proto_1;proto_2;proto_3;proto_4;proto_5,EPSG:32718,30,0,EPSG:32718,2024,1.1,2.1,1.02,18S,spatiotemporally held-out,2025,A18,19.353462013425975,ESA WorldCover 2021 class 80,Raw64 / Standard Random Forest,Raw64,5,predicted positive AND individual object truth / individual object truth,unweighted 10 m pixel counts,Chile,0.7,5,150,123,8,10,proto_3;proto_4;proto_5,true cosine similarity,"{""type"":""MultiPoint"",""coordinates"":[]}"
1_1_1_1_1_19,proto_1;proto_2;proto_3;proto_4;proto_5,EPSG:32718,30,0,EPSG:32718,2024,1.1,2.1,1.02,18S,spatiotemporally held-out,2025,A19,12.50348396100845,ESA WorldCover 2021 class 80,Raw64 / Standard Random Forest,Raw64,5,predicted positive AND individual object truth / individual object truth,unweighted 10 m pixel counts,Chile,0.7,5,150,123,8,10,proto_3;proto_4;proto_5,true cosine similarity,"{""type"":""MultiPoint"",""coordinates"":[]}"
1_1_1_1_1_20,proto_1;proto_2;proto_3;proto_4;proto_5,EPSG:32718,30,0,EPSG:32718,2024,1.1,2.1,1.02,18S,spatiotemporally held-out,2025,A20,15.671015723474435,ESA WorldCover 2021 class 80,Raw64 / Standard Random Forest,Raw64,5,predicted positive AND individual object truth / individual object truth,unweighted 10 m pixel counts,Chile,0.7,5,150,123,8,10,proto_3;proto_4;proto_5,true cosine similarity,"{""type"":""MultiPoint"",""coordinates"":[]}"
1_1_1_1_1_21,proto_1;proto_2;proto_3;proto_4;proto_5,EPSG:32718,30,0,EPSG:32718,2024,1.1,2.1,1.02,18S,spatiotemporally held-out,2025,A21,24.6185589820168,ESA WorldCover 2021 class 80,Raw64 / Standard Random Forest,Raw64,5,predicted positive AND individual object truth / individual object truth,unweighted 10 m pixel counts,Chile,0.7,5,150,123,8,10,proto_3;proto_4;proto_5,true cosine similarity,"{""type"":""MultiPoint"",""coordinates"":[]}"
1_1_1_1_1_22,proto_1;proto_2;proto_3;proto_4;proto_5,EPSG:32718,30,0,EPSG:32718,2024,1.1,2.1,1.02,18S,spatiotemporally held-out,2025,A22,28.306082889481456,ESA WorldCover 2021 class 80,Raw64 / Standard Random Forest,Raw64,5,predicted positive AND individual object truth / individual object truth,unweighted 10 m pixel counts,Chile,0.7,5,150,123,8,10,proto_3;proto_4;proto_5,true cosine similarity,"{""type"":""MultiPoint"",""coordinates"":[]}"
1_1_1_1_1_23,proto_1;proto_2;proto_3;proto_4;proto_5,EPSG:32718,30,0,EPSG:32718,2024,1.1,2.1,1.02,18S,spatiotemporally held-out,2025,A23,13.624767196573101,ESA WorldCover 2021 class 80,Raw64 / Standard Random Forest,Raw64,5,predicted positive AND individual object truth / individual object truth,unweighted 10 m pixel counts,Chile,0.7,5,150,123,8,10,proto_3;proto_4;proto_5,true cosine similarity,"{""type"":""MultiPoint"",""coordinates"":[]}"
1_1_1_1_1_24,proto_1;proto_2;proto_3;proto_4;proto_5,EPSG:32718,30,0,EPSG:32718,2024,1.1,2.1,1.02,18S,spatiotemporally held-out,2025,A24,10.698045944885196,ESA WorldCover 2021 class 80,Raw64 / Standard Random Forest,Raw64,5,predicted positive AND individual object truth / individual object truth,unweighted 10 m pixel counts,Chile,0.7,5,150,123,8,10,proto_3;proto_4;proto_5,true cosine similarity,"{""type"":""MultiPoint"",""coordinates"":[]}"
1_1_1_1_1_25,proto_1;proto_2;proto_3;proto_4;proto_5,EPSG:32718,30,0,EPSG:32718,2024,1.1,2.1,1.02,18S,spatiotemporally held-out,2025,A25,12.611862322650824,ESA WorldCover 2021 class 80,Raw64 / Standard Random Forest,Raw64,5,predicted positive AND individual object truth / individual object truth,unweighted 10 m pixel counts,Chile,0.7,5,150,123,8,10,proto_3;proto_4;proto_5,true cosine similarity,"{""type"":""MultiPoint"",""coordinates"":[]}"
1_1_1_1_1_26,proto_1;proto_2;proto_3;proto_4;proto_5,EPSG:32718,30,0,EPSG:32718,2024,1.1,2.1,1.02,18S,spatiotemporally held-out,2025,A26,36.42412716747353,ESA WorldCover 2021 class 80,Raw64 / Standard Random Forest,Raw64,5,predicted positive AND individual object truth / individual object truth,unweighted 10 m pixel counts,Chile,0.7,5,150,123,8,10,proto_3;proto_4;proto_5,true cosine similarity,"{""type"":""MultiPoint"",""coordinates"":[]}"
1_1_1_1_1_27,proto_1;proto_2;proto_3;proto_4;proto_5,EPSG:32718,30,0,EPSG:32718,2024,1.1,2.1,1.02,18S,spatiotemporally held-out,2025,A27,14.078856531303185,ESA WorldCover 2021 class 80,Raw64 / Standard Random Forest,Raw64,5,predicted positive AND individual object truth / individual object truth,unweighted 10 m pixel counts,Chile,0.7,5,150,123,8,10,proto_3;proto_4;proto_5,true cosine similarity,"{""type"":""MultiPoint"",""coordinates"":[]}"
1_1_1_1_1_28,proto_1;proto_2;proto_3;proto_4;proto_5,EPSG:32718,30,0,EPSG:32718,2024,1.1,2.1,1.02,18S,spatiotemporally held-out,2025,A28,14.73674482936421,ESA WorldCover 2021 class 80,Raw64 / Standard Random Forest,Raw64,5,predicted positive AND individual object truth / individual object truth,unweighted 10 m pixel counts,Chile,0.7,5,150,123,8,10,proto_3;proto_4;proto_5,true cosine similarity,"{""type"":""MultiPoint"",""coordinates"":[]}"
1_1_1_1_1_29,proto_1;proto_2;proto_3;proto_4;proto_5,EPSG:32718,30,0,EPSG:32718,2024,1.1,2.1,1.02,18S,spatiotemporally held-out,2025,A29,9.995269892194429,ESA WorldCover 2021 class 80,Raw64 / Standard Random Forest,Raw64,5,predicted positive AND individual object truth / individual object truth,unweighted 10 m pixel counts,Chile,0.7,5,150,123,8,10,proto_3;proto_4;proto_5,true cosine similarity,"{""type"":""MultiPoint"",""coordinates"":[]}"
1_1_1_1_1_30,proto_1;proto_2;proto_3;proto_4;proto_5,EPSG:32718,30,0,EPSG:32718,2024,1.1,2.1,1.02,18S,spatiotemporally held-out,2025,A30,21.427200402745356,ESA WorldCover 2021 class 80,Raw64 / Standard Random Forest,Raw64,5,predicted positive AND individual object truth / individual object truth,unweighted 10 m pixel counts,Chile,0.7,5,150,123,8,10,proto_3;proto_4;proto_5,true cosine similarity,"{""type"":""MultiPoint"",""coordinates"":[]}"
1_1_1_1_1_31,proto_1;proto_2;proto_3;proto_4;proto_5,EPSG:32718,30,0,EPSG:32718,2024,1.1,2.1,1.02,18S,spatiotemporally held-out,2025,A31,24.918597929423825,ESA WorldCover 2021 class 80,Raw64 / Standard Random Forest,Raw64,5,predicted positive AND individual object truth / individual object truth,unweighted 10 m pixel counts,Chile,0.7,5,150,123,8,10,proto_3;proto_4;proto_5,true cosine similarity,"{""type"":""MultiPoint"",""coordinates"":[]}"
1_1_1_1_1_32,proto_1;proto_2;proto_3;proto_4;proto_5,EPSG:32718,30,0,EPSG:32718,2024,1.1,2.1,1.02,18S,spatiotemporally held-out,2025,A32,15.123922062944233,ESA WorldCover 2021 class 80,Raw64 / Standard Random Forest,Raw64,5,predicted positive AND individual object truth / individual object truth,unweighted 10 m pixel counts,Chile,0.7,5,150,123,8,10,proto_3;proto_4;proto_5,true cosine similarity,"{""type"":""MultiPoint"",""coordinates"":[]}"
1_1_1_1_1_33,proto_1;proto_2;proto_3;proto_4;proto_5,EPSG:32718,30,0,EPSG:32718,2024,1.1,2.1,1.02,18S,spatiotemporally held-out,2025,A33,13.346252324200448,ESA WorldCover 2021 class 80,Raw64 / Standard Random Forest,Raw64,5,predicted positive AND individual object truth / individual object truth,unweighted 10 m pixel counts,Chile,0.7,5,150,123,8,10,proto_3;proto_4;proto_5,true cosine similarity,"{""type"":""MultiPoint"",""coordinates"":[]}"
1_1_1_1_1_34,proto_1;proto_2;proto_3;proto_4;proto_5,EPSG:32718,30,0,EPSG:32718,2024,1.1,2.1,1.02,18S,spatiotemporally held-out,2025,A34,11.037447860547692,ESA WorldCover 2021 class 80,Raw64 / Standard Random Forest,Raw64,5,predicted positive AND individual object truth / individual object truth,unweighted 10 m pixel counts,Chile,0.7,5,150,123,8,10,proto_3;proto_4;proto_5,true cosine similarity,"{""type"":""MultiPoint"",""coordinates"":[]}"
1_1_1_1_1_35,proto_1;proto_2;proto_3;proto_4;proto_5,EPSG:32718,30,0,EPSG:32718,2024,1.1,2.1,1.02,18S,spatiotemporally held-out,2025,A35,15.934648358192142,ESA WorldCover 2021 class 80,Raw64 / Standard Random Forest,Raw64,5,predicted positive AND individual object truth / individual object truth,unweighted 10 m pixel counts,Chile,0.7,5,150,123,8,10,proto_3;proto_4;proto_5,true cosine similarity,"{""type"":""MultiPoint"",""coordinates"":[]}"
1_1_1_1_1_36,proto_1;proto_2;proto_3;proto_4;proto_5,EPSG:32718,30,0,EPSG:32718,2024,1.1,2.1,1.02,18S,spatiotemporally held-out,2025,A36,19.70644781631968,ESA WorldCover 2021 class 80,Raw64 / Standard Random Forest,Raw64,5,predicted positive AND individual object truth / individual object truth,unweighted 10 m pixel counts,Chile,0.7,5,150,123,8,10,proto_3;proto_4;proto_5,true cosine similarity,"{""type"":""MultiPoint"",""coordinates"":[]}"
1_1_1_1_1_37,proto_1;proto_2;proto_3;proto_4;proto_5,EPSG:32718,30,0,EPSG:32718,2024,1.1,2.1,1.02,18S,spatiotemporally held-out,2025,A37,16.408619320113186,ESA WorldCover 2021 class 80,Raw64 / Standard Random Forest,Raw64,5,predicted positive AND individual object truth / individual object truth,unweighted 10 m pixel counts,Chile,0.7,5,150,123,8,10,proto_3;proto_4;proto_5,true cosine similarity,"{""type"":""MultiPoint"",""coordinates"":[]}"
1_1_1_1_1_38,proto_1;proto_2;proto_3;proto_4;proto_5,EPSG:32718,30,0,EPSG:32718,2024,1.1,2.1,1.02,18S,spatiotemporally held-out,2025,A38,13.673429635551209,ESA WorldCover 2021 class 80,Raw64 / Standard Random Forest,Raw64,5,predicted positive AND individual object truth / individual object truth,unweighted 10 m pixel counts,Chile,0.7,5,150,123,8,10,proto_3;proto_4;proto_5,true cosine similarity,"{""type"":""MultiPoint"",""coordinates"":[]}"
1_1_1_1_1_39,proto_1;proto_2;proto_3;proto_4;proto_5,EPSG:32718,30,0,EPSG:32718,2024,1.1,2.1,1.02,18S,spatiotemporally held-out,2025,A39,15.283188501362208,ESA WorldCover 2021 class 80,Raw64 / Standard Random Forest,Raw64,5,predicted positive AND individual object truth / individual object truth,unweighted 10 m pixel counts,Chile,0.7,5,150,123,8,10,proto_3;proto_4;proto_5,true cosine similarity,"{""type"":""MultiPoint"",""coordinates"":[]}"
1_1_1_1_1_40,proto_1;proto_2;proto_3;proto_4;proto_5,EPSG:32718,30,0,EPSG:32718,2024,1.1,2.1,1.02,18S,spatiotemporally held-out,2025,A40,13.917938937410296,ESA WorldCover 2021 class 80,Raw64 / Standard Random Forest,Raw64,5,predicted positive AND individual object truth / individual object truth,unweighted 10 m pixel counts,Chile,0.7,5,150,123,8,10,proto_3;proto_4;proto_5,true cosine similarity,"{""type"":""MultiPoint"",""coordinates"":[]}"
1_1_1_1_1_41,proto_1;proto_2;proto_3;proto_4;proto_5,EPSG:32718,30,0,EPSG:32718,2024,1.1,2.1,1.02,18S,spatiotemporally held-out,2025,A41,13.732360056051657,ESA WorldCover 2021 class 80,Raw64 / Standard Random Forest,Raw64,5,predicted positive AND individual object truth / individual object truth,unweighted 10 m pixel counts,Chile,0.7,5,150,123,8,10,proto_3;proto_4;proto_5,true cosine similarity,"{""type"":""MultiPoint"",""coordinates"":[]}"
1_1_1_1_1_42,proto_1;proto_2;proto_3;proto_4;proto_5,EPSG:32718,30,0,EPSG:32718,2024,1.1,2.1,1.02,18S,spatiotemporally held-out,2025,A42,11.096191563634191,ESA WorldCover 2021 class 80,Raw64 / Standard Random Forest,Raw64,5,predicted positive AND individual object truth / individual object truth,unweighted 10 m pixel counts,Chile,0.7,5,150,123,8,10,proto_3;proto_4;proto_5,true cosine similarity,"{""type"":""MultiPoint"",""coordinates"":[]}"
1_1_1_1_1_43,proto_1;proto_2;proto_3;proto_4;proto_5,EPSG:32718,30,0,EPSG:32718,2024,1.1,2.1,1.02,18S,spatiotemporally held-out,2025,A43,14.623574787409192,ESA WorldCover 2021 class 80,Raw64 / Standard Random Forest,Raw64,5,predicted positive AND individual object truth / individual object truth,unweighted 10 m pixel counts,Chile,0.7,5,150,123,8,10,proto_3;proto_4;proto_5,true cosine similarity,"{""type"":""MultiPoint"",""coordinates"":[]}"
1_1_1_1_1_44,proto_1;proto_2;proto_3;proto_4;proto_5,EPSG:32718,30,0,EPSG:32718,2024,1.1,2.1,1.02,18S,spatiotemporally held-out,2025,A44,15.170352547256782,ESA WorldCover 2021 class 80,Raw64 / Standard Random Forest,Raw64,5,predicted positive AND individual object truth / individual object truth,unweighted 10 m pixel counts,Chile,0.7,5,150,123,8,10,proto_3;proto_4;proto_5,true cosine similarity,"{""type"":""MultiPoint"",""coordinates"":[]}"
1_1_1_1_1_45,proto_1;proto_2;proto_3;proto_4;proto_5,EPSG:32718,30,0,EPSG:32718,2024,1.1,2.1,1.02,18S,spatiotemporally held-out,2025,A45,21.247741933029253,ESA WorldCover 2021 class 80,Raw64 / Standard Random Forest,Raw64,5,predicted positive AND individual object truth / individual object truth,unweighted 10 m pixel counts,Chile,0.7,5,150,123,8,10,proto_3;proto_4;proto_5,true cosine similarity,"{""type"":""MultiPoint"",""coordinates"":[]}"
1_1_1_1_1_46,proto_1;proto_2;proto_3;proto_4;proto_5,EPSG:32718,30,0,EPSG:32718,2024,1.1,2.1,1.02,18S,spatiotemporally held-out,2025,A46,14.730222925160978,ESA WorldCover 2021 class 80,Raw64 / Standard Random Forest,Raw64,5,predicted positive AND individual object truth / individual object truth,unweighted 10 m pixel counts,Chile,0.7,5,150,123,8,10,proto_3;proto_4;proto_5,true cosine similarity,"{""type"":""MultiPoint"",""coordinates"":[]}"
1_1_1_1_1_47,proto_1;proto_2;proto_3;proto_4;proto_5,EPSG:32718,30,0,EPSG:32718,2024,1.1,2.1,1.02,18S,spatiotemporally held-out,2025,A47,21.770600200156032,ESA WorldCover 2021 class 80,Raw64 / Standard Random Forest,Raw64,5,predicted positive AND individual object truth / individual object truth,unweighted 10 m pixel counts,Chile,0.7,5,150,123,8,10,proto_3;proto_4;proto_5,true cosine similarity,"{""type"":""MultiPoint"",""coordinates"":[]}"
1_1_1_1_1_48,proto_1;proto_2;proto_3;proto_4;proto_5,EPSG:32718,30,0,EPSG:32718,2024,1.1,2.1,1.02,18S,spatiotemporally held-out,2025,A48,17.87708935172433,ESA WorldCover 2021 class 80,Raw64 / Standard Random Forest,Raw64,5,predicted positive AND individual object truth / individual object truth,unweighted 10 m pixel counts,Chile,0.7,5,150,123,8,10,proto_3;proto_4;proto_5,true cosine similarity,"{""type"":""MultiPoint"",""coordinates"":[]}"
1_1_1_1_1_49,proto_1;proto_2;proto_3;proto_4;proto_5,EPSG:32718,30,0,EPSG:32718,2024,1.1,2.1,1.02,18S,spatiotemporally held-out,2025,A49,13.42797359049541,ESA WorldCover 2021 class 80,Raw64 / Standard Random Forest,Raw64,5,predicted positive AND individual object truth / individual object truth,unweighted 10 m pixel counts,Chile,0.7,5,150,123,8,10,proto_3;proto_4;proto_5,true cosine similarity,"{""type"":""MultiPoint"",""coordinates"":[]}"
1_1_1_1_1_50,proto_1;proto_2;proto_3;proto_4;proto_5,EPSG:32718,30,0,EPSG:32718,2024,1.1,2.1,1.02,18S,spatiotemporally held-out,2025,A50,34.78597642128763,ESA WorldCover 2021 class 80,Raw64 / Standard Random Forest,Raw64,5,predicted positive AND individual object truth / individual object truth,unweighted 10 m pixel counts,Chile,0.7,5,150,123,8,10,proto_3;proto_4;proto_5,true cosine similarity,"{""type"":""MultiPoint"",""coordinates"":[]}"
1_1_1_1_1_51,proto_1;proto_2;proto_3;proto_4;proto_5,EPSG:32718,30,0,EPSG:32718,2024,1.1,2.1,1.02,18S,spatiotemporally held-out,2025,A51,9.50145038132567,ESA WorldCover 2021 class 80,Raw64 / Standard Random Forest,Raw64,5,predicted positive AND individual object truth / individual object truth,unweighted 10 m pixel counts,Chile,0.7,5,150,123,8,10,proto_3;proto_4;proto_5,true cosine similarity,"{""type"":""MultiPoint"",""coordinates"":[]}"
1_1_1_1_1_52,proto_1;proto_2;proto_3;proto_4;proto_5,EPSG:32718,30,0,EPSG:32718,2024,1.1,2.1,1.02,18S,spatiotemporally held-out,2025,A52,18.378447745991807,ESA WorldCover 2021 class 80,Raw64 / Standard Random Forest,Raw64,5,predicted positive AND individual object truth / individual object truth,unweighted 10 m pixel counts,Chile,0.7,5,150,123,8,10,proto_3;proto_4;proto_5,true cosine similarity,"{""type"":""MultiPoint"",""coordinates"":[]}"
1_1_1_1_1_53,proto_1;proto_2;proto_3;proto_4;proto_5,EPSG:32718,30,0,EPSG:32718,2024,1.1,2.1,1.02,18S,spatiotemporally held-out,2025,A53,20.193818806180357,ESA WorldCover 2021 class 80,Raw64 / Standard Random Forest,Raw64,5,predicted positive AND individual object truth / individual object truth,unweighted 10 m pixel counts,Chile,0.7,5,150,123,8,10,proto_3;proto_4;proto_5,true cosine similarity,"{""type"":""MultiPoint"",""coordinates"":[]}"
1_1_1_1_1_54,proto_1;proto_2;proto_3;proto_4;proto_5,EPSG:32718,30,0,EPSG:32718,2024,1.1,2.1,1.02,18S,spatiotemporally held-out,2025,A54,9.713949172686352,ESA WorldCover 2021 class 80,Raw64 / Standard Random Forest,Raw64,5,predicted positive AND individual object truth / individual object truth,unweighted 10 m pixel counts,Chile,0.7,5,150,123,8,10,proto_3;proto_4;proto_5,true cosine similarity,"{""type"":""MultiPoint"",""coordinates"":[]}"
1_1_1_1_1_55,proto_1;proto_2;proto_3;proto_4;proto_5,EPSG:32718,30,0,EPSG:32718,2024,1.1,2.1,1.02,18S,spatiotemporally held-out,2025,A55,22.82571666247763,ESA WorldCover 2021 class 80,Raw64 / Standard Random Forest,Raw64,5,predicted positive AND individual object truth / individual object truth,unweighted 10 m pixel counts,Chile,0.7,5,150,123,8,10,proto_3;proto_4;proto_5,true cosine similarity,"{""type"":""MultiPoint"",""coordinates"":[]}"
1_1_1_1_1_56,proto_1;proto_2;proto_3;proto_4;proto_5,EPSG:32718,30,0,EPSG:32718,2024,1.1,2.1,1.02,18S,spatiotemporally held-out,2025,A56,13.942953628589988,ESA WorldCover 2021 class 80,Raw64 / Standard Random Forest,Raw64,5,predicted positive AND individual object truth / individual object truth,unweighted 10 m pixel counts,Chile,0.7,5,150,123,8,10,proto_3;proto_4;proto_5,true cosine similarity,"{""type"":""MultiPoint"",""coordinates"":[]}"
1_1_1_1_1_57,proto_1;proto_2;proto_3;proto_4;proto_5,EPSG:32718,30,0,EPSG:32718,2024,1.1,2.1,1.02,18S,spatiotemporally held-out,2025,A57,19.132117852598444,ESA WorldCover 2021 class 80,Raw64 / Standard Random Forest,Raw64,5,predicted positive AND individual object truth / individual object truth,unweighted 10 m pixel counts,Chile,0.7,5,150,123,8,10,proto_3;proto_4;proto_5,true cosine similarity,"{""type"":""MultiPoint"",""coordinates"":[]}"
1_1_1_1_1_58,proto_1;proto_2;proto_3;proto_4;proto_5,EPSG:32718,30,0,EPSG:32718,2024,1.1,2.1,1.02,18S,spatiotemporally held-out,2025,A58,14.694709215243611,ESA WorldCover 2021 class 80,Raw64 / Standard Random Forest,Raw64,5,predicted positive AND individual object truth / individual object truth,unweighted 10 m pixel counts,Chile,0.7,5,150,123,8,10,proto_3;proto_4;proto_5,true cosine similarity,"{""type"":""MultiPoint"",""coordinates"":[]}"
1_1_1_1_1_59,proto_1;proto_2;proto_3;proto_4;proto_5,EPSG:32718,30,0,EPSG:32718,2024,1.1,2.1,1.02,18S,spatiotemporally held-out,2025,A59,22.852588042043205,ESA WorldCover 2021 class 80,Raw64 / Standard Random Forest,Raw64,5,predicted positive AND individual object truth / individual object truth,unweighted 10 m pixel counts,Chile,0.7,5,150,123,8,10,proto_3;proto_4;proto_5,true cosine similarity,"{""type"":""MultiPoint"",""coordinates"":[]}"
1_1_1_1_1_60,proto_1;proto_2;proto_3;proto_4;proto_5,EPSG:32718,30,0,EPSG:32718,2024,1.1,2.1,1.02,18S,spatiotemporally held-out,2025,A60,8.699449002503883,ESA WorldCover 2021 class 80,Raw64 / Standard Random Forest,Raw64,5,predicted positive AND individual object truth / individual object truth,unweighted 10 m pixel counts,Chile,0.7,5,150,123,8,10,proto_3;proto_4;proto_5,true cosine similarity,"{""type"":""MultiPoint"",""coordinates"":[]}"
1_1_1_1_1_61,proto_1;proto_2;proto_3;proto_4;proto_5,EPSG:32718,30,0,EPSG:32718,2024,1.1,2.1,1.02,18S,spatiotemporally held-out,2025,A61,13.865534954127337,ESA WorldCover 2021 class 80,Raw64 / Standard Random Forest,Raw64,5,predicted positive AND individual object truth / individual object truth,unweighted 10 m pixel counts,Chile,0.7,5,150,123,8,10,proto_3;proto_4;proto_5,true cosine similarity,"{""type"":""MultiPoint"",""coordinates"":[]}"
1_1_1_1_1_62,proto_1;proto_2;proto_3;proto_4;proto_5,EPSG:32718,30,0,EPSG:32718,2024,1.1,2.1,1.02,18S,spatiotemporally held-out,2025,A62,13.755133498929641,ESA WorldCover 2021 class 80,Raw64 / Standard Random Forest,Raw64,5,predicted positive AND individual object truth / individual object truth,unweighted 10 m pixel counts,Chile,0.7,5,150,123,8,10,proto_3;proto_4;proto_5,true cosine similarity,"{""type"":""MultiPoint"",""coordinates"":[]}"
1_1_1_1_1_63,proto_1;proto_2;proto_3;proto_4;proto_5,EPSG:32718,30,0,EPSG:32718,2024,1.1,2.1,1.02,18S,spatiotemporally held-out,2025,A63,9.431256923343101,ESA WorldCover 2021 class 80,Raw64 / Standard Random Forest,Raw64,5,predicted positive AND individual object truth / individual object truth,unweighted 10 m pixel counts,Chile,0.7,5,150,123,8,10,proto_3;proto_4;proto_5,true cosine similarity,"{""type"":""MultiPoint"",""coordinates"":[]}"
1_1_1_1_2_0,proto_1;proto_2;proto_3;proto_4;proto_5,EPSG:32718,30,0,EPSG:32718,2024,1.1,2.1,1.02,18S,spatiotemporally held-out,2025,A00,15.686756525460934,ESA WorldCover 2021 class 80,Raw64 + class similarities,Raw64_ClassSimilarity,5,predicted positive AND individual object truth / individual object truth,unweighted 10 m pixel counts,Chile,0.7,5,150,123,8,10,proto_3;proto_4;proto_5,true cosine similarity,"{""type"":""MultiPoint"",""coordinates"":[]}"
1_1_1_1_2_1,proto_1;proto_2;proto_3;proto_4;proto_5,EPSG:32718,30,0,EPSG:32718,2024,1.1,2.1,1.02,18S,spatiotemporally held-out,2025,A01,8.814112680925133,ESA WorldCover 2021 class 80,Raw64 + class similarities,Raw64_ClassSimilarity,5,predicted positive AND individual object truth / individual object truth,unweighted 10 m pixel counts,Chile,0.7,5,150,123,8,10,proto_3;proto_4;proto_5,true cosine similarity,"{""type"":""MultiPoint"",""coordinates"":[]}"
1_1_1_1_2_2,proto_1;proto_2;proto_3;proto_4;proto_5,EPSG:32718,30,0,EPSG:32718,2024,1.1,2.1,1.02,18S,spatiotemporally held-out,2025,A02,46.47246043347377,ESA WorldCover 2021 class 80,Raw64 + class similarities,Raw64_ClassSimilarity,5,predicted positive AND individual object truth / individual object truth,unweighted 10 m pixel counts,Chile,0.7,5,150,123,8,10,proto_3;proto_4;proto_5,true cosine similarity,"{""type"":""MultiPoint"",""coordinates"":[]}"
1_1_1_1_2_3,proto_1;proto_2;proto_3;proto_4;proto_5,EPSG:32718,30,0,EPSG:32718,2024,1.1,2.1,1.02,18S,spatiotemporally held-out,2025,A03,18.122715119159015,ESA WorldCover 2021 class 80,Raw64 + class similarities,Raw64_ClassSimilarity,5,predicted positive AND individual object truth / individual object truth,unweighted 10 m pixel counts,Chile,0.7,5,150,123,8,10,proto_3;proto_4;proto_5,true cosine similarity,"{""type"":""MultiPoint"",""coordinates"":[]}"
1_1_1_1_2_4,proto_1;proto_2;proto_3;proto_4;proto_5,EPSG:32718,30,0,EPSG:32718,2024,1.1,2.1,1.02,18S,spatiotemporally held-out,2025,A04,14.019776365480464,ESA WorldCover 2021 class 80,Raw64 + class similarities,Raw64_ClassSimilarity,5,predicted positive AND individual object truth / individual object truth,unweighted 10 m pixel counts,Chile,0.7,5,150,123,8,10,proto_3;proto_4;proto_5,true cosine similarity,"{""type"":""MultiPoint"",""coordinates"":[]}"
1_1_1_1_2_5,proto_1;proto_2;proto_3;proto_4;proto_5,EPSG:32718,30,0,EPSG:32718,2024,1.1,2.1,1.02,18S,spatiotemporally held-out,2025,A05,12.383811184099965,ESA WorldCover 2021 class 80,Raw64 + class similarities,Raw64_ClassSimilarity,5,predicted positive AND individual object truth / individual object truth,unweighted 10 m pixel counts,Chile,0.7,5,150,123,8,10,proto_3;proto_4;proto_5,true cosine similarity,"{""type"":""MultiPoint"",""coordinates"":[]}"
1_1_1_1_2_6,proto_1;proto_2;proto_3;proto_4;proto_5,EPSG:32718,30,0,EPSG:32718,2024,1.1,2.1,1.02,18S,spatiotemporally held-out,2025,A06,17.740369977527262,ESA WorldCover 2021 class 80,Raw64 + class similarities,Raw64_ClassSimilarity,5,predicted positive AND individual object truth / individual object truth,unweighted 10 m pixel counts,Chile,0.7,5,150,123,8,10,proto_3;proto_4;proto_5,true cosine similarity,"{""type"":""MultiPoint"",""coordinates"":[]}"
1_1_1_1_2_7,proto_1;proto_2;proto_3;proto_4;proto_5,EPSG:32718,30,0,EPSG:32718,2024,1.1,2.1,1.02,18S,spatiotemporally held-out,2025,A07,18.56859820486908,ESA WorldCover 2021 class 80,Raw64 + class similarities,Raw64_ClassSimilarity,5,predicted positive AND individual object truth / individual object truth,unweighted 10 m pixel counts,Chile,0.7,5,150,123,8,10,proto_3;proto_4;proto_5,true cosine similarity,"{""type"":""MultiPoint"",""coordinates"":[]}"
1_1_1_1_2_8,proto_1;proto_2;proto_3;proto_4;proto_5,EPSG:32718,30,0,EPSG:32718,2024,1.1,2.1,1.02,18S,spatiotemporally held-out,2025,A08,11.366460347132039,ESA WorldCover 2021 class 80,Raw64 + class similarities,Raw64_ClassSimilarity,5,predicted positive AND individual object truth / individual object truth,unweighted 10 m pixel counts,Chile,0.7,5,150,123,8,10,proto_3;proto_4;proto_5,true cosine similarity,"{""type"":""MultiPoint"",""coordinates"":[]}"
1_1_1_1_2_9,proto_1;proto_2;proto_3;proto_4;proto_5,EPSG:32718,30,0,EPSG:32718,2024,1.1,2.1,1.02,18S,spatiotemporally held-out,2025,A09,12.792114250373217,ESA WorldCover 2021 class 80,Raw64 + class similarities,Raw64_ClassSimilarity,5,predicted positive AND individual object truth / individual object truth,unweighted 10 m pixel counts,Chile,0.7,5,150,123,8,10,proto_3;proto_4;proto_5,true cosine similarity,"{""type"":""MultiPoint"",""coordinates"":[]}"
1_1_1_1_2_10,proto_1;proto_2;proto_3;proto_4;proto_5,EPSG:32718,30,0,EPSG:32718,2024,1.1,2.1,1.02,18S,spatiotemporally held-out,2025,A10,16.029909098561827,ESA WorldCover 2021 class 80,Raw64 + class similarities,Raw64_ClassSimilarity,5,predicted positive AND individual object truth / individual object truth,unweighted 10 m pixel counts,Chile,0.7,5,150,123,8,10,proto_3;proto_4;proto_5,true cosine similarity,"{""type"":""MultiPoint"",""coordinates"":[]}"
1_1_1_1_2_11,proto_1;proto_2;proto_3;proto_4;proto_5,EPSG:32718,30,0,EPSG:32718,2024,1.1,2.1,1.02,18S,spatiotemporally held-out,2025,A11,8.671193877663967,ESA WorldCover 2021 class 80,Raw64 + class similarities,Raw64_ClassSimilarity,5,predicted positive AND individual object truth / individual object truth,unweighted 10 m pixel counts,Chile,0.7,5,150,123,8,10,proto_3;proto_4;proto_5,true cosine similarity,"{""type"":""MultiPoint"",""coordinates"":[]}"
1_1_1_1_2_12,proto_1;proto_2;proto_3;proto_4;proto_5,EPSG:32718,30,0,EPSG:32718,2024,1.1,2.1,1.02,18S,spatiotemporally held-out,2025,A12,15.186076280057126,ESA WorldCover 2021 class 80,Raw64 + class similarities,Raw64_ClassSimilarity,5,predicted positive AND individual object truth / individual object truth,unweighted 10 m pixel counts,Chile,0.7,5,150,123,8,10,proto_3;proto_4;proto_5,true cosine similarity,"{""type"":""MultiPoint"",""coordinates"":[]}"
1_1_1_1_2_13,proto_1;proto_2;proto_3;proto_4;proto_5,EPSG:32718,30,0,EPSG:32718,2024,1.1,2.1,1.02,18S,spatiotemporally held-out,2025,A13,10.948259099990446,ESA WorldCover 2021 class 80,Raw64 + class similarities,Raw64_ClassSimilarity,5,predicted positive AND individual object truth / individual object truth,unweighted 10 m pixel counts,Chile,0.7,5,150,123,8,10,proto_3;proto_4;proto_5,true cosine similarity,"{""type"":""MultiPoint"",""coordinates"":[]}"
1_1_1_1_2_14,proto_1;proto_2;proto_3;proto_4;proto_5,EPSG:32718,30,0,EPSG:32718,2024,1.1,2.1,1.02,18S,spatiotemporally held-out,2025,A14,8.880325776582241,ESA WorldCover 2021 class 80,Raw64 + class similarities,Raw64_ClassSimilarity,5,predicted positive AND individual object truth / individual object truth,unweighted 10 m pixel counts,Chile,0.7,5,150,123,8,10,proto_3;proto_4;proto_5,true cosine similarity,"{""type"":""MultiPoint"",""coordinates"":[]}"
1_1_1_1_2_15,proto_1;proto_2;proto_3;proto_4;proto_5,EPSG:32718,30,0,EPSG:32718,2024,1.1,2.1,1.02,18S,spatiotemporally held-out,2025,A15,12.610641472454521,ESA WorldCover 2021 class 80,Raw64 + class similarities,Raw64_ClassSimilarity,5,predicted positive AND individual object truth / individual object truth,unweighted 10 m pixel counts,Chile,0.7,5,150,123,8,10,proto_3;proto_4;proto_5,true cosine similarity,"{""type"":""MultiPoint"",""coordinates"":[]}"
1_1_1_1_2_16,proto_1;proto_2;proto_3;proto_4;proto_5,EPSG:32718,30,0,EPSG:32718,2024,1.1,2.1,1.02,18S,spatiotemporally held-out,2025,A16,16.47628870926713,ESA WorldCover 2021 class 80,Raw64 + class similarities,Raw64_ClassSimilarity,5,predicted positive AND individual object truth / individual object truth,unweighted 10 m pixel counts,Chile,0.7,5,150,123,8,10,proto_3;proto_4;proto_5,true cosine similarity,"{""type"":""MultiPoint"",""coordinates"":[]}"
1_1_1_1_2_17,proto_1;proto_2;proto_3;proto_4;proto_5,EPSG:32718,30,0,EPSG:32718,2024,1.1,2.1,1.02,18S,spatiotemporally held-out,2025,A17,14.243698618880812,ESA WorldCover 2021 class 80,Raw64 + class similarities,Raw64_ClassSimilarity,5,predicted positive AND individual object truth / individual object truth,unweighted 10 m pixel counts,Chile,0.7,5,150,123,8,10,proto_3;proto_4;proto_5,true cosine similarity,"{""type"":""MultiPoint"",""coordinates"":[]}"
1_1_1_1_2_18,proto_1;proto_2;proto_3;proto_4;proto_5,EPSG:32718,30,0,EPSG:32718,2024,1.1,2.1,1.02,18S,spatiotemporally held-out,2025,A18,18.47978501758869,ESA WorldCover 2021 class 80,Raw64 + class similarities,Raw64_ClassSimilarity,5,predicted positive AND individual object truth / individual object truth,unweighted 10 m pixel counts,Chile,0.7,5,150,123,8,10,proto_3;proto_4;proto_5,true cosine similarity,"{""type"":""MultiPoint"",""coordinates"":[]}"
1_1_1_1_2_19,proto_1;proto_2;proto_3;proto_4;proto_5,EPSG:32718,30,0,EPSG:32718,2024,1.1,2.1,1.02,18S,spatiotemporally held-out,2025,A19,14.965906822513643,ESA WorldCover 2021 class 80,Raw64 + class similarities,Raw64_ClassSimilarity,5,predicted positive AND individual object truth / individual object truth,unweighted 10 m pixel counts,Chile,0.7,5,150,123,8,10,proto_3;proto_4;proto_5,true cosine similarity,"{""type"":""MultiPoint"",""coordinates"":[]}"
1_1_1_1_2_20,proto_1;proto_2;proto_3;proto_4;proto_5,EPSG:32718,30,0,EPSG:32718,2024,1.1,2.1,1.02,18S,spatiotemporally held-out,2025,A20,13.820409604677579,ESA WorldCover 2021 class 80,Raw64 + class similarities,Raw64_ClassSimilarity,5,predicted positive AND individual object truth / individual object truth,unweighted 10 m pixel counts,Chile,0.7,5,150,123,8,10,proto_3;proto_4;proto_5,true cosine similarity,"{""type"":""MultiPoint"",""coordinates"":[]}"
1_1_1_1_2_21,proto_1;proto_2;proto_3;proto_4;proto_5,EPSG:32718,30,0,EPSG:32718,2024,1.1,2.1,1.02,18S,spatiotemporally held-out,2025,A21,22.362153219588304,ESA WorldCover 2021 class 80,Raw64 + class similarities,Raw64_ClassSimilarity,5,predicted positive AND individual object truth / individual object truth,unweighted 10 m pixel counts,Chile,0.7,5,150,123,8,10,proto_3;proto_4;proto_5,true cosine similarity,"{""type"":""MultiPoint"",""coordinates"":[]}"
1_1_1_1_2_22,proto_1;proto_2;proto_3;proto_4;proto_5,EPSG:32718,30,0,EPSG:32718,2024,1.1,2.1,1.02,18S,spatiotemporally held-out,2025,A22,30.022786655877642,ESA WorldCover 2021 class 80,Raw64 + class similarities,Raw64_ClassSimilarity,5,predicted positive AND individual object truth / individual object truth,unweighted 10 m pixel counts,Chile,0.7,5,150,123,8,10,proto_3;proto_4;proto_5,true cosine similarity,"{""type"":""MultiPoint"",""coordinates"":[]}"
1_1_1_1_2_23,proto_1;proto_2;proto_3;proto_4;proto_5,EPSG:32718,30,0,EPSG:32718,2024,1.1,2.1,1.02,18S,spatiotemporally held-out,2025,A23,7.754546897576467,ESA WorldCover 2021 class 80,Raw64 + class similarities,Raw64_ClassSimilarity,5,predicted positive AND individual object truth / individual object truth,unweighted 10 m pixel counts,Chile,0.7,5,150,123,8,10,proto_3;proto_4;proto_5,true cosine similarity,"{""type"":""MultiPoint"",""coordinates"":[]}"
1_1_1_1_2_24,proto_1;proto_2;proto_3;proto_4;proto_5,EPSG:32718,30,0,EPSG:32718,2024,1.1,2.1,1.02,18S,spatiotemporally held-out,2025,A24,9.255912423633468,ESA WorldCover 2021 class 80,Raw64 + class similarities,Raw64_ClassSimilarity,5,predicted positive AND individual object truth / individual object truth,unweighted 10 m pixel counts,Chile,0.7,5,150,123,8,10,proto_3;proto_4;proto_5,true cosine similarity,"{""type"":""MultiPoint"",""coordinates"":[]}"
1_1_1_1_2_25,proto_1;proto_2;proto_3;proto_4;proto_5,EPSG:32718,30,0,EPSG:32718,2024,1.1,2.1,1.02,18S,spatiotemporally held-out,2025,A25,12.281404614016832,ESA WorldCover 2021 class 80,Raw64 + class similarities,Raw64_ClassSimilarity,5,predicted positive AND individual object truth / individual object truth,unweighted 10 m pixel counts,Chile,0.7,5,150,123,8,10,proto_3;proto_4;proto_5,true cosine similarity,"{""type"":""MultiPoint"",""coordinates"":[]}"
1_1_1_1_2_26,proto_1;proto_2;proto_3;proto_4;proto_5,EPSG:32718,30,0,EPSG:32718,2024,1.1,2.1,1.02,18S,spatiotemporally held-out,2025,A26,30.204271574975234,ESA WorldCover 2021 class 80,Raw64 + class similarities,Raw64_ClassSimilarity,5,predicted positive AND individual object truth / individual object truth,unweighted 10 m pixel counts,Chile,0.7,5,150,123,8,10,proto_3;proto_4;proto_5,true cosine similarity,"{""type"":""MultiPoint"",""coordinates"":[]}"
1_1_1_1_2_27,proto_1;proto_2;proto_3;proto_4;proto_5,EPSG:32718,30,0,EPSG:32718,2024,1.1,2.1,1.02,18S,spatiotemporally held-out,2025,A27,15.60280540959523,ESA WorldCover 2021 class 80,Raw64 + class similarities,Raw64_ClassSimilarity,5,predicted positive AND individual object truth / individual object truth,unweighted 10 m pixel counts,Chile,0.7,5,150,123,8,10,proto_3;proto_4;proto_5,true cosine similarity,"{""type"":""MultiPoint"",""coordinates"":[]}"
1_1_1_1_2_28,proto_1;proto_2;proto_3;proto_4;proto_5,EPSG:32718,30,0,EPSG:32718,2024,1.1,2.1,1.02,18S,spatiotemporally held-out,2025,A28,13.618631437775809,ESA WorldCover 2021 class 80,Raw64 + class similarities,Raw64_ClassSimilarity,5,predicted positive AND individual object truth / individual object truth,unweighted 10 m pixel counts,Chile,0.7,5,150,123,8,10,proto_3;proto_4;proto_5,true cosine similarity,"{""type"":""MultiPoint"",""coordinates"":[]}"
1_1_1_1_2_29,proto_1;proto_2;proto_3;proto_4;proto_5,EPSG:32718,30,0,EPSG:32718,2024,1.1,2.1,1.02,18S,spatiotemporally held-out,2025,A29,10.5905325484255,ESA WorldCover 2021 class 80,Raw64 + class similarities,Raw64_ClassSimilarity,5,predicted positive AND individual object truth / individual object truth,unweighted 10 m pixel counts,Chile,0.7,5,150,123,8,10,proto_3;proto_4;proto_5,true cosine similarity,"{""type"":""MultiPoint"",""coordinates"":[]}"
1_1_1_1_2_30,proto_1;proto_2;proto_3;proto_4;proto_5,EPSG:32718,30,0,EPSG:32718,2024,1.1,2.1,1.02,18S,spatiotemporally held-out,2025,A30,20.285161895608795,ESA WorldCover 2021 class 80,Raw64 + class similarities,Raw64_ClassSimilarity,5,predicted positive AND individual object truth / individual object truth,unweighted 10 m pixel counts,Chile,0.7,5,150,123,8,10,proto_3;proto_4;proto_5,true cosine similarity,"{""type"":""MultiPoint"",""coordinates"":[]}"
1_1_1_1_2_31,proto_1;proto_2;proto_3;proto_4;proto_5,EPSG:32718,30,0,EPSG:32718,2024,1.1,2.1,1.02,18S,spatiotemporally held-out,2025,A31,16.507739148630282,ESA WorldCover 2021 class 80,Raw64 + class similarities,Raw64_ClassSimilarity,5,predicted positive AND individual object truth / individual object truth,unweighted 10 m pixel counts,Chile,0.7,5,150,123,8,10,proto_3;proto_4;proto_5,true cosine similarity,"{""type"":""MultiPoint"",""coordinates"":[]}"
1_1_1_1_2_32,proto_1;proto_2;proto_3;proto_4;proto_5,EPSG:32718,30,0,EPSG:32718,2024,1.1,2.1,1.02,18S,spatiotemporally held-out,2025,A32,15.428200535020084,ESA WorldCover 2021 class 80,Raw64 + class similarities,Raw64_ClassSimilarity,5,predicted positive AND individual object truth / individual object truth,unweighted 10 m pixel counts,Chile,0.7,5,150,123,8,10,proto_3;proto_4;proto_5,true cosine similarity,"{""type"":""MultiPoint"",""coordinates"":[]}"
1_1_1_1_2_33,proto_1;proto_2;proto_3;proto_4;proto_5,EPSG:32718,30,0,EPSG:32718,2024,1.1,2.1,1.02,18S,spatiotemporally held-out,2025,A33,13.562606355100396,ESA WorldCover 2021 class 80,Raw64 + class similarities,Raw64_ClassSimilarity,5,predicted positive AND individual object truth / individual object truth,unweighted 10 m pixel counts,Chile,0.7,5,150,123,8,10,proto_3;proto_4;proto_5,true cosine similarity,"{""type"":""MultiPoint"",""coordinates"":[]}"
1_1_1_1_2_34,proto_1;proto_2;proto_3;proto_4;proto_5,EPSG:32718,30,0,EPSG:32718,2024,1.1,2.1,1.02,18S,spatiotemporally held-out,2025,A34,6.808686615504614,ESA WorldCover 2021 class 80,Raw64 + class similarities,Raw64_ClassSimilarity,5,predicted positive AND individual object truth / individual object truth,unweighted 10 m pixel counts,Chile,0.7,5,150,123,8,10,proto_3;proto_4;proto_5,true cosine similarity,"{""type"":""MultiPoint"",""coordinates"":[]}"
1_1_1_1_2_35,proto_1;proto_2;proto_3;proto_4;proto_5,EPSG:32718,30,0,EPSG:32718,2024,1.1,2.1,1.02,18S,spatiotemporally held-out,2025,A35,12.08841993688708,ESA WorldCover 2021 class 80,Raw64 + class similarities,Raw64_ClassSimilarity,5,predicted positive AND individual object truth / individual object truth,unweighted 10 m pixel counts,Chile,0.7,5,150,123,8,10,proto_3;proto_4;proto_5,true cosine similarity,"{""type"":""MultiPoint"",""coordinates"":[]}"
1_1_1_1_2_36,proto_1;proto_2;proto_3;proto_4;proto_5,EPSG:32718,30,0,EPSG:32718,2024,1.1,2.1,1.02,18S,spatiotemporally held-out,2025,A36,21.39219585432656,ESA WorldCover 2021 class 80,Raw64 + class similarities,Raw64_ClassSimilarity,5,predicted positive AND individual object truth / individual object truth,unweighted 10 m pixel counts,Chile,0.7,5,150,123,8,10,proto_3;proto_4;proto_5,true cosine similarity,"{""type"":""MultiPoint"",""coordinates"":[]}"
1_1_1_1_2_37,proto_1;proto_2;proto_3;proto_4;proto_5,EPSG:32718,30,0,EPSG:32718,2024,1.1,2.1,1.02,18S,spatiotemporally held-out,2025,A37,11.942370627619333,ESA WorldCover 2021 class 80,Raw64 + class similarities,Raw64_ClassSimilarity,5,predicted positive AND individual object truth / individual object truth,unweighted 10 m pixel counts,Chile,0.7,5,150,123,8,10,proto_3;proto_4;proto_5,true cosine similarity,"{""type"":""MultiPoint"",""coordinates"":[]}"
1_1_1_1_2_38,proto_1;proto_2;proto_3;proto_4;proto_5,EPSG:32718,30,0,EPSG:32718,2024,1.1,2.1,1.02,18S,spatiotemporally held-out,2025,A38,15.826739337964579,ESA WorldCover 2021 class 80,Raw64 + class similarities,Raw64_ClassSimilarity,5,predicted positive AND individual object truth / individual object truth,unweighted 10 m pixel counts,Chile,0.7,5,150,123,8,10,proto_3;proto_4;proto_5,true cosine similarity,"{""type"":""MultiPoint"",""coordinates"":[]}"
1_1_1_1_2_39,proto_1;proto_2;proto_3;proto_4;proto_5,EPSG:32718,30,0,EPSG:32718,2024,1.1,2.1,1.02,18S,spatiotemporally held-out,2025,A39,12.675783325292217,ESA WorldCover 2021 class 80,Raw64 + class similarities,Raw64_ClassSimilarity,5,predicted positive AND individual object truth / individual object truth,unweighted 10 m pixel counts,Chile,0.7,5,150,123,8,10,proto_3;proto_4;proto_5,true cosine similarity,"{""type"":""MultiPoint"",""coordinates"":[]}"
1_1_1_1_2_40,proto_1;proto_2;proto_3;proto_4;proto_5,EPSG:32718,30,0,EPSG:32718,2024,1.1,2.1,1.02,18S,spatiotemporally held-out,2025,A40,14.42864393493014,ESA WorldCover 2021 class 80,Raw64 + class similarities,Raw64_ClassSimilarity,5,predicted positive AND individual object truth / individual object truth,unweighted 10 m pixel counts,Chile,0.7,5,150,123,8,10,proto_3;proto_4;proto_5,true cosine similarity,"{""type"":""MultiPoint"",""coordinates"":[]}"
1_1_1_1_2_41,proto_1;proto_2;proto_3;proto_4;proto_5,EPSG:32718,30,0,EPSG:32718,2024,1.1,2.1,1.02,18S,spatiotemporally held-out,2025,A41,13.920349063576403,ESA WorldCover 2021 class 80,Raw64 + class similarities,Raw64_ClassSimilarity,5,predicted positive AND individual object truth / individual object truth,unweighted 10 m pixel counts,Chile,0.7,5,150,123,8,10,proto_3;proto_4;proto_5,true cosine similarity,"{""type"":""MultiPoint"",""coordinates"":[]}"
1_1_1_1_2_42,proto_1;proto_2;proto_3;proto_4;proto_5,EPSG:32718,30,0,EPSG:32718,2024,1.1,2.1,1.02,18S,spatiotemporally held-out,2025,A42,12.885794144204008,ESA WorldCover 2021 class 80,Raw64 + class similarities,Raw64_ClassSimilarity,5,predicted positive AND individual object truth / individual object truth,unweighted 10 m pixel counts,Chile,0.7,5,150,123,8,10,proto_3;proto_4;proto_5,true cosine similarity,"{""type"":""MultiPoint"",""coordinates"":[]}"
1_1_1_1_2_43,proto_1;proto_2;proto_3;proto_4;proto_5,EPSG:32718,30,0,EPSG:32718,2024,1.1,2.1,1.02,18S,spatiotemporally held-out,2025,A43,11.693394613140986,ESA WorldCover 2021 class 80,Raw64 + class similarities,Raw64_ClassSimilarity,5,predicted positive AND individual object truth / individual object truth,unweighted 10 m pixel counts,Chile,0.7,5,150,123,8,10,proto_3;proto_4;proto_5,true cosine similarity,"{""type"":""MultiPoint"",""coordinates"":[]}"
1_1_1_1_2_44,proto_1;proto_2;proto_3;proto_4;proto_5,EPSG:32718,30,0,EPSG:32718,2024,1.1,2.1,1.02,18S,spatiotemporally held-out,2025,A44,14.22713460599584,ESA WorldCover 2021 class 80,Raw64 + class similarities,Raw64_ClassSimilarity,5,predicted positive AND individual object truth / individual object truth,unweighted 10 m pixel counts,Chile,0.7,5,150,123,8,10,proto_3;proto_4;proto_5,true cosine similarity,"{""type"":""MultiPoint"",""coordinates"":[]}"
1_1_1_1_2_45,proto_1;proto_2;proto_3;proto_4;proto_5,EPSG:32718,30,0,EPSG:32718,2024,1.1,2.1,1.02,18S,spatiotemporally held-out,2025,A45,15.716682633927615,ESA WorldCover 2021 class 80,Raw64 + class similarities,Raw64_ClassSimilarity,5,predicted positive AND individual object truth / individual object truth,unweighted 10 m pixel counts,Chile,0.7,5,150,123,8,10,proto_3;proto_4;proto_5,true cosine similarity,"{""type"":""MultiPoint"",""coordinates"":[]}"
1_1_1_1_2_46,proto_1;proto_2;proto_3;proto_4;proto_5,EPSG:32718,30,0,EPSG:32718,2024,1.1,2.1,1.02,18S,spatiotemporally held-out,2025,A46,12.941664403002845,ESA WorldCover 2021 class 80,Raw64 + class similarities,Raw64_ClassSimilarity,5,predicted positive AND individual object truth / individual object truth,unweighted 10 m pixel counts,Chile,0.7,5,150,123,8,10,proto_3;proto_4;proto_5,true cosine similarity,"{""type"":""MultiPoint"",""coordinates"":[]}"
1_1_1_1_2_47,proto_1;proto_2;proto_3;proto_4;proto_5,EPSG:32718,30,0,EPSG:32718,2024,1.1,2.1,1.02,18S,spatiotemporally held-out,2025,A47,25.21175984676391,ESA WorldCover 2021 class 80,Raw64 + class similarities,Raw64_ClassSimilarity,5,predicted positive AND individual object truth / individual object truth,unweighted 10 m pixel counts,Chile,0.7,5,150,123,8,10,proto_3;proto_4;proto_5,true cosine similarity,"{""type"":""MultiPoint"",""coordinates"":[]}"
1_1_1_1_2_48,proto_1;proto_2;proto_3;proto_4;proto_5,EPSG:32718,30,0,EPSG:32718,2024,1.1,2.1,1.02,18S,spatiotemporally held-out,2025,A48,16.44520805244933,ESA WorldCover 2021 class 80,Raw64 + class similarities,Raw64_ClassSimilarity,5,predicted positive AND individual object truth / individual object truth,unweighted 10 m pixel counts,Chile,0.7,5,150,123,8,10,proto_3;proto_4;proto_5,true cosine similarity,"{""type"":""MultiPoint"",""coordinates"":[]}"
1_1_1_1_2_49,proto_1;proto_2;proto_3;proto_4;proto_5,EPSG:32718,30,0,EPSG:32718,2024,1.1,2.1,1.02,18S,spatiotemporally held-out,2025,A49,13.17102666574154,ESA WorldCover 2021 class 80,Raw64 + class similarities,Raw64_ClassSimilarity,5,predicted positive AND individual object truth / individual object truth,unweighted 10 m pixel counts,Chile,0.7,5,150,123,8,10,proto_3;proto_4;proto_5,true cosine similarity,"{""type"":""MultiPoint"",""coordinates"":[]}"
1_1_1_1_2_50,proto_1;proto_2;proto_3;proto_4;proto_5,EPSG:32718,30,0,EPSG:32718,2024,1.1,2.1,1.02,18S,spatiotemporally held-out,2025,A50,30.13909948840551,ESA WorldCover 2021 class 80,Raw64 + class similarities,Raw64_ClassSimilarity,5,predicted positive AND individual object truth / individual object truth,unweighted 10 m pixel counts,Chile,0.7,5,150,123,8,10,proto_3;proto_4;proto_5,true cosine similarity,"{""type"":""MultiPoint"",""coordinates"":[]}"
1_1_1_1_2_51,proto_1;proto_2;proto_3;proto_4;proto_5,EPSG:32718,30,0,EPSG:32718,2024,1.1,2.1,1.02,18S,spatiotemporally held-out,2025,A51,8.527124726418519,ESA WorldCover 2021 class 80,Raw64 + class similarities,Raw64_ClassSimilarity,5,predicted positive AND individual object truth / individual object truth,unweighted 10 m pixel counts,Chile,0.7,5,150,123,8,10,proto_3;proto_4;proto_5,true cosine similarity,"{""type"":""MultiPoint"",""coordinates"":[]}"
1_1_1_1_2_52,proto_1;proto_2;proto_3;proto_4;proto_5,EPSG:32718,30,0,EPSG:32718,2024,1.1,2.1,1.02,18S,spatiotemporally held-out,2025,A52,18.76432093143343,ESA WorldCover 2021 class 80,Raw64 + class similarities,Raw64_ClassSimilarity,5,predicted positive AND individual object truth / individual object truth,unweighted 10 m pixel counts,Chile,0.7,5,150,123,8,10,proto_3;proto_4;proto_5,true cosine similarity,"{""type"":""MultiPoint"",""coordinates"":[]}"
1_1_1_1_2_53,proto_1;proto_2;proto_3;proto_4;proto_5,EPSG:32718,30,0,EPSG:32718,2024,1.1,2.1,1.02,18S,spatiotemporally held-out,2025,A53,24.587430508156014,ESA WorldCover 2021 class 80,Raw64 + class similarities,Raw64_ClassSimilarity,5,predicted positive AND individual object truth / individual object truth,unweighted 10 m pixel counts,Chile,0.7,5,150,123,8,10,proto_3;proto_4;proto_5,true cosine similarity,"{""type"":""MultiPoint"",""coordinates"":[]}"
1_1_1_1_2_54,proto_1;proto_2;proto_3;proto_4;proto_5,EPSG:32718,30,0,EPSG:32718,2024,1.1,2.1,1.02,18S,spatiotemporally held-out,2025,A54,7.130676314361454,ESA WorldCover 2021 class 80,Raw64 + class similarities,Raw64_ClassSimilarity,5,predicted positive AND individual object truth / individual object truth,unweighted 10 m pixel counts,Chile,0.7,5,150,123,8,10,proto_3;proto_4;proto_5,true cosine similarity,"{""type"":""MultiPoint"",""coordinates"":[]}"
1_1_1_1_2_55,proto_1;proto_2;proto_3;proto_4;proto_5,EPSG:32718,30,0,EPSG:32718,2024,1.1,2.1,1.02,18S,spatiotemporally held-out,2025,A55,20.69227273883849,ESA WorldCover 2021 class 80,Raw64 + class similarities,Raw64_ClassSimilarity,5,predicted positive AND individual object truth / individual object truth,unweighted 10 m pixel counts,Chile,0.7,5,150,123,8,10,proto_3;proto_4;proto_5,true cosine similarity,"{""type"":""MultiPoint"",""coordinates"":[]}"
1_1_1_1_2_56,proto_1;proto_2;proto_3;proto_4;proto_5,EPSG:32718,30,0,EPSG:32718,2024,1.1,2.1,1.02,18S,spatiotemporally held-out,2025,A56,8.3247489488541,ESA WorldCover 2021 class 80,Raw64 + class similarities,Raw64_ClassSimilarity,5,predicted positive AND individual object truth / individual object truth,unweighted 10 m pixel counts,Chile,0.7,5,150,123,8,10,proto_3;proto_4;proto_5,true cosine similarity,"{""type"":""MultiPoint"",""coordinates"":[]}"
1_1_1_1_2_57,proto_1;proto_2;proto_3;proto_4;proto_5,EPSG:32718,30,0,EPSG:32718,2024,1.1,2.1,1.02,18S,spatiotemporally held-out,2025,A57,20.490871635483163,ESA WorldCover 2021 class 80,Raw64 + class similarities,Raw64_ClassSimilarity,5,predicted positive AND individual object truth / individual object truth,unweighted 10 m pixel counts,Chile,0.7,5,150,123,8,10,proto_3;proto_4;proto_5,true cosine similarity,"{""type"":""MultiPoint"",""coordinates"":[]}"
1_1_1_1_2_58,proto_1;proto_2;proto_3;proto_4;proto_5,EPSG:32718,30,0,EPSG:32718,2024,1.1,2.1,1.02,18S,spatiotemporally held-out,2025,A58,12.581333869579357,ESA WorldCover 2021 class 80,Raw64 + class similarities,Raw64_ClassSimilarity,5,predicted positive AND individual object truth / individual object truth,unweighted 10 m pixel counts,Chile,0.7,5,150,123,8,10,proto_3;proto_4;proto_5,true cosine similarity,"{""type"":""MultiPoint"",""coordinates"":[]}"
1_1_1_1_2_59,proto_1;proto_2;proto_3;proto_4;proto_5,EPSG:32718,30,0,EPSG:32718,2024,1.1,2.1,1.02,18S,spatiotemporally held-out,2025,A59,26.32238350806846,ESA WorldCover 2021 class 80,Raw64 + class similarities,Raw64_ClassSimilarity,5,predicted positive AND individual object truth / individual object truth,unweighted 10 m pixel counts,Chile,0.7,5,150,123,8,10,proto_3;proto_4;proto_5,true cosine similarity,"{""type"":""MultiPoint"",""coordinates"":[]}"
1_1_1_1_2_60,proto_1;proto_2;proto_3;proto_4;proto_5,EPSG:32718,30,0,EPSG:32718,2024,1.1,2.1,1.02,18S,spatiotemporally held-out,2025,A60,9.672127833050306,ESA WorldCover 2021 class 80,Raw64 + class similarities,Raw64_ClassSimilarity,5,predicted positive AND individual object truth / individual object truth,unweighted 10 m pixel counts,Chile,0.7,5,150,123,8,10,proto_3;proto_4;proto_5,true cosine similarity,"{""type"":""MultiPoint"",""coordinates"":[]}"
1_1_1_1_2_61,proto_1;proto_2;proto_3;proto_4;proto_5,EPSG:32718,30,0,EPSG:32718,2024,1.1,2.1,1.02,18S,spatiotemporally held-out,2025,A61,16.44532342852532,ESA WorldCover 2021 class 80,Raw64 + class similarities,Raw64_ClassSimilarity,5,predicted positive AND individual object truth / individual object truth,unweighted 10 m pixel counts,Chile,0.7,5,150,123,8,10,proto_3;proto_4;proto_5,true cosine similarity,"{""type"":""MultiPoint"",""coordinates"":[]}"
1_1_1_1_2_62,proto_1;proto_2;proto_3;proto_4;proto_5,EPSG:32718,30,0,EPSG:32718,2024,1.1,2.1,1.02,18S,spatiotemporally held-out,2025,A62,14.049426602040734,ESA WorldCover 2021 class 80,Raw64 + class similarities,Raw64_ClassSimilarity,5,predicted positive AND individual object truth / individual object truth,unweighted 10 m pixel counts,Chile,0.7,5,150,123,8,10,proto_3;proto_4;proto_5,true cosine similarity,"{""type"":""MultiPoint"",""coordinates"":[]}"
1_1_1_1_2_63,proto_1;proto_2;proto_3;proto_4;proto_5,EPSG:32718,30,0,EPSG:32718,2024,1.1,2.1,1.02,18S,spatiotemporally held-out,2025,A63,7.9180615659421365,ESA WorldCover 2021 class 80,Raw64 + class similarities,Raw64_ClassSimilarity,5,predicted positive AND individual object truth / individual object truth,unweighted 10 m pixel counts,Chile,0.7,5,150,123,8,10,proto_3;proto_4;proto_5,true cosine similarity,"{""type"":""MultiPoint"",""coordinates"":[]}"
1_1_1_1_2_64,proto_1;proto_2;proto_3;proto_4;proto_5,EPSG:32718,30,0,EPSG:32718,2024,1.1,2.1,1.02,18S,spatiotemporally held-out,2025,conf_sim,16.211344040031218,ESA WorldCover 2021 class 80,Raw64 + class similarities,Raw64_ClassSimilarity,5,predicted positive AND individual object truth / individual object truth,unweighted 10 m pixel counts,Chile,0.7,5,150,123,8,10,proto_3;proto_4;proto_5,true cosine similarity,"{""type"":""MultiPoint"",""coordinates"":[]}"
1_1_1_1_2_65,proto_1;proto_2;proto_3;proto_4;proto_5,EPSG:32718,30,0,EPSG:32718,2024,1.1,2.1,1.02,18S,spatiotemporally held-out,2025,farm_sim,21.378816866279678,ESA WorldCover 2021 class 80,Raw64 + class similarities,Raw64_ClassSimilarity,5,predicted positive AND individual object truth / individual object truth,unweighted 10 m pixel counts,Chile,0.7,5,150,123,8,10,proto_3;proto_4;proto_5,true cosine similarity,"{""type"":""MultiPoint"",""coordinates"":[]}"
1_1_1_1_2_66,proto_1;proto_2;proto_3;proto_4;proto_5,EPSG:32718,30,0,EPSG:32718,2024,1.1,2.1,1.02,18S,spatiotemporally held-out,2025,ocean_sim,21.486307667385898,ESA WorldCover 2021 class 80,Raw64 + class similarities,Raw64_ClassSimilarity,5,predicted positive AND individual object truth / individual object truth,unweighted 10 m pixel counts,Chile,0.7,5,150,123,8,10,proto_3;proto_4;proto_5,true cosine similarity,"{""type"":""MultiPoint"",""coordinates"":[]}"
1_1_1_2_0,proto_1;proto_2;proto_3;proto_4;proto_5,EPSG:32718,30,0,EPSG:32718,2024,1.1,2.1,1.02,18S,spatiotemporally held-out,2025,A00,13.838706068972565,ESA WorldCover 2021 class 80,Raw64 + class similarities + margins,Raw64_ClassSimilarity_Margins,5,predicted positive AND individual object truth / individual object truth,unweighted 10 m pixel counts,Chile,0.7,5,150,123,8,10,proto_3;proto_4;proto_5,true cosine similarity,"{""type"":""MultiPoint"",""coordinates"":[]}"
1_1_1_2_1,proto_1;proto_2;proto_3;proto_4;proto_5,EPSG:32718,30,0,EPSG:32718,2024,1.1,2.1,1.02,18S,spatiotemporally held-out,2025,A01,7.653052633311408,ESA WorldCover 2021 class 80,Raw64 + class similarities + margins,Raw64_ClassSimilarity_Margins,5,predicted positive AND individual object truth / individual object truth,unweighted 10 m pixel counts,Chile,0.7,5,150,123,8,10,proto_3;proto_4;proto_5,true cosine similarity,"{""type"":""MultiPoint"",""coordinates"":[]}"
1_1_1_2_2,proto_1;proto_2;proto_3;proto_4;proto_5,EPSG:32718,30,0,EPSG:32718,2024,1.1,2.1,1.02,18S,spatiotemporally held-out,2025,A02,46.906717347747595,ESA WorldCover 2021 class 80,Raw64 + class similarities + margins,Raw64_ClassSimilarity_Margins,5,predicted positive AND individual object truth / individual object truth,unweighted 10 m pixel counts,Chile,0.7,5,150,123,8,10,proto_3;proto_4;proto_5,true cosine similarity,"{""type"":""MultiPoint"",""coordinates"":[]}"
1_1_1_2_3,proto_1;proto_2;proto_3;proto_4;proto_5,EPSG:32718,30,0,EPSG:32718,2024,1.1,2.1,1.02,18S,spatiotemporally held-out,2025,A03,19.948637976815306,ESA WorldCover 2021 class 80,Raw64 + class similarities + margins,Raw64_ClassSimilarity_Margins,5,predicted positive AND individual object truth / individual object truth,unweighted 10 m pixel counts,Chile,0.7,5,150,123,8,10,proto_3;proto_4;proto_5,true cosine similarity,"{""type"":""MultiPoint"",""coordinates"":[]}"
1_1_1_2_4,proto_1;proto_2;proto_3;proto_4;proto_5,EPSG:32718,30,0,EPSG:32718,2024,1.1,2.1,1.02,18S,spatiotemporally held-out,2025,A04,12.422178428389573,ESA WorldCover 2021 class 80,Raw64 + class similarities + margins,Raw64_ClassSimilarity_Margins,5,predicted positive AND individual object truth / individual object truth,unweighted 10 m pixel counts,Chile,0.7,5,150,123,8,10,proto_3;proto_4;proto_5,true cosine similarity,"{""type"":""MultiPoint"",""coordinates"":[]}"
1_1_1_2_5,proto_1;proto_2;proto_3;proto_4;proto_5,EPSG:32718,30,0,EPSG:32718,2024,1.1,2.1,1.02,18S,spatiotemporally held-out,2025,A05,8.828421456851908,ESA WorldCover 2021 class 80,Raw64 + class similarities + margins,Raw64_ClassSimilarity_Margins,5,predicted positive AND individual object truth / individual object truth,unweighted 10 m pixel counts,Chile,0.7,5,150,123,8,10,proto_3;proto_4;proto_5,true cosine similarity,"{""type"":""MultiPoint"",""coordinates"":[]}"
1_1_1_2_6,proto_1;proto_2;proto_3;proto_4;proto_5,EPSG:32718,30,0,EPSG:32718,2024,1.1,2.1,1.02,18S,spatiotemporally held-out,2025,A06,14.829471325921565,ESA WorldCover 2021 class 80,Raw64 + class similarities + margins,Raw64_ClassSimilarity_Margins,5,predicted positive AND individual object truth / individual object truth,unweighted 10 m pixel counts,Chile,0.7,5,150,123,8,10,proto_3;proto_4;proto_5,true cosine similarity,"{""type"":""MultiPoint"",""coordinates"":[]}"
1_1_1_2_7,proto_1;proto_2;proto_3;proto_4;proto_5,EPSG:32718,30,0,EPSG:32718,2024,1.1,2.1,1.02,18S,spatiotemporally held-out,2025,A07,14.79160999666933,ESA WorldCover 2021 class 80,Raw64 + class similarities + margins,Raw64_ClassSimilarity_Margins,5,predicted positive AND individual object truth / individual object truth,unweighted 10 m pixel counts,Chile,0.7,5,150,123,8,10,proto_3;proto_4;proto_5,true cosine similarity,"{""type"":""MultiPoint"",""coordinates"":[]}"
1_1_1_2_8,proto_1;proto_2;proto_3;proto_4;proto_5,EPSG:32718,30,0,EPSG:32718,2024,1.1,2.1,1.02,18S,spatiotemporally held-out,2025,A08,12.982542881564303,ESA WorldCover 2021 class 80,Raw64 + class similarities + margins,Raw64_ClassSimilarity_Margins,5,predicted positive AND individual object truth / individual object truth,unweighted 10 m pixel counts,Chile,0.7,5,150,123,8,10,proto_3;proto_4;proto_5,true cosine similarity,"{""type"":""MultiPoint"",""coordinates"":[]}"
1_1_1_2_9,proto_1;proto_2;proto_3;proto_4;proto_5,EPSG:32718,30,0,EPSG:32718,2024,1.1,2.1,1.02,18S,spatiotemporally held-out,2025,A09,11.986742425647002,ESA WorldCover 2021 class 80,Raw64 + class similarities + margins,Raw64_ClassSimilarity_Margins,5,predicted positive AND individual object truth / individual object truth,unweighted 10 m pixel counts,Chile,0.7,5,150,123,8,10,proto_3;proto_4;proto_5,true cosine similarity,"{""type"":""MultiPoint"",""coordinates"":[]}"
1_1_1_2_10,proto_1;proto_2;proto_3;proto_4;proto_5,EPSG:32718,30,0,EPSG:32718,2024,1.1,2.1,1.02,18S,spatiotemporally held-out,2025,A10,17.556143432644976,ESA WorldCover 2021 class 80,Raw64 + class similarities + margins,Raw64_ClassSimilarity_Margins,5,predicted positive AND individual object truth / individual object truth,unweighted 10 m pixel counts,Chile,0.7,5,150,123,8,10,proto_3;proto_4;proto_5,true cosine similarity,"{""type"":""MultiPoint"",""coordinates"":[]}"
1_1_1_2_11,proto_1;proto_2;proto_3;proto_4;proto_5,EPSG:32718,30,0,EPSG:32718,2024,1.1,2.1,1.02,18S,spatiotemporally held-out,2025,A11,6.026332826247494,ESA WorldCover 2021 class 80,Raw64 + class similarities + margins,Raw64_ClassSimilarity_Margins,5,predicted positive AND individual object truth / individual object truth,unweighted 10 m pixel counts,Chile,0.7,5,150,123,8,10,proto_3;proto_4;proto_5,true cosine similarity,"{""type"":""MultiPoint"",""coordinates"":[]}"
1_1_1_2_12,proto_1;proto_2;proto_3;proto_4;proto_5,EPSG:32718,30,0,EPSG:32718,2024,1.1,2.1,1.02,18S,spatiotemporally held-out,2025,A12,13.08100208162588,ESA WorldCover 2021 class 80,Raw64 + class similarities + margins,Raw64_ClassSimilarity_Margins,5,predicted positive AND individual object truth / individual object truth,unweighted 10 m pixel counts,Chile,0.7,5,150,123,8,10,proto_3;proto_4;proto_5,true cosine similarity,"{""type"":""MultiPoint"",""coordinates"":[]}"
1_1_1_2_13,proto_1;proto_2;proto_3;proto_4;proto_5,EPSG:32718,30,0,EPSG:32718,2024,1.1,2.1,1.02,18S,spatiotemporally held-out,2025,A13,12.189734461778384,ESA WorldCover 2021 class 80,Raw64 + class similarities + margins,Raw64_ClassSimilarity_Margins,5,predicted positive AND individual object truth / individual object truth,unweighted 10 m pixel counts,Chile,0.7,5,150,123,8,10,proto_3;proto_4;proto_5,true cosine similarity,"{""type"":""MultiPoint"",""coordinates"":[]}"
1_1_1_2_14,proto_1;proto_2;proto_3;proto_4;proto_5,EPSG:32718,30,0,EPSG:32718,2024,1.1,2.1,1.02,18S,spatiotemporally held-out,2025,A14,9.369963053637388,ESA WorldCover 2021 class 80,Raw64 + class similarities + margins,Raw64_ClassSimilarity_Margins,5,predicted positive AND individual object truth / individual object truth,unweighted 10 m pixel counts,Chile,0.7,5,150,123,8,10,proto_3;proto_4;proto_5,true cosine similarity,"{""type"":""MultiPoint"",""coordinates"":[]}"
1_1_1_2_15,proto_1;proto_2;proto_3;proto_4;proto_5,EPSG:32718,30,0,EPSG:32718,2024,1.1,2.1,1.02,18S,spatiotemporally held-out,2025,A15,12.822316735609862,ESA WorldCover 2021 class 80,Raw64 + class similarities + margins,Raw64_ClassSimilarity_Margins,5,predicted positive AND individual object truth / individual object truth,unweighted 10 m pixel counts,Chile,0.7,5,150,123,8,10,proto_3;proto_4;proto_5,true cosine similarity,"{""type"":""MultiPoint"",""coordinates"":[]}"
1_1_1_2_16,proto_1;proto_2;proto_3;proto_4;proto_5,EPSG:32718,30,0,EPSG:32718,2024,1.1,2.1,1.02,18S,spatiotemporally held-out,2025,A16,12.401695119300143,ESA WorldCover 2021 class 80,Raw64 + class similarities + margins,Raw64_ClassSimilarity_Margins,5,predicted positive AND individual object truth / individual object truth,unweighted 10 m pixel counts,Chile,0.7,5,150,123,8,10,proto_3;proto_4;proto_5,true cosine similarity,"{""type"":""MultiPoint"",""coordinates"":[]}"
1_1_1_2_17,proto_1;proto_2;proto_3;proto_4;proto_5,EPSG:32718,30,0,EPSG:32718,2024,1.1,2.1,1.02,18S,spatiotemporally held-out,2025,A17,13.450992198386402,ESA WorldCover 2021 class 80,Raw64 + class similarities + margins,Raw64_ClassSimilarity_Margins,5,predicted positive AND individual object truth / individual object truth,unweighted 10 m pixel counts,Chile,0.7,5,150,123,8,10,proto_3;proto_4;proto_5,true cosine similarity,"{""type"":""MultiPoint"",""coordinates"":[]}"
1_1_1_2_18,proto_1;proto_2;proto_3;proto_4;proto_5,EPSG:32718,30,0,EPSG:32718,2024,1.1,2.1,1.02,18S,spatiotemporally held-out,2025,A18,12.083226923660984,ESA WorldCover 2021 class 80,Raw64 + class similarities + margins,Raw64_ClassSimilarity_Margins,5,predicted positive AND individual object truth / individual object truth,unweighted 10 m pixel counts,Chile,0.7,5,150,123,8,10,proto_3;proto_4;proto_5,true cosine similarity,"{""type"":""MultiPoint"",""coordinates"":[]}"
1_1_1_2_19,proto_1;proto_2;proto_3;proto_4;proto_5,EPSG:32718,30,0,EPSG:32718,2024,1.1,2.1,1.02,18S,spatiotemporally held-out,2025,A19,10.714695575823631,ESA WorldCover 2021 class 80,Raw64 + class similarities + margins,Raw64_ClassSimilarity_Margins,5,predicted positive AND individual object truth / individual object truth,unweighted 10 m pixel counts,Chile,0.7,5,150,123,8,10,proto_3;proto_4;proto_5,true cosine similarity,"{""type"":""MultiPoint"",""coordinates"":[]}"
1_1_1_2_20,proto_1;proto_2;proto_3;proto_4;proto_5,EPSG:32718,30,0,EPSG:32718,2024,1.1,2.1,1.02,18S,spatiotemporally held-out,2025,A20,11.226881397127244,ESA WorldCover 2021 class 80,Raw64 + class similarities + margins,Raw64_ClassSimilarity_Margins,5,predicted positive AND individual object truth / individual object truth,unweighted 10 m pixel counts,Chile,0.7,5,150,123,8,10,proto_3;proto_4;proto_5,true cosine similarity,"{""type"":""MultiPoint"",""coordinates"":[]}"
1_1_1_2_21,proto_1;proto_2;proto_3;proto_4;proto_5,EPSG:32718,30,0,EPSG:32718,2024,1.1,2.1,1.02,18S,spatiotemporally held-out,2025,A21,14.301537070127807,ESA WorldCover 2021 class 80,Raw64 + class similarities + margins,Raw64_ClassSimilarity_Margins,5,predicted positive AND individual object truth / individual object truth,unweighted 10 m pixel counts,Chile,0.7,5,150,123,8,10,proto_3;proto_4;proto_5,true cosine similarity,"{""type"":""MultiPoint"",""coordinates"":[]}"
1_1_1_2_22,proto_1;proto_2;proto_3;proto_4;proto_5,EPSG:32718,30,0,EPSG:32718,2024,1.1,2.1,1.02,18S,spatiotemporally held-out,2025,A22,26.062070856130177,ESA WorldCover 2021 class 80,Raw64 + class similarities + margins,Raw64_ClassSimilarity_Margins,5,predicted positive AND individual object truth / individual object truth,unweighted 10 m pixel counts,Chile,0.7,5,150,123,8,10,proto_3;proto_4;proto_5,true cosine similarity,"{""type"":""MultiPoint"",""coordinates"":[]}"
1_1_1_2_23,proto_1;proto_2;proto_3;proto_4;proto_5,EPSG:32718,30,0,EPSG:32718,2024,1.1,2.1,1.02,18S,spatiotemporally held-out,2025,A23,10.268685357454643,ESA WorldCover 2021 class 80,Raw64 + class similarities + margins,Raw64_ClassSimilarity_Margins,5,predicted positive AND individual object truth / individual object truth,unweighted 10 m pixel counts,Chile,0.7,5,150,123,8,10,proto_3;proto_4;proto_5,true cosine similarity,"{""type"":""MultiPoint"",""coordinates"":[]}"
1_1_1_2_24,proto_1;proto_2;proto_3;proto_4;proto_5,EPSG:32718,30,0,EPSG:32718,2024,1.1,2.1,1.02,18S,spatiotemporally held-out,2025,A24,9.487047200508453,ESA WorldCover 2021 class 80,Raw64 + class similarities + margins,Raw64_ClassSimilarity_Margins,5,predicted positive AND individual object truth / individual object truth,unweighted 10 m pixel counts,Chile,0.7,5,150,123,8,10,proto_3;proto_4;proto_5,true cosine similarity,"{""type"":""MultiPoint"",""coordinates"":[]}"
1_1_1_2_25,proto_1;proto_2;proto_3;proto_4;proto_5,EPSG:32718,30,0,EPSG:32718,2024,1.1,2.1,1.02,18S,spatiotemporally held-out,2025,A25,10.853278406678152,ESA WorldCover 2021 class 80,Raw64 + class similarities + margins,Raw64_ClassSimilarity_Margins,5,predicted positive AND individual object truth / individual object truth,unweighted 10 m pixel counts,Chile,0.7,5,150,123,8,10,proto_3;proto_4;proto_5,true cosine similarity,"{""type"":""MultiPoint"",""coordinates"":[]}"
1_1_1_2_26,proto_1;proto_2;proto_3;proto_4;proto_5,EPSG:32718,30,0,EPSG:32718,2024,1.1,2.1,1.02,18S,spatiotemporally held-out,2025,A26,24.105077115874526,ESA WorldCover 2021 class 80,Raw64 + class similarities + margins,Raw64_ClassSimilarity_Margins,5,predicted positive AND individual object truth / individual object truth,unweighted 10 m pixel counts,Chile,0.7,5,150,123,8,10,proto_3;proto_4;proto_5,true cosine similarity,"{""type"":""MultiPoint"",""coordinates"":[]}"
1_1_1_2_27,proto_1;proto_2;proto_3;proto_4;proto_5,EPSG:32718,30,0,EPSG:32718,2024,1.1,2.1,1.02,18S,spatiotemporally held-out,2025,A27,13.840330896413692,ESA WorldCover 2021 class 80,Raw64 + class similarities + margins,Raw64_ClassSimilarity_Margins,5,predicted positive AND individual object truth / individual object truth,unweighted 10 m pixel counts,Chile,0.7,5,150,123,8,10,proto_3;proto_4;proto_5,true cosine similarity,"{""type"":""MultiPoint"",""coordinates"":[]}"
1_1_1_2_28,proto_1;proto_2;proto_3;proto_4;proto_5,EPSG:32718,30,0,EPSG:32718,2024,1.1,2.1,1.02,18S,spatiotemporally held-out,2025,A28,13.546186535034794,ESA WorldCover 2021 class 80,Raw64 + class similarities + margins,Raw64_ClassSimilarity_Margins,5,predicted positive AND individual object truth / individual object truth,unweighted 10 m pixel counts,Chile,0.7,5,150,123,8,10,proto_3;proto_4;proto_5,true cosine similarity,"{""type"":""MultiPoint"",""coordinates"":[]}"
1_1_1_2_29,proto_1;proto_2;proto_3;proto_4;proto_5,EPSG:32718,30,0,EPSG:32718,2024,1.1,2.1,1.02,18S,spatiotemporally held-out,2025,A29,13.207172458132826,ESA WorldCover 2021 class 80,Raw64 + class similarities + margins,Raw64_ClassSimilarity_Margins,5,predicted positive AND individual object truth / individual object truth,unweighted 10 m pixel counts,Chile,0.7,5,150,123,8,10,proto_3;proto_4;proto_5,true cosine similarity,"{""type"":""MultiPoint"",""coordinates"":[]}"
1_1_1_2_30,proto_1;proto_2;proto_3;proto_4;proto_5,EPSG:32718,30,0,EPSG:32718,2024,1.1,2.1,1.02,18S,spatiotemporally held-out,2025,A30,17.64427610933143,ESA WorldCover 2021 class 80,Raw64 + class similarities + margins,Raw64_ClassSimilarity_Margins,5,predicted positive AND individual object truth / individual object truth,unweighted 10 m pixel counts,Chile,0.7,5,150,123,8,10,proto_3;proto_4;proto_5,true cosine similarity,"{""type"":""MultiPoint"",""coordinates"":[]}"
1_1_1_2_31,proto_1;proto_2;proto_3;proto_4;proto_5,EPSG:32718,30,0,EPSG:32718,2024,1.1,2.1,1.02,18S,spatiotemporally held-out,2025,A31,15.55989465730295,ESA WorldCover 2021 class 80,Raw64 + class similarities + margins,Raw64_ClassSimilarity_Margins,5,predicted positive AND individual object truth / individual object truth,unweighted 10 m pixel counts,Chile,0.7,5,150,123,8,10,proto_3;proto_4;proto_5,true cosine similarity,"{""type"":""MultiPoint"",""coordinates"":[]}"
1_1_1_2_32,proto_1;proto_2;proto_3;proto_4;proto_5,EPSG:32718,30,0,EPSG:32718,2024,1.1,2.1,1.02,18S,spatiotemporally held-out,2025,A32,11.113870327205388,ESA WorldCover 2021 class 80,Raw64 + class similarities + margins,Raw64_ClassSimilarity_Margins,5,predicted positive AND individual object truth / individual object truth,unweighted 10 m pixel counts,Chile,0.7,5,150,123,8,10,proto_3;proto_4;proto_5,true cosine similarity,"{""type"":""MultiPoint"",""coordinates"":[]}"
1_1_1_2_33,proto_1;proto_2;proto_3;proto_4;proto_5,EPSG:32718,30,0,EPSG:32718,2024,1.1,2.1,1.02,18S,spatiotemporally held-out,2025,A33,11.56327215367563,ESA WorldCover 2021 class 80,Raw64 + class similarities + margins,Raw64_ClassSimilarity_Margins,5,predicted positive AND individual object truth / individual object truth,unweighted 10 m pixel counts,Chile,0.7,5,150,123,8,10,proto_3;proto_4;proto_5,true cosine similarity,"{""type"":""MultiPoint"",""coordinates"":[]}"
1_1_1_2_34,proto_1;proto_2;proto_3;proto_4;proto_5,EPSG:32718,30,0,EPSG:32718,2024,1.1,2.1,1.02,18S,spatiotemporally held-out,2025,A34,8.427392437082942,ESA WorldCover 2021 class 80,Raw64 + class similarities + margins,Raw64_ClassSimilarity_Margins,5,predicted positive AND individual object truth / individual object truth,unweighted 10 m pixel counts,Chile,0.7,5,150,123,8,10,proto_3;proto_4;proto_5,true cosine similarity,"{""type"":""MultiPoint"",""coordinates"":[]}"
1_1_1_2_35,proto_1;proto_2;proto_3;proto_4;proto_5,EPSG:32718,30,0,EPSG:32718,2024,1.1,2.1,1.02,18S,spatiotemporally held-out,2025,A35,12.929766074731466,ESA WorldCover 2021 class 80,Raw64 + class similarities + margins,Raw64_ClassSimilarity_Margins,5,predicted positive AND individual object truth / individual object truth,unweighted 10 m pixel counts,Chile,0.7,5,150,123,8,10,proto_3;proto_4;proto_5,true cosine similarity,"{""type"":""MultiPoint"",""coordinates"":[]}"
1_1_1_2_36,proto_1;proto_2;proto_3;proto_4;proto_5,EPSG:32718,30,0,EPSG:32718,2024,1.1,2.1,1.02,18S,spatiotemporally held-out,2025,A36,17.312395901260157,ESA WorldCover 2021 class 80,Raw64 + class similarities + margins,Raw64_ClassSimilarity_Margins,5,predicted positive AND individual object truth / individual object truth,unweighted 10 m pixel counts,Chile,0.7,5,150,123,8,10,proto_3;proto_4;proto_5,true cosine similarity,"{""type"":""MultiPoint"",""coordinates"":[]}"
1_1_1_2_37,proto_1;proto_2;proto_3;proto_4;proto_5,EPSG:32718,30,0,EPSG:32718,2024,1.1,2.1,1.02,18S,spatiotemporally held-out,2025,A37,8.916339313563123,ESA WorldCover 2021 class 80,Raw64 + class similarities + margins,Raw64_ClassSimilarity_Margins,5,predicted positive AND individual object truth / individual object truth,unweighted 10 m pixel counts,Chile,0.7,5,150,123,8,10,proto_3;proto_4;proto_5,true cosine similarity,"{""type"":""MultiPoint"",""coordinates"":[]}"
1_1_1_2_38,proto_1;proto_2;proto_3;proto_4;proto_5,EPSG:32718,30,0,EPSG:32718,2024,1.1,2.1,1.02,18S,spatiotemporally held-out,2025,A38,9.363222790968116,ESA WorldCover 2021 class 80,Raw64 + class similarities + margins,Raw64_ClassSimilarity_Margins,5,predicted positive AND individual object truth / individual object truth,unweighted 10 m pixel counts,Chile,0.7,5,150,123,8,10,proto_3;proto_4;proto_5,true cosine similarity,"{""type"":""MultiPoint"",""coordinates"":[]}"
1_1_1_2_39,proto_1;proto_2;proto_3;proto_4;proto_5,EPSG:32718,30,0,EPSG:32718,2024,1.1,2.1,1.02,18S,spatiotemporally held-out,2025,A39,14.686778472408434,ESA WorldCover 2021 class 80,Raw64 + class similarities + margins,Raw64_ClassSimilarity_Margins,5,predicted positive AND individual object truth / individual object truth,unweighted 10 m pixel counts,Chile,0.7,5,150,123,8,10,proto_3;proto_4;proto_5,true cosine similarity,"{""type"":""MultiPoint"",""coordinates"":[]}"
1_1_1_2_40,proto_1;proto_2;proto_3;proto_4;proto_5,EPSG:32718,30,0,EPSG:32718,2024,1.1,2.1,1.02,18S,spatiotemporally held-out,2025,A40,16.77499706639129,ESA WorldCover 2021 class 80,Raw64 + class similarities + margins,Raw64_ClassSimilarity_Margins,5,predicted positive AND individual object truth / individual object truth,unweighted 10 m pixel counts,Chile,0.7,5,150,123,8,10,proto_3;proto_4;proto_5,true cosine similarity,"{""type"":""MultiPoint"",""coordinates"":[]}"
1_1_1_2_41,proto_1;proto_2;proto_3;proto_4;proto_5,EPSG:32718,30,0,EPSG:32718,2024,1.1,2.1,1.02,18S,spatiotemporally held-out,2025,A41,13.493693497438416,ESA WorldCover 2021 class 80,Raw64 + class similarities + margins,Raw64_ClassSimilarity_Margins,5,predicted positive AND individual object truth / individual object truth,unweighted 10 m pixel counts,Chile,0.7,5,150,123,8,10,proto_3;proto_4;proto_5,true cosine similarity,"{""type"":""MultiPoint"",""coordinates"":[]}"
1_1_1_2_42,proto_1;proto_2;proto_3;proto_4;proto_5,EPSG:32718,30,0,EPSG:32718,2024,1.1,2.1,1.02,18S,spatiotemporally held-out,2025,A42,13.926829745353452,ESA WorldCover 2021 class 80,Raw64 + class similarities + margins,Raw64_ClassSimilarity_Margins,5,predicted positive AND individual object truth / individual object truth,unweighted 10 m pixel counts,Chile,0.7,5,150,123,8,10,proto_3;proto_4;proto_5,true cosine similarity,"{""type"":""MultiPoint"",""coordinates"":[]}"
1_1_1_2_43,proto_1;proto_2;proto_3;proto_4;proto_5,EPSG:32718,30,0,EPSG:32718,2024,1.1,2.1,1.02,18S,spatiotemporally held-out,2025,A43,13.920067465487314,ESA WorldCover 2021 class 80,Raw64 + class similarities + margins,Raw64_ClassSimilarity_Margins,5,predicted positive AND individual object truth / individual object truth,unweighted 10 m pixel counts,Chile,0.7,5,150,123,8,10,proto_3;proto_4;proto_5,true cosine similarity,"{""type"":""MultiPoint"",""coordinates"":[]}"
1_1_1_2_44,proto_1;proto_2;proto_3;proto_4;proto_5,EPSG:32718,30,0,EPSG:32718,2024,1.1,2.1,1.02,18S,spatiotemporally held-out,2025,A44,12.497177056727367,ESA WorldCover 2021 class 80,Raw64 + class similarities + margins,Raw64_ClassSimilarity_Margins,5,predicted positive AND individual object truth / individual object truth,unweighted 10 m pixel counts,Chile,0.7,5,150,123,8,10,proto_3;proto_4;proto_5,true cosine similarity,"{""type"":""MultiPoint"",""coordinates"":[]}"
1_1_1_2_45,proto_1;proto_2;proto_3;proto_4;proto_5,EPSG:32718,30,0,EPSG:32718,2024,1.1,2.1,1.02,18S,spatiotemporally held-out,2025,A45,14.447955598779512,ESA WorldCover 2021 class 80,Raw64 + class similarities + margins,Raw64_ClassSimilarity_Margins,5,predicted positive AND individual object truth / individual object truth,unweighted 10 m pixel counts,Chile,0.7,5,150,123,8,10,proto_3;proto_4;proto_5,true cosine similarity,"{""type"":""MultiPoint"",""coordinates"":[]}"
1_1_1_2_46,proto_1;proto_2;proto_3;proto_4;proto_5,EPSG:32718,30,0,EPSG:32718,2024,1.1,2.1,1.02,18S,spatiotemporally held-out,2025,A46,10.96091979550975,ESA WorldCover 2021 class 80,Raw64 + class similarities + margins,Raw64_ClassSimilarity_Margins,5,predicted positive AND individual object truth / individual object truth,unweighted 10 m pixel counts,Chile,0.7,5,150,123,8,10,proto_3;proto_4;proto_5,true cosine similarity,"{""type"":""MultiPoint"",""coordinates"":[]}"
1_1_1_2_47,proto_1;proto_2;proto_3;proto_4;proto_5,EPSG:32718,30,0,EPSG:32718,2024,1.1,2.1,1.02,18S,spatiotemporally held-out,2025,A47,22.514228303018502,ESA WorldCover 2021 class 80,Raw64 + class similarities + margins,Raw64_ClassSimilarity_Margins,5,predicted positive AND individual object truth / individual object truth,unweighted 10 m pixel counts,Chile,0.7,5,150,123,8,10,proto_3;proto_4;proto_5,true cosine similarity,"{""type"":""MultiPoint"",""coordinates"":[]}"
1_1_1_2_48,proto_1;proto_2;proto_3;proto_4;proto_5,EPSG:32718,30,0,EPSG:32718,2024,1.1,2.1,1.02,18S,spatiotemporally held-out,2025,A48,18.333945539842283,ESA WorldCover 2021 class 80,Raw64 + class similarities + margins,Raw64_ClassSimilarity_Margins,5,predicted positive AND individual object truth / individual object truth,unweighted 10 m pixel counts,Chile,0.7,5,150,123,8,10,proto_3;proto_4;proto_5,true cosine similarity,"{""type"":""MultiPoint"",""coordinates"":[]}"
1_1_1_2_49,proto_1;proto_2;proto_3;proto_4;proto_5,EPSG:32718,30,0,EPSG:32718,2024,1.1,2.1,1.02,18S,spatiotemporally held-out,2025,A49,15.650852675683337,ESA WorldCover 2021 class 80,Raw64 + class similarities + margins,Raw64_ClassSimilarity_Margins,5,predicted positive AND individual object truth / individual object truth,unweighted 10 m pixel counts,Chile,0.7,5,150,123,8,10,proto_3;proto_4;proto_5,true cosine similarity,"{""type"":""MultiPoint"",""coordinates"":[]}"
1_1_1_2_50,proto_1;proto_2;proto_3;proto_4;proto_5,EPSG:32718,30,0,EPSG:32718,2024,1.1,2.1,1.02,18S,spatiotemporally held-out,2025,A50,25.556025465792615,ESA WorldCover 2021 class 80,Raw64 + class similarities + margins,Raw64_ClassSimilarity_Margins,5,predicted positive AND individual object truth / individual object truth,unweighted 10 m pixel counts,Chile,0.7,5,150,123,8,10,proto_3;proto_4;proto_5,true cosine similarity,"{""type"":""MultiPoint"",""coordinates"":[]}"
1_1_1_2_51,proto_1;proto_2;proto_3;proto_4;proto_5,EPSG:32718,30,0,EPSG:32718,2024,1.1,2.1,1.02,18S,spatiotemporally held-out,2025,A51,8.389376781914205,ESA WorldCover 2021 class 80,Raw64 + class similarities + margins,Raw64_ClassSimilarity_Margins,5,predicted positive AND individual object truth / individual object truth,unweighted 10 m pixel counts,Chile,0.7,5,150,123,8,10,proto_3;proto_4;proto_5,true cosine similarity,"{""type"":""MultiPoint"",""coordinates"":[]}"
1_1_1_2_52,proto_1;proto_2;proto_3;proto_4;proto_5,EPSG:32718,30,0,EPSG:32718,2024,1.1,2.1,1.02,18S,spatiotemporally held-out,2025,A52,18.210405339577157,ESA WorldCover 2021 class 80,Raw64 + class similarities + margins,Raw64_ClassSimilarity_Margins,5,predicted positive AND individual object truth / individual object truth,unweighted 10 m pixel counts,Chile,0.7,5,150,123,8,10,proto_3;proto_4;proto_5,true cosine similarity,"{""type"":""MultiPoint"",""coordinates"":[]}"
1_1_1_2_53,proto_1;proto_2;proto_3;proto_4;proto_5,EPSG:32718,30,0,EPSG:32718,2024,1.1,2.1,1.02,18S,spatiotemporally held-out,2025,A53,22.191731363487023,ESA WorldCover 2021 class 80,Raw64 + class similarities + margins,Raw64_ClassSimilarity_Margins,5,predicted positive AND individual object truth / individual object truth,unweighted 10 m pixel counts,Chile,0.7,5,150,123,8,10,proto_3;proto_4;proto_5,true cosine similarity,"{""type"":""MultiPoint"",""coordinates"":[]}"
1_1_1_2_54,proto_1;proto_2;proto_3;proto_4;proto_5,EPSG:32718,30,0,EPSG:32718,2024,1.1,2.1,1.02,18S,spatiotemporally held-out,2025,A54,9.817937531742832,ESA WorldCover 2021 class 80,Raw64 + class similarities + margins,Raw64_ClassSimilarity_Margins,5,predicted positive AND individual object truth / individual object truth,unweighted 10 m pixel counts,Chile,0.7,5,150,123,8,10,proto_3;proto_4;proto_5,true cosine similarity,"{""type"":""MultiPoint"",""coordinates"":[]}"
1_1_1_2_55,proto_1;proto_2;proto_3;proto_4;proto_5,EPSG:32718,30,0,EPSG:32718,2024,1.1,2.1,1.02,18S,spatiotemporally held-out,2025,A55,25.420313050218102,ESA WorldCover 2021 class 80,Raw64 + class similarities + margins,Raw64_ClassSimilarity_Margins,5,predicted positive AND individual object truth / individual object truth,unweighted 10 m pixel counts,Chile,0.7,5,150,123,8,10,proto_3;proto_4;proto_5,true cosine similarity,"{""type"":""MultiPoint"",""coordinates"":[]}"
1_1_1_2_56,proto_1;proto_2;proto_3;proto_4;proto_5,EPSG:32718,30,0,EPSG:32718,2024,1.1,2.1,1.02,18S,spatiotemporally held-out,2025,A56,9.57811345197231,ESA WorldCover 2021 class 80,Raw64 + class similarities + margins,Raw64_ClassSimilarity_Margins,5,predicted positive AND individual object truth / individual object truth,unweighted 10 m pixel counts,Chile,0.7,5,150,123,8,10,proto_3;proto_4;proto_5,true cosine similarity,"{""type"":""MultiPoint"",""coordinates"":[]}"
1_1_1_2_57,proto_1;proto_2;proto_3;proto_4;proto_5,EPSG:32718,30,0,EPSG:32718,2024,1.1,2.1,1.02,18S,spatiotemporally held-out,2025,A57,22.707201924005027,ESA WorldCover 2021 class 80,Raw64 + class similarities + margins,Raw64_ClassSimilarity_Margins,5,predicted positive AND individual object truth / individual object truth,unweighted 10 m pixel counts,Chile,0.7,5,150,123,8,10,proto_3;proto_4;proto_5,true cosine similarity,"{""type"":""MultiPoint"",""coordinates"":[]}"
1_1_1_2_58,proto_1;proto_2;proto_3;proto_4;proto_5,EPSG:32718,30,0,EPSG:32718,2024,1.1,2.1,1.02,18S,spatiotemporally held-out,2025,A58,10.198027938261104,ESA WorldCover 2021 class 80,Raw64 + class similarities + margins,Raw64_ClassSimilarity_Margins,5,predicted positive AND individual object truth / individual object truth,unweighted 10 m pixel counts,Chile,0.7,5,150,123,8,10,proto_3;proto_4;proto_5,true cosine similarity,"{""type"":""MultiPoint"",""coordinates"":[]}"
1_1_1_2_59,proto_1;proto_2;proto_3;proto_4;proto_5,EPSG:32718,30,0,EPSG:32718,2024,1.1,2.1,1.02,18S,spatiotemporally held-out,2025,A59,20.027017186096927,ESA WorldCover 2021 class 80,Raw64 + class similarities + margins,Raw64_ClassSimilarity_Margins,5,predicted positive AND individual object truth / individual object truth,unweighted 10 m pixel counts,Chile,0.7,5,150,123,8,10,proto_3;proto_4;proto_5,true cosine similarity,"{""type"":""MultiPoint"",""coordinates"":[]}"
1_1_1_2_60,proto_1;proto_2;proto_3;proto_4;proto_5,EPSG:32718,30,0,EPSG:32718,2024,1.1,2.1,1.02,18S,spatiotemporally held-out,2025,A60,9.391294084806203,ESA WorldCover 2021 class 80,Raw64 + class similarities + margins,Raw64_ClassSimilarity_Margins,5,predicted positive AND individual object truth / individual object truth,unweighted 10 m pixel counts,Chile,0.7,5,150,123,8,10,proto_3;proto_4;proto_5,true cosine similarity,"{""type"":""MultiPoint"",""coordinates"":[]}"
1_1_1_2_61,proto_1;proto_2;proto_3;proto_4;proto_5,EPSG:32718,30,0,EPSG:32718,2024,1.1,2.1,1.02,18S,spatiotemporally held-out,2025,A61,15.257962343347163,ESA WorldCover 2021 class 80,Raw64 + class similarities + margins,Raw64_ClassSimilarity_Margins,5,predicted positive AND individual object truth / individual object truth,unweighted 10 m pixel counts,Chile,0.7,5,150,123,8,10,proto_3;proto_4;proto_5,true cosine similarity,"{""type"":""MultiPoint"",""coordinates"":[]}"
1_1_1_2_62,proto_1;proto_2;proto_3;proto_4;proto_5,EPSG:32718,30,0,EPSG:32718,2024,1.1,2.1,1.02,18S,spatiotemporally held-out,2025,A62,15.265384156249805,ESA WorldCover 2021 class 80,Raw64 + class similarities + margins,Raw64_ClassSimilarity_Margins,5,predicted positive AND individual object truth / individual object truth,unweighted 10 m pixel counts,Chile,0.7,5,150,123,8,10,proto_3;proto_4;proto_5,true cosine similarity,"{""type"":""MultiPoint"",""coordinates"":[]}"
1_1_1_2_63,proto_1;proto_2;proto_3;proto_4;proto_5,EPSG:32718,30,0,EPSG:32718,2024,1.1,2.1,1.02,18S,spatiotemporally held-out,2025,A63,13.877850345922747,ESA WorldCover 2021 class 80,Raw64 + class similarities + margins,Raw64_ClassSimilarity_Margins,5,predicted positive AND individual object truth / individual object truth,unweighted 10 m pixel counts,Chile,0.7,5,150,123,8,10,proto_3;proto_4;proto_5,true cosine similarity,"{""type"":""MultiPoint"",""coordinates"":[]}"
1_1_1_2_64,proto_1;proto_2;proto_3;proto_4;proto_5,EPSG:32718,30,0,EPSG:32718,2024,1.1,2.1,1.02,18S,spatiotemporally held-out,2025,conf_sim,17.956163749159188,ESA WorldCover 2021 class 80,Raw64 + class similarities + margins,Raw64_ClassSimilarity_Margins,5,predicted positive AND individual object truth / individual object truth,unweighted 10 m pixel counts,Chile,0.7,5,150,123,8,10,proto_3;proto_4;proto_5,true cosine similarity,"{""type"":""MultiPoint"",""coordinates"":[]}"
1_1_1_2_65,proto_1;proto_2;proto_3;proto_4;proto_5,EPSG:32718,30,0,EPSG:32718,2024,1.1,2.1,1.02,18S,spatiotemporally held-out,2025,farm_sim,16.143458841402502,ESA WorldCover 2021 class 80,Raw64 + class similarities + margins,Raw64_ClassSimilarity_Margins,5,predicted positive AND individual object truth / individual object truth,unweighted 10 m pixel counts,Chile,0.7,5,150,123,8,10,proto_3;proto_4;proto_5,true cosine similarity,"{""type"":""MultiPoint"",""coordinates"":[]}"
1_1_1_2_66,proto_1;proto_2;proto_3;proto_4;proto_5,EPSG:32718,30,0,EPSG:32718,2024,1.1,2.1,1.02,18S,spatiotemporally held-out,2025,margin_best_noise,23.97128138659004,ESA WorldCover 2021 class 80,Raw64 + class similarities + margins,Raw64_ClassSimilarity_Margins,5,predicted positive AND individual object truth / individual object truth,unweighted 10 m pixel counts,Chile,0.7,5,150,123,8,10,proto_3;proto_4;proto_5,true cosine similarity,"{""type"":""MultiPoint"",""coordinates"":[]}"
1_1_1_2_67,proto_1;proto_2;proto_3;proto_4;proto_5,EPSG:32718,30,0,EPSG:32718,2024,1.1,2.1,1.02,18S,spatiotemporally held-out,2025,margin_conf,19.02683621939975,ESA WorldCover 2021 class 80,Raw64 + class similarities + margins,Raw64_ClassSimilarity_Margins,5,predicted positive AND individual object truth / individual object truth,unweighted 10 m pixel counts,Chile,0.7,5,150,123,8,10,proto_3;proto_4;proto_5,true cosine similarity,"{""type"":""MultiPoint"",""coordinates"":[]}"
1_1_1_2_68,proto_1;proto_2;proto_3;proto_4;proto_5,EPSG:32718,30,0,EPSG:32718,2024,1.1,2.1,1.02,18S,spatiotemporally held-out,2025,margin_ocean,20.07965760929172,ESA WorldCover 2021 class 80,Raw64 + class similarities + margins,Raw64_ClassSimilarity_Margins,5,predicted positive AND individual object truth / individual object truth,unweighted 10 m pixel counts,Chile,0.7,5,150,123,8,10,proto_3;proto_4;proto_5,true cosine similarity,"{""type"":""MultiPoint"",""coordinates"":[]}"
1_1_1_2_69,proto_1;proto_2;proto_3;proto_4;proto_5,EPSG:32718,30,0,EPSG:32718,2024,1.1,2.1,1.02,18S,spatiotemporally held-out,2025,ocean_sim,18.68352405350542,ESA WorldCover 2021 class 80,Raw64 + class similarities + margins,Raw64_ClassSimilarity_Margins,5,predicted positive AND individual object truth / individual object truth,unweighted 10 m pixel counts,Chile,0.7,5,150,123,8,10,proto_3;proto_4;proto_5,true cosine similarity,"{""type"":""MultiPoint"",""coordinates"":[]}"
1_1_2_0,proto_1;proto_2;proto_3;proto_4;proto_5,EPSG:32718,30,0,EPSG:32718,2024,1.1,2.1,1.02,18S,spatiotemporally held-out,2025,A00,11.910277743079153,ESA WorldCover 2021 class 80,Raw64 + class similarities + margins + all prototypes,Raw64_ClassSimilarity_Margins_AllPrototypes,5,predicted positive AND individual object truth / individual object truth,unweighted 10 m pixel counts,Chile,0.7,5,150,123,8,10,proto_3;proto_4;proto_5,true cosine similarity,"{""type"":""MultiPoint"",""coordinates"":[]}"
1_1_2_1,proto_1;proto_2;proto_3;proto_4;proto_5,EPSG:32718,30,0,EPSG:32718,2024,1.1,2.1,1.02,18S,spatiotemporally held-out,2025,A01,8.455120675387487,ESA WorldCover 2021 class 80,Raw64 + class similarities + margins + all prototypes,Raw64_ClassSimilarity_Margins_AllPrototypes,5,predicted positive AND individual object truth / individual object truth,unweighted 10 m pixel counts,Chile,0.7,5,150,123,8,10,proto_3;proto_4;proto_5,true cosine similarity,"{""type"":""MultiPoint"",""coordinates"":[]}"
1_1_2_2,proto_1;proto_2;proto_3;proto_4;proto_5,EPSG:32718,30,0,EPSG:32718,2024,1.1,2.1,1.02,18S,spatiotemporally held-out,2025,A02,38.93940363873423,ESA WorldCover 2021 class 80,Raw64 + class similarities + margins + all prototypes,Raw64_ClassSimilarity_Margins_AllPrototypes,5,predicted positive AND individual object truth / individual object truth,unweighted 10 m pixel counts,Chile,0.7,5,150,123,8,10,proto_3;proto_4;proto_5,true cosine similarity,"{""type"":""MultiPoint"",""coordinates"":[]}"
1_1_2_3,proto_1;proto_2;proto_3;proto_4;proto_5,EPSG:32718,30,0,EPSG:32718,2024,1.1,2.1,1.02,18S,spatiotemporally held-out,2025,A03,14.267663304235807,ESA WorldCover 2021 class 80,Raw64 + class similarities + margins + all prototypes,Raw64_ClassSimilarity_Margins_AllPrototypes,5,predicted positive AND individual object truth / individual object truth,unweighted 10 m pixel counts,Chile,0.7,5,150,123,8,10,proto_3;proto_4;proto_5,true cosine similarity,"{""type"":""MultiPoint"",""coordinates"":[]}"
1_1_2_4,proto_1;proto_2;proto_3;proto_4;proto_5,EPSG:32718,30,0,EPSG:32718,2024,1.1,2.1,1.02,18S,spatiotemporally held-out,2025,A04,10.340680430340699,ESA WorldCover 2021 class 80,Raw64 + class similarities + margins + all prototypes,Raw64_ClassSimilarity_Margins_AllPrototypes,5,predicted positive AND individual object truth / individual object truth,unweighted 10 m pixel counts,Chile,0.7,5,150,123,8,10,proto_3;proto_4;proto_5,true cosine similarity,"{""type"":""MultiPoint"",""coordinates"":[]}"
1_1_2_5,proto_1;proto_2;proto_3;proto_4;proto_5,EPSG:32718,30,0,EPSG:32718,2024,1.1,2.1,1.02,18S,spatiotemporally held-out,2025,A05,7.395252291987113,ESA WorldCover 2021 class 80,Raw64 + class similarities + margins + all prototypes,Raw64_ClassSimilarity_Margins_AllPrototypes,5,predicted positive AND individual object truth / individual object truth,unweighted 10 m pixel counts,Chile,0.7,5,150,123,8,10,proto_3;proto_4;proto_5,true cosine similarity,"{""type"":""MultiPoint"",""coordinates"":[]}"
1_1_2_6,proto_1;proto_2;proto_3;proto_4;proto_5,EPSG:32718,30,0,EPSG:32718,2024,1.1,2.1,1.02,18S,spatiotemporally held-out,2025,A06,14.778750471697112,ESA WorldCover 2021 class 80,Raw64 + class similarities + margins + all prototypes,Raw64_ClassSimilarity_Margins_AllPrototypes,5,predicted positive AND individual object truth / individual object truth,unweighted 10 m pixel counts,Chile,0.7,5,150,123,8,10,proto_3;proto_4;proto_5,true cosine similarity,"{""type"":""MultiPoint"",""coordinates"":[]}"
1_1_2_7,proto_1;proto_2;proto_3;proto_4;proto_5,EPSG:32718,30,0,EPSG:32718,2024,1.1,2.1,1.02,18S,spatiotemporally held-out,2025,A07,13.088926730472181,ESA WorldCover 2021 class 80,Raw64 + class similarities + margins + all prototypes,Raw64_ClassSimilarity_Margins_AllPrototypes,5,predicted positive AND individual object truth / individual object truth,unweighted 10 m pixel counts,Chile,0.7,5,150,123,8,10,proto_3;proto_4;proto_5,true cosine similarity,"{""type"":""MultiPoint"",""coordinates"":[]}"
1_1_2_8,proto_1;proto_2;proto_3;proto_4;proto_5,EPSG:32718,30,0,EPSG:32718,2024,1.1,2.1,1.02,18S,spatiotemporally held-out,2025,A08,10.826424429618317,ESA WorldCover 2021 class 80,Raw64 + class similarities + margins + all prototypes,Raw64_ClassSimilarity_Margins_AllPrototypes,5,predicted positive AND individual object truth / individual object truth,unweighted 10 m pixel counts,Chile,0.7,5,150,123,8,10,proto_3;proto_4;proto_5,true cosine similarity,"{""type"":""MultiPoint"",""coordinates"":[]}"
1_1_2_9,proto_1;proto_2;proto_3;proto_4;proto_5,EPSG:32718,30,0,EPSG:32718,2024,1.1,2.1,1.02,18S,spatiotemporally held-out,2025,A09,12.059044383200723,ESA WorldCover 2021 class 80,Raw64 + class similarities + margins + all prototypes,Raw64_ClassSimilarity_Margins_AllPrototypes,5,predicted positive AND individual object truth / individual object truth,unweighted 10 m pixel counts,Chile,0.7,5,150,123,8,10,proto_3;proto_4;proto_5,true cosine similarity,"{""type"":""MultiPoint"",""coordinates"":[]}"
1_1_2_10,proto_1;proto_2;proto_3;proto_4;proto_5,EPSG:32718,30,0,EPSG:32718,2024,1.1,2.1,1.02,18S,spatiotemporally held-out,2025,A10,13.892459939973188,ESA WorldCover 2021 class 80,Raw64 + class similarities + margins + all prototypes,Raw64_ClassSimilarity_Margins_AllPrototypes,5,predicted positive AND individual object truth / individual object truth,unweighted 10 m pixel counts,Chile,0.7,5,150,123,8,10,proto_3;proto_4;proto_5,true cosine similarity,"{""type"":""MultiPoint"",""coordinates"":[]}"
1_1_2_11,proto_1;proto_2;proto_3;proto_4;proto_5,EPSG:32718,30,0,EPSG:32718,2024,1.1,2.1,1.02,18S,spatiotemporally held-out,2025,A11,4.241488384637227,ESA WorldCover 2021 class 80,Raw64 + class similarities + margins + all prototypes,Raw64_ClassSimilarity_Margins_AllPrototypes,5,predicted positive AND individual object truth / individual object truth,unweighted 10 m pixel counts,Chile,0.7,5,150,123,8,10,proto_3;proto_4;proto_5,true cosine similarity,"{""type"":""MultiPoint"",""coordinates"":[]}"
1_1_2_12,proto_1;proto_2;proto_3;proto_4;proto_5,EPSG:32718,30,0,EPSG:32718,2024,1.1,2.1,1.02,18S,spatiotemporally held-out,2025,A12,14.96136194635248,ESA WorldCover 2021 class 80,Raw64 + class similarities + margins + all prototypes,Raw64_ClassSimilarity_Margins_AllPrototypes,5,predicted positive AND individual object truth / individual object truth,unweighted 10 m pixel counts,Chile,0.7,5,150,123,8,10,proto_3;proto_4;proto_5,true cosine similarity,"{""type"":""MultiPoint"",""coordinates"":[]}"
1_1_2_13,proto_1;proto_2;proto_3;proto_4;proto_5,EPSG:32718,30,0,EPSG:32718,2024,1.1,2.1,1.02,18S,spatiotemporally held-out,2025,A13,9.658736105800141,ESA WorldCover 2021 class 80,Raw64 + class similarities + margins + all prototypes,Raw64_ClassSimilarity_Margins_AllPrototypes,5,predicted positive AND individual object truth / individual object truth,unweighted 10 m pixel counts,Chile,0.7,5,150,123,8,10,proto_3;proto_4;proto_5,true cosine similarity,"{""type"":""MultiPoint"",""coordinates"":[]}"
1_1_2_14,proto_1;proto_2;proto_3;proto_4;proto_5,EPSG:32718,30,0,EPSG:32718,2024,1.1,2.1,1.02,18S,spatiotemporally held-out,2025,A14,8.930720277593027,ESA WorldCover 2021 class 80,Raw64 + class similarities + margins + all prototypes,Raw64_ClassSimilarity_Margins_AllPrototypes,5,predicted positive AND individual object truth / individual object truth,unweighted 10 m pixel counts,Chile,0.7,5,150,123,8,10,proto_3;proto_4;proto_5,true cosine similarity,"{""type"":""MultiPoint"",""coordinates"":[]}"
1_1_2_15,proto_1;proto_2;proto_3;proto_4;proto_5,EPSG:32718,30,0,EPSG:32718,2024,1.1,2.1,1.02,18S,spatiotemporally held-out,2025,A15,12.831676350899905,ESA WorldCover 2021 class 80,Raw64 + class similarities + margins + all prototypes,Raw64_ClassSimilarity_Margins_AllPrototypes,5,predicted positive AND individual object truth / individual object truth,unweighted 10 m pixel counts,Chile,0.7,5,150,123,8,10,proto_3;proto_4;proto_5,true cosine similarity,"{""type"":""MultiPoint"",""coordinates"":[]}"
1_1_2_16,proto_1;proto_2;proto_3;proto_4;proto_5,EPSG:32718,30,0,EPSG:32718,2024,1.1,2.1,1.02,18S,spatiotemporally held-out,2025,A16,13.996555396482755,ESA WorldCover 2021 class 80,Raw64 + class similarities + margins + all prototypes,Raw64_ClassSimilarity_Margins_AllPrototypes,5,predicted positive AND individual object truth / individual object truth,unweighted 10 m pixel counts,Chile,0.7,5,150,123,8,10,proto_3;proto_4;proto_5,true cosine similarity,"{""type"":""MultiPoint"",""coordinates"":[]}"
1_1_2_17,proto_1;proto_2;proto_3;proto_4;proto_5,EPSG:32718,30,0,EPSG:32718,2024,1.1,2.1,1.02,18S,spatiotemporally held-out,2025,A17,8.814290961548446,ESA WorldCover 2021 class 80,Raw64 + class similarities + margins + all prototypes,Raw64_ClassSimilarity_Margins_AllPrototypes,5,predicted positive AND individual object truth / individual object truth,unweighted 10 m pixel counts,Chile,0.7,5,150,123,8,10,proto_3;proto_4;proto_5,true cosine similarity,"{""type"":""MultiPoint"",""coordinates"":[]}"
1_1_2_18,proto_1;proto_2;proto_3;proto_4;proto_5,EPSG:32718,30,0,EPSG:32718,2024,1.1,2.1,1.02,18S,spatiotemporally held-out,2025,A18,11.811537035255947,ESA WorldCover 2021 class 80,Raw64 + class similarities + margins + all prototypes,Raw64_ClassSimilarity_Margins_AllPrototypes,5,predicted positive AND individual object truth / individual object truth,unweighted 10 m pixel counts,Chile,0.7,5,150,123,8,10,proto_3;proto_4;proto_5,true cosine similarity,"{""type"":""MultiPoint"",""coordinates"":[]}"
1_1_2_19,proto_1;proto_2;proto_3;proto_4;proto_5,EPSG:32718,30,0,EPSG:32718,2024,1.1,2.1,1.02,18S,spatiotemporally held-out,2025,A19,9.354658237745927,ESA WorldCover 2021 class 80,Raw64 + class similarities + margins + all prototypes,Raw64_ClassSimilarity_Margins_AllPrototypes,5,predicted positive AND individual object truth / individual object truth,unweighted 10 m pixel counts,Chile,0.7,5,150,123,8,10,proto_3;proto_4;proto_5,true cosine similarity,"{""type"":""MultiPoint"",""coordinates"":[]}"
1_1_2_20,proto_1;proto_2;proto_3;proto_4;proto_5,EPSG:32718,30,0,EPSG:32718,2024,1.1,2.1,1.02,18S,spatiotemporally held-out,2025,A20,10.958885094636123,ESA WorldCover 2021 class 80,Raw64 + class similarities + margins + all prototypes,Raw64_ClassSimilarity_Margins_AllPrototypes,5,predicted positive AND individual object truth / individual object truth,unweighted 10 m pixel counts,Chile,0.7,5,150,123,8,10,proto_3;proto_4;proto_5,true cosine similarity,"{""type"":""MultiPoint"",""coordinates"":[]}"
1_1_2_21,proto_1;proto_2;proto_3;proto_4;proto_5,EPSG:32718,30,0,EPSG:32718,2024,1.1,2.1,1.02,18S,spatiotemporally held-out,2025,A21,19.756460717198614,ESA WorldCover 2021 class 80,Raw64 + class similarities + margins + all prototypes,Raw64_ClassSimilarity_Margins_AllPrototypes,5,predicted positive AND individual object truth / individual object truth,unweighted 10 m pixel counts,Chile,0.7,5,150,123,8,10,proto_3;proto_4;proto_5,true cosine similarity,"{""type"":""MultiPoint"",""coordinates"":[]}"
1_1_2_22,proto_1;proto_2;proto_3;proto_4;proto_5,EPSG:32718,30,0,EPSG:32718,2024,1.1,2.1,1.02,18S,spatiotemporally held-out,2025,A22,22.080094903854818,ESA WorldCover 2021 class 80,Raw64 + class similarities + margins + all prototypes,Raw64_ClassSimilarity_Margins_AllPrototypes,5,predicted positive AND individual object truth / individual object truth,unweighted 10 m pixel counts,Chile,0.7,5,150,123,8,10,proto_3;proto_4;proto_5,true cosine similarity,"{""type"":""MultiPoint"",""coordinates"":[]}"
1_1_2_23,proto_1;proto_2;proto_3;proto_4;proto_5,EPSG:32718,30,0,EPSG:32718,2024,1.1,2.1,1.02,18S,spatiotemporally held-out,2025,A23,9.001227417628716,ESA WorldCover 2021 class 80,Raw64 + class similarities + margins + all prototypes,Raw64_ClassSimilarity_Margins_AllPrototypes,5,predicted positive AND individual object truth / individual object truth,unweighted 10 m pixel counts,Chile,0.7,5,150,123,8,10,proto_3;proto_4;proto_5,true cosine similarity,"{""type"":""MultiPoint"",""coordinates"":[]}"
1_1_2_24,proto_1;proto_2;proto_3;proto_4;proto_5,EPSG:32718,30,0,EPSG:32718,2024,1.1,2.1,1.02,18S,spatiotemporally held-out,2025,A24,6.5526789260276574,ESA WorldCover 2021 class 80,Raw64 + class similarities + margins + all prototypes,Raw64_ClassSimilarity_Margins_AllPrototypes,5,predicted positive AND individual object truth / individual object truth,unweighted 10 m pixel counts,Chile,0.7,5,150,123,8,10,proto_3;proto_4;proto_5,true cosine similarity,"{""type"":""MultiPoint"",""coordinates"":[]}"
1_1_2_25,proto_1;proto_2;proto_3;proto_4;proto_5,EPSG:32718,30,0,EPSG:32718,2024,1.1,2.1,1.02,18S,spatiotemporally held-out,2025,A25,9.125859985661599,ESA WorldCover 2021 class 80,Raw64 + class similarities + margins + all prototypes,Raw64_ClassSimilarity_Margins_AllPrototypes,5,predicted positive AND individual object truth / individual object truth,unweighted 10 m pixel counts,Chile,0.7,5,150,123,8,10,proto_3;proto_4;proto_5,true cosine similarity,"{""type"":""MultiPoint"",""coordinates"":[]}"
1_1_2_26,proto_1;proto_2;proto_3;proto_4;proto_5,EPSG:32718,30,0,EPSG:32718,2024,1.1,2.1,1.02,18S,spatiotemporally held-out,2025,A26,22.133717766887813,ESA WorldCover 2021 class 80,Raw64 + class similarities + margins + all prototypes,Raw64_ClassSimilarity_Margins_AllPrototypes,5,predicted positive AND individual object truth / individual object truth,unweighted 10 m pixel counts,Chile,0.7,5,150,123,8,10,proto_3;proto_4;proto_5,true cosine similarity,"{""type"":""MultiPoint"",""coordinates"":[]}"
1_1_2_27,proto_1;proto_2;proto_3;proto_4;proto_5,EPSG:32718,30,0,EPSG:32718,2024,1.1,2.1,1.02,18S,spatiotemporally held-out,2025,A27,11.457284893910247,ESA WorldCover 2021 class 80,Raw64 + class similarities + margins + all prototypes,Raw64_ClassSimilarity_Margins_AllPrototypes,5,predicted positive AND individual object truth / individual object truth,unweighted 10 m pixel counts,Chile,0.7,5,150,123,8,10,proto_3;proto_4;proto_5,true cosine similarity,"{""type"":""MultiPoint"",""coordinates"":[]}"
1_1_2_28,proto_1;proto_2;proto_3;proto_4;proto_5,EPSG:32718,30,0,EPSG:32718,2024,1.1,2.1,1.02,18S,spatiotemporally held-out,2025,A28,10.307476938523509,ESA WorldCover 2021 class 80,Raw64 + class similarities + margins + all prototypes,Raw64_ClassSimilarity_Margins_AllPrototypes,5,predicted positive AND individual object truth / individual object truth,unweighted 10 m pixel counts,Chile,0.7,5,150,123,8,10,proto_3;proto_4;proto_5,true cosine similarity,"{""type"":""MultiPoint"",""coordinates"":[]}"
1_1_2_29,proto_1;proto_2;proto_3;proto_4;proto_5,EPSG:32718,30,0,EPSG:32718,2024,1.1,2.1,1.02,18S,spatiotemporally held-out,2025,A29,8.462504012057037,ESA WorldCover 2021 class 80,Raw64 + class similarities + margins + all prototypes,Raw64_ClassSimilarity_Margins_AllPrototypes,5,predicted positive AND individual object truth / individual object truth,unweighted 10 m pixel counts,Chile,0.7,5,150,123,8,10,proto_3;proto_4;proto_5,true cosine similarity,"{""type"":""MultiPoint"",""coordinates"":[]}"
1_1_2_30,proto_1;proto_2;proto_3;proto_4;proto_5,EPSG:32718,30,0,EPSG:32718,2024,1.1,2.1,1.02,18S,spatiotemporally held-out,2025,A30,17.30317810520687,ESA WorldCover 2021 class 80,Raw64 + class similarities + margins + all prototypes,Raw64_ClassSimilarity_Margins_AllPrototypes,5,predicted positive AND individual object truth / individual object truth,unweighted 10 m pixel counts,Chile,0.7,5,150,123,8,10,proto_3;proto_4;proto_5,true cosine similarity,"{""type"":""MultiPoint"",""coordinates"":[]}"
1_1_2_31,proto_1;proto_2;proto_3;proto_4;proto_5,EPSG:32718,30,0,EPSG:32718,2024,1.1,2.1,1.02,18S,spatiotemporally held-out,2025,A31,16.869862448108208,ESA WorldCover 2021 class 80,Raw64 + class similarities + margins + all prototypes,Raw64_ClassSimilarity_Margins_AllPrototypes,5,predicted positive AND individual object truth / individual object truth,unweighted 10 m pixel counts,Chile,0.7,5,150,123,8,10,proto_3;proto_4;proto_5,true cosine similarity,"{""type"":""MultiPoint"",""coordinates"":[]}"
1_1_2_32,proto_1;proto_2;proto_3;proto_4;proto_5,EPSG:32718,30,0,EPSG:32718,2024,1.1,2.1,1.02,18S,spatiotemporally held-out,2025,A32,10.488323673248388,ESA WorldCover 2021 class 80,Raw64 + class similarities + margins + all prototypes,Raw64_ClassSimilarity_Margins_AllPrototypes,5,predicted positive AND individual object truth / individual object truth,unweighted 10 m pixel counts,Chile,0.7,5,150,123,8,10,proto_3;proto_4;proto_5,true cosine similarity,"{""type"":""MultiPoint"",""coordinates"":[]}"
1_1_2_33,proto_1;proto_2;proto_3;proto_4;proto_5,EPSG:32718,30,0,EPSG:32718,2024,1.1,2.1,1.02,18S,spatiotemporally held-out,2025,A33,11.050260202403152,ESA WorldCover 2021 class 80,Raw64 + class similarities + margins + all prototypes,Raw64_ClassSimilarity_Margins_AllPrototypes,5,predicted positive AND individual object truth / individual object truth,unweighted 10 m pixel counts,Chile,0.7,5,150,123,8,10,proto_3;proto_4;proto_5,true cosine similarity,"{""type"":""MultiPoint"",""coordinates"":[]}"
1_1_2_34,proto_1;proto_2;proto_3;proto_4;proto_5,EPSG:32718,30,0,EPSG:32718,2024,1.1,2.1,1.02,18S,spatiotemporally held-out,2025,A34,8.074292980106081,ESA WorldCover 2021 class 80,Raw64 + class similarities + margins + all prototypes,Raw64_ClassSimilarity_Margins_AllPrototypes,5,predicted positive AND individual object truth / individual object truth,unweighted 10 m pixel counts,Chile,0.7,5,150,123,8,10,proto_3;proto_4;proto_5,true cosine similarity,"{""type"":""MultiPoint"",""coordinates"":[]}"
1_1_2_35,proto_1;proto_2;proto_3;proto_4;proto_5,EPSG:32718,30,0,EPSG:32718,2024,1.1,2.1,1.02,18S,spatiotemporally held-out,2025,A35,11.75292326377625,ESA WorldCover 2021 class 80,Raw64 + class similarities + margins + all prototypes,Raw64_ClassSimilarity_Margins_AllPrototypes,5,predicted positive AND individual object truth / individual object truth,unweighted 10 m pixel counts,Chile,0.7,5,150,123,8,10,proto_3;proto_4;proto_5,true cosine similarity,"{""type"":""MultiPoint"",""coordinates"":[]}"
1_1_2_36,proto_1;proto_2;proto_3;proto_4;proto_5,EPSG:32718,30,0,EPSG:32718,2024,1.1,2.1,1.02,18S,spatiotemporally held-out,2025,A36,14.879775624958855,ESA WorldCover 2021 class 80,Raw64 + class similarities + margins + all prototypes,Raw64_ClassSimilarity_Margins_AllPrototypes,5,predicted positive AND individual object truth / individual object truth,unweighted 10 m pixel counts,Chile,0.7,5,150,123,8,10,proto_3;proto_4;proto_5,true cosine similarity,"{""type"":""MultiPoint"",""coordinates"":[]}"
1_1_2_37,proto_1;proto_2;proto_3;proto_4;proto_5,EPSG:32718,30,0,EPSG:32718,2024,1.1,2.1,1.02,18S,spatiotemporally held-out,2025,A37,10.895070055519378,ESA WorldCover 2021 class 80,Raw64 + class similarities + margins + all prototypes,Raw64_ClassSimilarity_Margins_AllPrototypes,5,predicted positive AND individual object truth / individual object truth,unweighted 10 m pixel counts,Chile,0.7,5,150,123,8,10,proto_3;proto_4;proto_5,true cosine similarity,"{""type"":""MultiPoint"",""coordinates"":[]}"
1_1_2_38,proto_1;proto_2;proto_3;proto_4;proto_5,EPSG:32718,30,0,EPSG:32718,2024,1.1,2.1,1.02,18S,spatiotemporally held-out,2025,A38,9.222615988751924,ESA WorldCover 2021 class 80,Raw64 + class similarities + margins + all prototypes,Raw64_ClassSimilarity_Margins_AllPrototypes,5,predicted positive AND individual object truth / individual object truth,unweighted 10 m pixel counts,Chile,0.7,5,150,123,8,10,proto_3;proto_4;proto_5,true cosine similarity,"{""type"":""MultiPoint"",""coordinates"":[]}"
1_1_2_39,proto_1;proto_2;proto_3;proto_4;proto_5,EPSG:32718,30,0,EPSG:32718,2024,1.1,2.1,1.02,18S,spatiotemporally held-out,2025,A39,14.407652462532027,ESA WorldCover 2021 class 80,Raw64 + class similarities + margins + all prototypes,Raw64_ClassSimilarity_Margins_AllPrototypes,5,predicted positive AND individual object truth / individual object truth,unweighted 10 m pixel counts,Chile,0.7,5,150,123,8,10,proto_3;proto_4;proto_5,true cosine similarity,"{""type"":""MultiPoint"",""coordinates"":[]}"
1_1_2_40,proto_1;proto_2;proto_3;proto_4;proto_5,EPSG:32718,30,0,EPSG:32718,2024,1.1,2.1,1.02,18S,spatiotemporally held-out,2025,A40,11.785323724514715,ESA WorldCover 2021 class 80,Raw64 + class similarities + margins + all prototypes,Raw64_ClassSimilarity_Margins_AllPrototypes,5,predicted positive AND individual object truth / individual object truth,unweighted 10 m pixel counts,Chile,0.7,5,150,123,8,10,proto_3;proto_4;proto_5,true cosine similarity,"{""type"":""MultiPoint"",""coordinates"":[]}"
1_1_2_41,proto_1;proto_2;proto_3;proto_4;proto_5,EPSG:32718,30,0,EPSG:32718,2024,1.1,2.1,1.02,18S,spatiotemporally held-out,2025,A41,7.718487137041213,ESA WorldCover 2021 class 80,Raw64 + class similarities + margins + all prototypes,Raw64_ClassSimilarity_Margins_AllPrototypes,5,predicted positive AND individual object truth / individual object truth,unweighted 10 m pixel counts,Chile,0.7,5,150,123,8,10,proto_3;proto_4;proto_5,true cosine similarity,"{""type"":""MultiPoint"",""coordinates"":[]}"
1_1_2_42,proto_1;proto_2;proto_3;proto_4;proto_5,EPSG:32718,30,0,EPSG:32718,2024,1.1,2.1,1.02,18S,spatiotemporally held-out,2025,A42,7.066186329330144,ESA WorldCover 2021 class 80,Raw64 + class similarities + margins + all prototypes,Raw64_ClassSimilarity_Margins_AllPrototypes,5,predicted positive AND individual object truth / individual object truth,unweighted 10 m pixel counts,Chile,0.7,5,150,123,8,10,proto_3;proto_4;proto_5,true cosine similarity,"{""type"":""MultiPoint"",""coordinates"":[]}"
1_1_2_43,proto_1;proto_2;proto_3;proto_4;proto_5,EPSG:32718,30,0,EPSG:32718,2024,1.1,2.1,1.02,18S,spatiotemporally held-out,2025,A43,11.536767295089437,ESA WorldCover 2021 class 80,Raw64 + class similarities + margins + all prototypes,Raw64_ClassSimilarity_Margins_AllPrototypes,5,predicted positive AND individual object truth / individual object truth,unweighted 10 m pixel counts,Chile,0.7,5,150,123,8,10,proto_3;proto_4;proto_5,true cosine similarity,"{""type"":""MultiPoint"",""coordinates"":[]}"
1_1_2_44,proto_1;proto_2;proto_3;proto_4;proto_5,EPSG:32718,30,0,EPSG:32718,2024,1.1,2.1,1.02,18S,spatiotemporally held-out,2025,A44,12.581850014589854,ESA WorldCover 2021 class 80,Raw64 + class similarities + margins + all prototypes,Raw64_ClassSimilarity_Margins_AllPrototypes,5,predicted positive AND individual object truth / individual object truth,unweighted 10 m pixel counts,Chile,0.7,5,150,123,8,10,proto_3;proto_4;proto_5,true cosine similarity,"{""type"":""MultiPoint"",""coordinates"":[]}"
1_1_2_45,proto_1;proto_2;proto_3;proto_4;proto_5,EPSG:32718,30,0,EPSG:32718,2024,1.1,2.1,1.02,18S,spatiotemporally held-out,2025,A45,11.228519109884214,ESA WorldCover 2021 class 80,Raw64 + class similarities + margins + all prototypes,Raw64_ClassSimilarity_Margins_AllPrototypes,5,predicted positive AND individual object truth / individual object truth,unweighted 10 m pixel counts,Chile,0.7,5,150,123,8,10,proto_3;proto_4;proto_5,true cosine similarity,"{""type"":""MultiPoint"",""coordinates"":[]}"
1_1_2_46,proto_1;proto_2;proto_3;proto_4;proto_5,EPSG:32718,30,0,EPSG:32718,2024,1.1,2.1,1.02,18S,spatiotemporally held-out,2025,A46,7.390271465499662,ESA WorldCover 2021 class 80,Raw64 + class similarities + margins + all prototypes,Raw64_ClassSimilarity_Margins_AllPrototypes,5,predicted positive AND individual object truth / individual object truth,unweighted 10 m pixel counts,Chile,0.7,5,150,123,8,10,proto_3;proto_4;proto_5,true cosine similarity,"{""type"":""MultiPoint"",""coordinates"":[]}"
1_1_2_47,proto_1;proto_2;proto_3;proto_4;proto_5,EPSG:32718,30,0,EPSG:32718,2024,1.1,2.1,1.02,18S,spatiotemporally held-out,2025,A47,23.71707273007351,ESA WorldCover 2021 class 80,Raw64 + class similarities + margins + all prototypes,Raw64_ClassSimilarity_Margins_AllPrototypes,5,predicted positive AND individual object truth / individual object truth,unweighted 10 m pixel counts,Chile,0.7,5,150,123,8,10,proto_3;proto_4;proto_5,true cosine similarity,"{""type"":""MultiPoint"",""coordinates"":[]}"
1_1_2_48,proto_1;proto_2;proto_3;proto_4;proto_5,EPSG:32718,30,0,EPSG:32718,2024,1.1,2.1,1.02,18S,spatiotemporally held-out,2025,A48,12.754388886096935,ESA WorldCover 2021 class 80,Raw64 + class similarities + margins + all prototypes,Raw64_ClassSimilarity_Margins_AllPrototypes,5,predicted positive AND individual object truth / individual object truth,unweighted 10 m pixel counts,Chile,0.7,5,150,123,8,10,proto_3;proto_4;proto_5,true cosine similarity,"{""type"":""MultiPoint"",""coordinates"":[]}"
1_1_2_49,proto_1;proto_2;proto_3;proto_4;proto_5,EPSG:32718,30,0,EPSG:32718,2024,1.1,2.1,1.02,18S,spatiotemporally held-out,2025,A49,10.225867877524653,ESA WorldCover 2021 class 80,Raw64 + class similarities + margins + all prototypes,Raw64_ClassSimilarity_Margins_AllPrototypes,5,predicted positive AND individual object truth / individual object truth,unweighted 10 m pixel counts,Chile,0.7,5,150,123,8,10,proto_3;proto_4;proto_5,true cosine similarity,"{""type"":""MultiPoint"",""coordinates"":[]}"
1_1_2_50,proto_1;proto_2;proto_3;proto_4;proto_5,EPSG:32718,30,0,EPSG:32718,2024,1.1,2.1,1.02,18S,spatiotemporally held-out,2025,A50,25.5444301178296,ESA WorldCover 2021 class 80,Raw64 + class similarities + margins + all prototypes,Raw64_ClassSimilarity_Margins_AllPrototypes,5,predicted positive AND individual object truth / individual object truth,unweighted 10 m pixel counts,Chile,0.7,5,150,123,8,10,proto_3;proto_4;proto_5,true cosine similarity,"{""type"":""MultiPoint"",""coordinates"":[]}"
1_1_2_51,proto_1;proto_2;proto_3;proto_4;proto_5,EPSG:32718,30,0,EPSG:32718,2024,1.1,2.1,1.02,18S,spatiotemporally held-out,2025,A51,6.452620336208405,ESA WorldCover 2021 class 80,Raw64 + class similarities + margins + all prototypes,Raw64_ClassSimilarity_Margins_AllPrototypes,5,predicted positive AND individual object truth / individual object truth,unweighted 10 m pixel counts,Chile,0.7,5,150,123,8,10,proto_3;proto_4;proto_5,true cosine similarity,"{""type"":""MultiPoint"",""coordinates"":[]}"
1_1_2_52,proto_1;proto_2;proto_3;proto_4;proto_5,EPSG:32718,30,0,EPSG:32718,2024,1.1,2.1,1.02,18S,spatiotemporally held-out,2025,A52,12.715522695333437,ESA WorldCover 2021 class 80,Raw64 + class similarities + margins + all prototypes,Raw64_ClassSimilarity_Margins_AllPrototypes,5,predicted positive AND individual object truth / individual object truth,unweighted 10 m pixel counts,Chile,0.7,5,150,123,8,10,proto_3;proto_4;proto_5,true cosine similarity,"{""type"":""MultiPoint"",""coordinates"":[]}"
1_1_2_53,proto_1;proto_2;proto_3;proto_4;proto_5,EPSG:32718,30,0,EPSG:32718,2024,1.1,2.1,1.02,18S,spatiotemporally held-out,2025,A53,17.001596539691477,ESA WorldCover 2021 class 80,Raw64 + class similarities + margins + all prototypes,Raw64_ClassSimilarity_Margins_AllPrototypes,5,predicted positive AND individual object truth / individual object truth,unweighted 10 m pixel counts,Chile,0.7,5,150,123,8,10,proto_3;proto_4;proto_5,true cosine similarity,"{""type"":""MultiPoint"",""coordinates"":[]}"
1_1_2_54,proto_1;proto_2;proto_3;proto_4;proto_5,EPSG:32718,30,0,EPSG:32718,2024,1.1,2.1,1.02,18S,spatiotemporally held-out,2025,A54,8.259622813731156,ESA WorldCover 2021 class 80,Raw64 + class similarities + margins + all prototypes,Raw64_ClassSimilarity_Margins_AllPrototypes,5,predicted positive AND individual object truth / individual object truth,unweighted 10 m pixel counts,Chile,0.7,5,150,123,8,10,proto_3;proto_4;proto_5,true cosine similarity,"{""type"":""MultiPoint"",""coordinates"":[]}"
1_1_2_55,proto_1;proto_2;proto_3;proto_4;proto_5,EPSG:32718,30,0,EPSG:32718,2024,1.1,2.1,1.02,18S,spatiotemporally held-out,2025,A55,18.813893948043457,ESA WorldCover 2021 class 80,Raw64 + class similarities + margins + all prototypes,Raw64_ClassSimilarity_Margins_AllPrototypes,5,predicted positive AND individual object truth / individual object truth,unweighted 10 m pixel counts,Chile,0.7,5,150,123,8,10,proto_3;proto_4;proto_5,true cosine similarity,"{""type"":""MultiPoint"",""coordinates"":[]}"
1_1_2_56,proto_1;proto_2;proto_3;proto_4;proto_5,EPSG:32718,30,0,EPSG:32718,2024,1.1,2.1,1.02,18S,spatiotemporally held-out,2025,A56,12.046361141424295,ESA WorldCover 2021 class 80,Raw64 + class similarities + margins + all prototypes,Raw64_ClassSimilarity_Margins_AllPrototypes,5,predicted positive AND individual object truth / individual object truth,unweighted 10 m pixel counts,Chile,0.7,5,150,123,8,10,proto_3;proto_4;proto_5,true cosine similarity,"{""type"":""MultiPoint"",""coordinates"":[]}"
1_1_2_57,proto_1;proto_2;proto_3;proto_4;proto_5,EPSG:32718,30,0,EPSG:32718,2024,1.1,2.1,1.02,18S,spatiotemporally held-out,2025,A57,18.539626244044694,ESA WorldCover 2021 class 80,Raw64 + class similarities + margins + all prototypes,Raw64_ClassSimilarity_Margins_AllPrototypes,5,predicted positive AND individual object truth / individual object truth,unweighted 10 m pixel counts,Chile,0.7,5,150,123,8,10,proto_3;proto_4;proto_5,true cosine similarity,"{""type"":""MultiPoint"",""coordinates"":[]}"
1_1_2_58,proto_1;proto_2;proto_3;proto_4;proto_5,EPSG:32718,30,0,EPSG:32718,2024,1.1,2.1,1.02,18S,spatiotemporally held-out,2025,A58,10.437143754011915,ESA WorldCover 2021 class 80,Raw64 + class similarities + margins + all prototypes,Raw64_ClassSimilarity_Margins_AllPrototypes,5,predicted positive AND individual object truth / individual object truth,unweighted 10 m pixel counts,Chile,0.7,5,150,123,8,10,proto_3;proto_4;proto_5,true cosine similarity,"{""type"":""MultiPoint"",""coordinates"":[]}"
1_1_2_59,proto_1;proto_2;proto_3;proto_4;proto_5,EPSG:32718,30,0,EPSG:32718,2024,1.1,2.1,1.02,18S,spatiotemporally held-out,2025,A59,19.814548645360325,ESA WorldCover 2021 class 80,Raw64 + class similarities + margins + all prototypes,Raw64_ClassSimilarity_Margins_AllPrototypes,5,predicted positive AND individual object truth / individual object truth,unweighted 10 m pixel counts,Chile,0.7,5,150,123,8,10,proto_3;proto_4;proto_5,true cosine similarity,"{""type"":""MultiPoint"",""coordinates"":[]}"
1_1_2_60,proto_1;proto_2;proto_3;proto_4;proto_5,EPSG:32718,30,0,EPSG:32718,2024,1.1,2.1,1.02,18S,spatiotemporally held-out,2025,A60,8.483103982193638,ESA WorldCover 2021 class 80,Raw64 + class similarities + margins + all prototypes,Raw64_ClassSimilarity_Margins_AllPrototypes,5,predicted positive AND individual object truth / individual object truth,unweighted 10 m pixel counts,Chile,0.7,5,150,123,8,10,proto_3;proto_4;proto_5,true cosine similarity,"{""type"":""MultiPoint"",""coordinates"":[]}"
1_1_2_61,proto_1;proto_2;proto_3;proto_4;proto_5,EPSG:32718,30,0,EPSG:32718,2024,1.1,2.1,1.02,18S,spatiotemporally held-out,2025,A61,14.00815177651841,ESA WorldCover 2021 class 80,Raw64 + class similarities + margins + all prototypes,Raw64_ClassSimilarity_Margins_AllPrototypes,5,predicted positive AND individual object truth / individual object truth,unweighted 10 m pixel counts,Chile,0.7,5,150,123,8,10,proto_3;proto_4;proto_5,true cosine similarity,"{""type"":""MultiPoint"",""coordinates"":[]}"
1_1_2_62,proto_1;proto_2;proto_3;proto_4;proto_5,EPSG:32718,30,0,EPSG:32718,2024,1.1,2.1,1.02,18S,spatiotemporally held-out,2025,A62,8.605962019026588,ESA WorldCover 2021 class 80,Raw64 + class similarities + margins + all prototypes,Raw64_ClassSimilarity_Margins_AllPrototypes,5,predicted positive AND individual object truth / individual object truth,unweighted 10 m pixel counts,Chile,0.7,5,150,123,8,10,proto_3;proto_4;proto_5,true cosine similarity,"{""type"":""MultiPoint"",""coordinates"":[]}"
1_1_2_63,proto_1;proto_2;proto_3;proto_4;proto_5,EPSG:32718,30,0,EPSG:32718,2024,1.1,2.1,1.02,18S,spatiotemporally held-out,2025,A63,12.612646696452305,ESA WorldCover 2021 class 80,Raw64 + class similarities + margins + all prototypes,Raw64_ClassSimilarity_Margins_AllPrototypes,5,predicted positive AND individual object truth / individual object truth,unweighted 10 m pixel counts,Chile,0.7,5,150,123,8,10,proto_3;proto_4;proto_5,true cosine similarity,"{""type"":""MultiPoint"",""coordinates"":[]}"
1_1_2_64,proto_1;proto_2;proto_3;proto_4;proto_5,EPSG:32718,30,0,EPSG:32718,2024,1.1,2.1,1.02,18S,spatiotemporally held-out,2025,conf_sim,11.013839252743892,ESA WorldCover 2021 class 80,Raw64 + class similarities + margins + all prototypes,Raw64_ClassSimilarity_Margins_AllPrototypes,5,predicted positive AND individual object truth / individual object truth,unweighted 10 m pixel counts,Chile,0.7,5,150,123,8,10,proto_3;proto_4;proto_5,true cosine similarity,"{""type"":""MultiPoint"",""coordinates"":[]}"
1_1_2_65,proto_1;proto_2;proto_3;proto_4;proto_5,EPSG:32718,30,0,EPSG:32718,2024,1.1,2.1,1.02,18S,spatiotemporally held-out,2025,farm_sim,16.148639022127888,ESA WorldCover 2021 class 80,Raw64 + class similarities + margins + all prototypes,Raw64_ClassSimilarity_Margins_AllPrototypes,5,predicted positive AND individual object truth / individual object truth,unweighted 10 m pixel counts,Chile,0.7,5,150,123,8,10,proto_3;proto_4;proto_5,true cosine similarity,"{""type"":""MultiPoint"",""coordinates"":[]}"
1_1_2_66,proto_1;proto_2;proto_3;proto_4;proto_5,EPSG:32718,30,0,EPSG:32718,2024,1.1,2.1,1.02,18S,spatiotemporally held-out,2025,margin_best_noise,21.714787124359827,ESA WorldCover 2021 class 80,Raw64 + class similarities + margins + all prototypes,Raw64_ClassSimilarity_Margins_AllPrototypes,5,predicted positive AND individual object truth / individual object truth,unweighted 10 m pixel counts,Chile,0.7,5,150,123,8,10,proto_3;proto_4;proto_5,true cosine similarity,"{""type"":""MultiPoint"",""coordinates"":[]}"
1_1_2_67,proto_1;proto_2;proto_3;proto_4;proto_5,EPSG:32718,30,0,EPSG:32718,2024,1.1,2.1,1.02,18S,spatiotemporally held-out,2025,margin_conf,17.10242689436169,ESA WorldCover 2021 class 80,Raw64 + class similarities + margins + all prototypes,Raw64_ClassSimilarity_Margins_AllPrototypes,5,predicted positive AND individual object truth / individual object truth,unweighted 10 m pixel counts,Chile,0.7,5,150,123,8,10,proto_3;proto_4;proto_5,true cosine similarity,"{""type"":""MultiPoint"",""coordinates"":[]}"
1_1_2_68,proto_1;proto_2;proto_3;proto_4;proto_5,EPSG:32718,30,0,EPSG:32718,2024,1.1,2.1,1.02,18S,spatiotemporally held-out,2025,margin_ocean,19.694790977910063,ESA WorldCover 2021 class 80,Raw64 + class similarities + margins + all prototypes,Raw64_ClassSimilarity_Margins_AllPrototypes,5,predicted positive AND individual object truth / individual object truth,unweighted 10 m pixel counts,Chile,0.7,5,150,123,8,10,proto_3;proto_4;proto_5,true cosine similarity,"{""type"":""MultiPoint"",""coordinates"":[]}"
1_1_2_69,proto_1;proto_2;proto_3;proto_4;proto_5,EPSG:32718,30,0,EPSG:32718,2024,1.1,2.1,1.02,18S,spatiotemporally held-out,2025,ocean_sim,13.814916505128279,ESA WorldCover 2021 class 80,Raw64 + class similarities + margins + all prototypes,Raw64_ClassSimilarity_Margins_AllPrototypes,5,predicted positive AND individual object truth / individual object truth,unweighted 10 m pixel counts,Chile,0.7,5,150,123,8,10,proto_3;proto_4;proto_5,true cosine similarity,"{""type"":""MultiPoint"",""coordinates"":[]}"
1_1_2_70,proto_1;proto_2;proto_3;proto_4;proto_5,EPSG:32718,30,0,EPSG:32718,2024,1.1,2.1,1.02,18S,spatiotemporally held-out,2025,proto_1,12.70906341882247,ESA WorldCover 2021 class 80,Raw64 + class similarities + margins + all prototypes,Raw64_ClassSimilarity_Margins_AllPrototypes,5,predicted positive AND individual object truth / individual object truth,unweighted 10 m pixel counts,Chile,0.7,5,150,123,8,10,proto_3;proto_4;proto_5,true cosine similarity,"{""type"":""MultiPoint"",""coordinates"":[]}"
1_1_2_71,proto_1;proto_2;proto_3;proto_4;proto_5,EPSG:32718,30,0,EPSG:32718,2024,1.1,2.1,1.02,18S,spatiotemporally held-out,2025,proto_2,20.69821640830243,ESA WorldCover 2021 class 80,Raw64 + class similarities + margins + all prototypes,Raw64_ClassSimilarity_Margins_AllPrototypes,5,predicted positive AND individual object truth / individual object truth,unweighted 10 m pixel counts,Chile,0.7,5,150,123,8,10,proto_3;proto_4;proto_5,true cosine similarity,"{""type"":""MultiPoint"",""coordinates"":[]}"
1_1_2_72,proto_1;proto_2;proto_3;proto_4;proto_5,EPSG:32718,30,0,EPSG:32718,2024,1.1,2.1,1.02,18S,spatiotemporally held-out,2025,proto_3,19.83030749802331,ESA WorldCover 2021 class 80,Raw64 + class similarities + margins + all prototypes,Raw64_ClassSimilarity_Margins_AllPrototypes,5,predicted positive AND individual object truth / individual object truth,unweighted 10 m pixel counts,Chile,0.7,5,150,123,8,10,proto_3;proto_4;proto_5,true cosine similarity,"{""type"":""MultiPoint"",""coordinates"":[]}"
1_1_2_73,proto_1;proto_2;proto_3;proto_4;proto_5,EPSG:32718,30,0,EPSG:32718,2024,1.1,2.1,1.02,18S,spatiotemporally held-out,2025,proto_4,26.002009441278723,ESA WorldCover 2021 class 80,Raw64 + class similarities + margins + all prototypes,Raw64_ClassSimilarity_Margins_AllPrototypes,5,predicted positive AND individual object truth / individual object truth,unweighted 10 m pixel counts,Chile,0.7,5,150,123,8,10,proto_3;proto_4;proto_5,true cosine similarity,"{""type"":""MultiPoint"",""coordinates"":[]}"
1_1_2_74,proto_1;proto_2;proto_3;proto_4;proto_5,EPSG:32718,30,0,EPSG:32718,2024,1.1,2.1,1.02,18S,spatiotemporally held-out,2025,proto_5,17.194864253055417,ESA WorldCover 2021 class 80,Raw64 + class similarities + margins + all prototypes,Raw64_ClassSimilarity_Margins_AllPrototypes,5,predicted positive AND individual object truth / individual object truth,unweighted 10 m pixel counts,Chile,0.7,5,150,123,8,10,proto_3;proto_4;proto_5,true cosine similarity,"{""type"":""MultiPoint"",""coordinates"":[]}"
1_2_0,proto_1;proto_2;proto_3;proto_4;proto_5,EPSG:32718,30,0,EPSG:32718,2024,1.1,2.1,1.02,18S,spatiotemporally held-out,2025,A00,13.783141722050075,ESA WorldCover 2021 class 80,Final selected CR-RF,CRRF_Selected,5,predicted positive AND individual object truth / individual object truth,unweighted 10 m pixel counts,Chile,0.7,5,150,123,8,10,proto_3;proto_4;proto_5,true cosine similarity,"{""type"":""MultiPoint"",""coordinates"":[]}"
1_2_1,proto_1;proto_2;proto_3;proto_4;proto_5,EPSG:32718,30,0,EPSG:32718,2024,1.1,2.1,1.02,18S,spatiotemporally held-out,2025,A01,7.1959774963053365,ESA WorldCover 2021 class 80,Final selected CR-RF,CRRF_Selected,5,predicted positive AND individual object truth / individual object truth,unweighted 10 m pixel counts,Chile,0.7,5,150,123,8,10,proto_3;proto_4;proto_5,true cosine similarity,"{""type"":""MultiPoint"",""coordinates"":[]}"
1_2_2,proto_1;proto_2;proto_3;proto_4;proto_5,EPSG:32718,30,0,EPSG:32718,2024,1.1,2.1,1.02,18S,spatiotemporally held-out,2025,A02,43.78116008690913,ESA WorldCover 2021 class 80,Final selected CR-RF,CRRF_Selected,5,predicted positive AND individual object truth / individual object truth,unweighted 10 m pixel counts,Chile,0.7,5,150,123,8,10,proto_3;proto_4;proto_5,true cosine similarity,"{""type"":""MultiPoint"",""coordinates"":[]}"
1_2_3,proto_1;proto_2;proto_3;proto_4;proto_5,EPSG:32718,30,0,EPSG:32718,2024,1.1,2.1,1.02,18S,spatiotemporally held-out,2025,A03,13.036018823834276,ESA WorldCover 2021 class 80,Final selected CR-RF,CRRF_Selected,5,predicted positive AND individual object truth / individual object truth,unweighted 10 m pixel counts,Chile,0.7,5,150,123,8,10,proto_3;proto_4;proto_5,true cosine similarity,"{""type"":""MultiPoint"",""coordinates"":[]}"
1_2_4,proto_1;proto_2;proto_3;proto_4;proto_5,EPSG:32718,30,0,EPSG:32718,2024,1.1,2.1,1.02,18S,spatiotemporally held-out,2025,A04,11.215979845946668,ESA WorldCover 2021 class 80,Final selected CR-RF,CRRF_Selected,5,predicted positive AND individual object truth / individual object truth,unweighted 10 m pixel counts,Chile,0.7,5,150,123,8,10,proto_3;proto_4;proto_5,true cosine similarity,"{""type"":""MultiPoint"",""coordinates"":[]}"
1_2_5,proto_1;proto_2;proto_3;proto_4;proto_5,EPSG:32718,30,0,EPSG:32718,2024,1.1,2.1,1.02,18S,spatiotemporally held-out,2025,A05,8.170771207518353,ESA WorldCover 2021 class 80,Final selected CR-RF,CRRF_Selected,5,predicted positive AND individual object truth / individual object truth,unweighted 10 m pixel counts,Chile,0.7,5,150,123,8,10,proto_3;proto_4;proto_5,true cosine similarity,"{""type"":""MultiPoint"",""coordinates"":[]}"
1_2_6,proto_1;proto_2;proto_3;proto_4;proto_5,EPSG:32718,30,0,EPSG:32718,2024,1.1,2.1,1.02,18S,spatiotemporally held-out,2025,A06,16.044949094423885,ESA WorldCover 2021 class 80,Final selected CR-RF,CRRF_Selected,5,predicted positive AND individual object truth / individual object truth,unweighted 10 m pixel counts,Chile,0.7,5,150,123,8,10,proto_3;proto_4;proto_5,true cosine similarity,"{""type"":""MultiPoint"",""coordinates"":[]}"
1_2_7,proto_1;proto_2;proto_3;proto_4;proto_5,EPSG:32718,30,0,EPSG:32718,2024,1.1,2.1,1.02,18S,spatiotemporally held-out,2025,A07,13.430762979444236,ESA WorldCover 2021 class 80,Final selected CR-RF,CRRF_Selected,5,predicted positive AND individual object truth / individual object truth,unweighted 10 m pixel counts,Chile,0.7,5,150,123,8,10,proto_3;proto_4;proto_5,true cosine similarity,"{""type"":""MultiPoint"",""coordinates"":[]}"
1_2_8,proto_1;proto_2;proto_3;proto_4;proto_5,EPSG:32718,30,0,EPSG:32718,2024,1.1,2.1,1.02,18S,spatiotemporally held-out,2025,A08,9.910807565687549,ESA WorldCover 2021 class 80,Final selected CR-RF,CRRF_Selected,5,predicted positive AND individual object truth / individual object truth,unweighted 10 m pixel counts,Chile,0.7,5,150,123,8,10,proto_3;proto_4;proto_5,true cosine similarity,"{""type"":""MultiPoint"",""coordinates"":[]}"
1_2_9,proto_1;proto_2;proto_3;proto_4;proto_5,EPSG:32718,30,0,EPSG:32718,2024,1.1,2.1,1.02,18S,spatiotemporally held-out,2025,A09,11.404077606396058,ESA WorldCover 2021 class 80,Final selected CR-RF,CRRF_Selected,5,predicted positive AND individual object truth / individual object truth,unweighted 10 m pixel counts,Chile,0.7,5,150,123,8,10,proto_3;proto_4;proto_5,true cosine similarity,"{""type"":""MultiPoint"",""coordinates"":[]}"
1_2_10,proto_1;proto_2;proto_3;proto_4;proto_5,EPSG:32718,30,0,EPSG:32718,2024,1.1,2.1,1.02,18S,spatiotemporally held-out,2025,A10,14.920054230337449,ESA WorldCover 2021 class 80,Final selected CR-RF,CRRF_Selected,5,predicted positive AND individual object truth / individual object truth,unweighted 10 m pixel counts,Chile,0.7,5,150,123,8,10,proto_3;proto_4;proto_5,true cosine similarity,"{""type"":""MultiPoint"",""coordinates"":[]}"
1_2_11,proto_1;proto_2;proto_3;proto_4;proto_5,EPSG:32718,30,0,EPSG:32718,2024,1.1,2.1,1.02,18S,spatiotemporally held-out,2025,A11,5.616999386771349,ESA WorldCover 2021 class 80,Final selected CR-RF,CRRF_Selected,5,predicted positive AND individual object truth / individual object truth,unweighted 10 m pixel counts,Chile,0.7,5,150,123,8,10,proto_3;proto_4;proto_5,true cosine similarity,"{""type"":""MultiPoint"",""coordinates"":[]}"
1_2_12,proto_1;proto_2;proto_3;proto_4;proto_5,EPSG:32718,30,0,EPSG:32718,2024,1.1,2.1,1.02,18S,spatiotemporally held-out,2025,A12,14.510137379452058,ESA WorldCover 2021 class 80,Final selected CR-RF,CRRF_Selected,5,predicted positive AND individual object truth / individual object truth,unweighted 10 m pixel counts,Chile,0.7,5,150,123,8,10,proto_3;proto_4;proto_5,true cosine similarity,"{""type"":""MultiPoint"",""coordinates"":[]}"
1_2_13,proto_1;proto_2;proto_3;proto_4;proto_5,EPSG:32718,30,0,EPSG:32718,2024,1.1,2.1,1.02,18S,spatiotemporally held-out,2025,A13,12.840759859529735,ESA WorldCover 2021 class 80,Final selected CR-RF,CRRF_Selected,5,predicted positive AND individual object truth / individual object truth,unweighted 10 m pixel counts,Chile,0.7,5,150,123,8,10,proto_3;proto_4;proto_5,true cosine similarity,"{""type"":""MultiPoint"",""coordinates"":[]}"
1_2_14,proto_1;proto_2;proto_3;proto_4;proto_5,EPSG:32718,30,0,EPSG:32718,2024,1.1,2.1,1.02,18S,spatiotemporally held-out,2025,A14,7.7812294008325935,ESA WorldCover 2021 class 80,Final selected CR-RF,CRRF_Selected,5,predicted positive AND individual object truth / individual object truth,unweighted 10 m pixel counts,Chile,0.7,5,150,123,8,10,proto_3;proto_4;proto_5,true cosine similarity,"{""type"":""MultiPoint"",""coordinates"":[]}"
1_2_15,proto_1;proto_2;proto_3;proto_4;proto_5,EPSG:32718,30,0,EPSG:32718,2024,1.1,2.1,1.02,18S,spatiotemporally held-out,2025,A15,13.991493236304313,ESA WorldCover 2021 class 80,Final selected CR-RF,CRRF_Selected,5,predicted positive AND individual object truth / individual object truth,unweighted 10 m pixel counts,Chile,0.7,5,150,123,8,10,proto_3;proto_4;proto_5,true cosine similarity,"{""type"":""MultiPoint"",""coordinates"":[]}"
1_2_16,proto_1;proto_2;proto_3;proto_4;proto_5,EPSG:32718,30,0,EPSG:32718,2024,1.1,2.1,1.02,18S,spatiotemporally held-out,2025,A16,17.46438200931456,ESA WorldCover 2021 class 80,Final selected CR-RF,CRRF_Selected,5,predicted positive AND individual object truth / individual object truth,unweighted 10 m pixel counts,Chile,0.7,5,150,123,8,10,proto_3;proto_4;proto_5,true cosine similarity,"{""type"":""MultiPoint"",""coordinates"":[]}"
1_2_17,proto_1;proto_2;proto_3;proto_4;proto_5,EPSG:32718,30,0,EPSG:32718,2024,1.1,2.1,1.02,18S,spatiotemporally held-out,2025,A17,9.002909876876881,ESA WorldCover 2021 class 80,Final selected CR-RF,CRRF_Selected,5,predicted positive AND individual object truth / individual object truth,unweighted 10 m pixel counts,Chile,0.7,5,150,123,8,10,proto_3;proto_4;proto_5,true cosine similarity,"{""type"":""MultiPoint"",""coordinates"":[]}"
1_2_18,proto_1;proto_2;proto_3;proto_4;proto_5,EPSG:32718,30,0,EPSG:32718,2024,1.1,2.1,1.02,18S,spatiotemporally held-out,2025,A18,13.700308550389215,ESA WorldCover 2021 class 80,Final selected CR-RF,CRRF_Selected,5,predicted positive AND individual object truth / individual object truth,unweighted 10 m pixel counts,Chile,0.7,5,150,123,8,10,proto_3;proto_4;proto_5,true cosine similarity,"{""type"":""MultiPoint"",""coordinates"":[]}"
1_2_19,proto_1;proto_2;proto_3;proto_4;proto_5,EPSG:32718,30,0,EPSG:32718,2024,1.1,2.1,1.02,18S,spatiotemporally held-out,2025,A19,12.837290966167371,ESA WorldCover 2021 class 80,Final selected CR-RF,CRRF_Selected,5,predicted positive AND individual object truth / individual object truth,unweighted 10 m pixel counts,Chile,0.7,5,150,123,8,10,proto_3;proto_4;proto_5,true cosine similarity,"{""type"":""MultiPoint"",""coordinates"":[]}"
1_2_20,proto_1;proto_2;proto_3;proto_4;proto_5,EPSG:32718,30,0,EPSG:32718,2024,1.1,2.1,1.02,18S,spatiotemporally held-out,2025,A20,9.457170840592676,ESA WorldCover 2021 class 80,Final selected CR-RF,CRRF_Selected,5,predicted positive AND individual object truth / individual object truth,unweighted 10 m pixel counts,Chile,0.7,5,150,123,8,10,proto_3;proto_4;proto_5,true cosine similarity,"{""type"":""MultiPoint"",""coordinates"":[]}"
1_2_21,proto_1;proto_2;proto_3;proto_4;proto_5,EPSG:32718,30,0,EPSG:32718,2024,1.1,2.1,1.02,18S,spatiotemporally held-out,2025,A21,19.583870656203587,ESA WorldCover 2021 class 80,Final selected CR-RF,CRRF_Selected,5,predicted positive AND individual object truth / individual object truth,unweighted 10 m pixel counts,Chile,0.7,5,150,123,8,10,proto_3;proto_4;proto_5,true cosine similarity,"{""type"":""MultiPoint"",""coordinates"":[]}"
1_2_22,proto_1;proto_2;proto_3;proto_4;proto_5,EPSG:32718,30,0,EPSG:32718,2024,1.1,2.1,1.02,18S,spatiotemporally held-out,2025,A22,28.092016611387404,ESA WorldCover 2021 class 80,Final selected CR-RF,CRRF_Selected,5,predicted positive AND individual object truth / individual object truth,unweighted 10 m pixel counts,Chile,0.7,5,150,123,8,10,proto_3;proto_4;proto_5,true cosine similarity,"{""type"":""MultiPoint"",""coordinates"":[]}"
1_2_23,proto_1;proto_2;proto_3;proto_4;proto_5,EPSG:32718,30,0,EPSG:32718,2024,1.1,2.1,1.02,18S,spatiotemporally held-out,2025,A23,10.019999996904108,ESA WorldCover 2021 class 80,Final selected CR-RF,CRRF_Selected,5,predicted positive AND individual object truth / individual object truth,unweighted 10 m pixel counts,Chile,0.7,5,150,123,8,10,proto_3;proto_4;proto_5,true cosine similarity,"{""type"":""MultiPoint"",""coordinates"":[]}"
1_2_24,proto_1;proto_2;proto_3;proto_4;proto_5,EPSG:32718,30,0,EPSG:32718,2024,1.1,2.1,1.02,18S,spatiotemporally held-out,2025,A24,8.804885887582913,ESA WorldCover 2021 class 80,Final selected CR-RF,CRRF_Selected,5,predicted positive AND individual object truth / individual object truth,unweighted 10 m pixel counts,Chile,0.7,5,150,123,8,10,proto_3;proto_4;proto_5,true cosine similarity,"{""type"":""MultiPoint"",""coordinates"":[]}"
1_2_25,proto_1;proto_2;proto_3;proto_4;proto_5,EPSG:32718,30,0,EPSG:32718,2024,1.1,2.1,1.02,18S,spatiotemporally held-out,2025,A25,9.944796693453345,ESA WorldCover 2021 class 80,Final selected CR-RF,CRRF_Selected,5,predicted positive AND individual object truth / individual object truth,unweighted 10 m pixel counts,Chile,0.7,5,150,123,8,10,proto_3;proto_4;proto_5,true cosine similarity,"{""type"":""MultiPoint"",""coordinates"":[]}"
1_2_26,proto_1;proto_2;proto_3;proto_4;proto_5,EPSG:32718,30,0,EPSG:32718,2024,1.1,2.1,1.02,18S,spatiotemporally held-out,2025,A26,22.161770067342573,ESA WorldCover 2021 class 80,Final selected CR-RF,CRRF_Selected,5,predicted positive AND individual object truth / individual object truth,unweighted 10 m pixel counts,Chile,0.7,5,150,123,8,10,proto_3;proto_4;proto_5,true cosine similarity,"{""type"":""MultiPoint"",""coordinates"":[]}"
1_2_27,proto_1;proto_2;proto_3;proto_4;proto_5,EPSG:32718,30,0,EPSG:32718,2024,1.1,2.1,1.02,18S,spatiotemporally held-out,2025,A27,11.039771511217369,ESA WorldCover 2021 class 80,Final selected CR-RF,CRRF_Selected,5,predicted positive AND individual object truth / individual object truth,unweighted 10 m pixel counts,Chile,0.7,5,150,123,8,10,proto_3;proto_4;proto_5,true cosine similarity,"{""type"":""MultiPoint"",""coordinates"":[]}"
1_2_28,proto_1;proto_2;proto_3;proto_4;proto_5,EPSG:32718,30,0,EPSG:32718,2024,1.1,2.1,1.02,18S,spatiotemporally held-out,2025,A28,13.390613453905235,ESA WorldCover 2021 class 80,Final selected CR-RF,CRRF_Selected,5,predicted positive AND individual object truth / individual object truth,unweighted 10 m pixel counts,Chile,0.7,5,150,123,8,10,proto_3;proto_4;proto_5,true cosine similarity,"{""type"":""MultiPoint"",""coordinates"":[]}"
1_2_29,proto_1;proto_2;proto_3;proto_4;proto_5,EPSG:32718,30,0,EPSG:32718,2024,1.1,2.1,1.02,18S,spatiotemporally held-out,2025,A29,10.367254026571963,ESA WorldCover 2021 class 80,Final selected CR-RF,CRRF_Selected,5,predicted positive AND individual object truth / individual object truth,unweighted 10 m pixel counts,Chile,0.7,5,150,123,8,10,proto_3;proto_4;proto_5,true cosine similarity,"{""type"":""MultiPoint"",""coordinates"":[]}"
1_2_30,proto_1;proto_2;proto_3;proto_4;proto_5,EPSG:32718,30,0,EPSG:32718,2024,1.1,2.1,1.02,18S,spatiotemporally held-out,2025,A30,16.192937251585214,ESA WorldCover 2021 class 80,Final selected CR-RF,CRRF_Selected,5,predicted positive AND individual object truth / individual object truth,unweighted 10 m pixel counts,Chile,0.7,5,150,123,8,10,proto_3;proto_4;proto_5,true cosine similarity,"{""type"":""MultiPoint"",""coordinates"":[]}"
1_2_31,proto_1;proto_2;proto_3;proto_4;proto_5,EPSG:32718,30,0,EPSG:32718,2024,1.1,2.1,1.02,18S,spatiotemporally held-out,2025,A31,15.729667868528457,ESA WorldCover 2021 class 80,Final selected CR-RF,CRRF_Selected,5,predicted positive AND individual object truth / individual object truth,unweighted 10 m pixel counts,Chile,0.7,5,150,123,8,10,proto_3;proto_4;proto_5,true cosine similarity,"{""type"":""MultiPoint"",""coordinates"":[]}"
1_2_32,proto_1;proto_2;proto_3;proto_4;proto_5,EPSG:32718,30,0,EPSG:32718,2024,1.1,2.1,1.02,18S,spatiotemporally held-out,2025,A32,12.158548113136707,ESA WorldCover 2021 class 80,Final selected CR-RF,CRRF_Selected,5,predicted positive AND individual object truth / individual object truth,unweighted 10 m pixel counts,Chile,0.7,5,150,123,8,10,proto_3;proto_4;proto_5,true cosine similarity,"{""type"":""MultiPoint"",""coordinates"":[]}"
1_2_33,proto_1;proto_2;proto_3;proto_4;proto_5,EPSG:32718,30,0,EPSG:32718,2024,1.1,2.1,1.02,18S,spatiotemporally held-out,2025,A33,13.203476281574666,ESA WorldCover 2021 class 80,Final selected CR-RF,CRRF_Selected,5,predicted positive AND individual object truth / individual object truth,unweighted 10 m pixel counts,Chile,0.7,5,150,123,8,10,proto_3;proto_4;proto_5,true cosine similarity,"{""type"":""MultiPoint"",""coordinates"":[]}"
1_2_34,proto_1;proto_2;proto_3;proto_4;proto_5,EPSG:32718,30,0,EPSG:32718,2024,1.1,2.1,1.02,18S,spatiotemporally held-out,2025,A34,7.7702887373049725,ESA WorldCover 2021 class 80,Final selected CR-RF,CRRF_Selected,5,predicted positive AND individual object truth / individual object truth,unweighted 10 m pixel counts,Chile,0.7,5,150,123,8,10,proto_3;proto_4;proto_5,true cosine similarity,"{""type"":""MultiPoint"",""coordinates"":[]}"
1_2_35,proto_1;proto_2;proto_3;proto_4;proto_5,EPSG:32718,30,0,EPSG:32718,2024,1.1,2.1,1.02,18S,spatiotemporally held-out,2025,A35,12.180268676789328,ESA WorldCover 2021 class 80,Final selected CR-RF,CRRF_Selected,5,predicted positive AND individual object truth / individual object truth,unweighted 10 m pixel counts,Chile,0.7,5,150,123,8,10,proto_3;proto_4;proto_5,true cosine similarity,"{""type"":""MultiPoint"",""coordinates"":[]}"
1_2_36,proto_1;proto_2;proto_3;proto_4;proto_5,EPSG:32718,30,0,EPSG:32718,2024,1.1,2.1,1.02,18S,spatiotemporally held-out,2025,A36,14.217003426921439,ESA WorldCover 2021 class 80,Final selected CR-RF,CRRF_Selected,5,predicted positive AND individual object truth / individual object truth,unweighted 10 m pixel counts,Chile,0.7,5,150,123,8,10,proto_3;proto_4;proto_5,true cosine similarity,"{""type"":""MultiPoint"",""coordinates"":[]}"
1_2_37,proto_1;proto_2;proto_3;proto_4;proto_5,EPSG:32718,30,0,EPSG:32718,2024,1.1,2.1,1.02,18S,spatiotemporally held-out,2025,A37,10.510567381539923,ESA WorldCover 2021 class 80,Final selected CR-RF,CRRF_Selected,5,predicted positive AND individual object truth / individual object truth,unweighted 10 m pixel counts,Chile,0.7,5,150,123,8,10,proto_3;proto_4;proto_5,true cosine similarity,"{""type"":""MultiPoint"",""coordinates"":[]}"
1_2_38,proto_1;proto_2;proto_3;proto_4;proto_5,EPSG:32718,30,0,EPSG:32718,2024,1.1,2.1,1.02,18S,spatiotemporally held-out,2025,A38,11.27293035259113,ESA WorldCover 2021 class 80,Final selected CR-RF,CRRF_Selected,5,predicted positive AND individual object truth / individual object truth,unweighted 10 m pixel counts,Chile,0.7,5,150,123,8,10,proto_3;proto_4;proto_5,true cosine similarity,"{""type"":""MultiPoint"",""coordinates"":[]}"
1_2_39,proto_1;proto_2;proto_3;proto_4;proto_5,EPSG:32718,30,0,EPSG:32718,2024,1.1,2.1,1.02,18S,spatiotemporally held-out,2025,A39,11.966028192941875,ESA WorldCover 2021 class 80,Final selected CR-RF,CRRF_Selected,5,predicted positive AND individual object truth / individual object truth,unweighted 10 m pixel counts,Chile,0.7,5,150,123,8,10,proto_3;proto_4;proto_5,true cosine similarity,"{""type"":""MultiPoint"",""coordinates"":[]}"
1_2_40,proto_1;proto_2;proto_3;proto_4;proto_5,EPSG:32718,30,0,EPSG:32718,2024,1.1,2.1,1.02,18S,spatiotemporally held-out,2025,A40,9.834297511723854,ESA WorldCover 2021 class 80,Final selected CR-RF,CRRF_Selected,5,predicted positive AND individual object truth / individual object truth,unweighted 10 m pixel counts,Chile,0.7,5,150,123,8,10,proto_3;proto_4;proto_5,true cosine similarity,"{""type"":""MultiPoint"",""coordinates"":[]}"
1_2_41,proto_1;proto_2;proto_3;proto_4;proto_5,EPSG:32718,30,0,EPSG:32718,2024,1.1,2.1,1.02,18S,spatiotemporally held-out,2025,A41,12.487478024277607,ESA WorldCover 2021 class 80,Final selected CR-RF,CRRF_Selected,5,predicted positive AND individual object truth / individual object truth,unweighted 10 m pixel counts,Chile,0.7,5,150,123,8,10,proto_3;proto_4;proto_5,true cosine similarity,"{""type"":""MultiPoint"",""coordinates"":[]}"
1_2_42,proto_1;proto_2;proto_3;proto_4;proto_5,EPSG:32718,30,0,EPSG:32718,2024,1.1,2.1,1.02,18S,spatiotemporally held-out,2025,A42,7.623363672178919,ESA WorldCover 2021 class 80,Final selected CR-RF,CRRF_Selected,5,predicted positive AND individual object truth / individual object truth,unweighted 10 m pixel counts,Chile,0.7,5,150,123,8,10,proto_3;proto_4;proto_5,true cosine similarity,"{""type"":""MultiPoint"",""coordinates"":[]}"
1_2_43,proto_1;proto_2;proto_3;proto_4;proto_5,EPSG:32718,30,0,EPSG:32718,2024,1.1,2.1,1.02,18S,spatiotemporally held-out,2025,A43,9.995910217720475,ESA WorldCover 2021 class 80,Final selected CR-RF,CRRF_Selected,5,predicted positive AND individual object truth / individual object truth,unweighted 10 m pixel counts,Chile,0.7,5,150,123,8,10,proto_3;proto_4;proto_5,true cosine similarity,"{""type"":""MultiPoint"",""coordinates"":[]}"
1_2_44,proto_1;proto_2;proto_3;proto_4;proto_5,EPSG:32718,30,0,EPSG:32718,2024,1.1,2.1,1.02,18S,spatiotemporally held-out,2025,A44,13.715361506783779,ESA WorldCover 2021 class 80,Final selected CR-RF,CRRF_Selected,5,predicted positive AND individual object truth / individual object truth,unweighted 10 m pixel counts,Chile,0.7,5,150,123,8,10,proto_3;proto_4;proto_5,true cosine similarity,"{""type"":""MultiPoint"",""coordinates"":[]}"
1_2_45,proto_1;proto_2;proto_3;proto_4;proto_5,EPSG:32718,30,0,EPSG:32718,2024,1.1,2.1,1.02,18S,spatiotemporally held-out,2025,A45,15.31679449263944,ESA WorldCover 2021 class 80,Final selected CR-RF,CRRF_Selected,5,predicted positive AND individual object truth / individual object truth,unweighted 10 m pixel counts,Chile,0.7,5,150,123,8,10,proto_3;proto_4;proto_5,true cosine similarity,"{""type"":""MultiPoint"",""coordinates"":[]}"
1_2_46,proto_1;proto_2;proto_3;proto_4;proto_5,EPSG:32718,30,0,EPSG:32718,2024,1.1,2.1,1.02,18S,spatiotemporally held-out,2025,A46,9.853421805233495,ESA WorldCover 2021 class 80,Final selected CR-RF,CRRF_Selected,5,predicted positive AND individual object truth / individual object truth,unweighted 10 m pixel counts,Chile,0.7,5,150,123,8,10,proto_3;proto_4;proto_5,true cosine similarity,"{""type"":""MultiPoint"",""coordinates"":[]}"
1_2_47,proto_1;proto_2;proto_3;proto_4;proto_5,EPSG:32718,30,0,EPSG:32718,2024,1.1,2.1,1.02,18S,spatiotemporally held-out,2025,A47,23.126847252589023,ESA WorldCover 2021 class 80,Final selected CR-RF,CRRF_Selected,5,predicted positive AND individual object truth / individual object truth,unweighted 10 m pixel counts,Chile,0.7,5,150,123,8,10,proto_3;proto_4;proto_5,true cosine similarity,"{""type"":""MultiPoint"",""coordinates"":[]}"
1_2_48,proto_1;proto_2;proto_3;proto_4;proto_5,EPSG:32718,30,0,EPSG:32718,2024,1.1,2.1,1.02,18S,spatiotemporally held-out,2025,A48,14.089555551395247,ESA WorldCover 2021 class 80,Final selected CR-RF,CRRF_Selected,5,predicted positive AND individual object truth / individual object truth,unweighted 10 m pixel counts,Chile,0.7,5,150,123,8,10,proto_3;proto_4;proto_5,true cosine similarity,"{""type"":""MultiPoint"",""coordinates"":[]}"
1_2_49,proto_1;proto_2;proto_3;proto_4;proto_5,EPSG:32718,30,0,EPSG:32718,2024,1.1,2.1,1.02,18S,spatiotemporally held-out,2025,A49,10.518236894493421,ESA WorldCover 2021 class 80,Final selected CR-RF,CRRF_Selected,5,predicted positive AND individual object truth / individual object truth,unweighted 10 m pixel counts,Chile,0.7,5,150,123,8,10,proto_3;proto_4;proto_5,true cosine similarity,"{""type"":""MultiPoint"",""coordinates"":[]}"
1_2_50,proto_1;proto_2;proto_3;proto_4;proto_5,EPSG:32718,30,0,EPSG:32718,2024,1.1,2.1,1.02,18S,spatiotemporally held-out,2025,A50,23.6095151499394,ESA WorldCover 2021 class 80,Final selected CR-RF,CRRF_Selected,5,predicted positive AND individual object truth / individual object truth,unweighted 10 m pixel counts,Chile,0.7,5,150,123,8,10,proto_3;proto_4;proto_5,true cosine similarity,"{""type"":""MultiPoint"",""coordinates"":[]}"
1_2_51,proto_1;proto_2;proto_3;proto_4;proto_5,EPSG:32718,30,0,EPSG:32718,2024,1.1,2.1,1.02,18S,spatiotemporally held-out,2025,A51,9.333720360787222,ESA WorldCover 2021 class 80,Final selected CR-RF,CRRF_Selected,5,predicted positive AND individual object truth / individual object truth,unweighted 10 m pixel counts,Chile,0.7,5,150,123,8,10,proto_3;proto_4;proto_5,true cosine similarity,"{""type"":""MultiPoint"",""coordinates"":[]}"
1_2_52,proto_1;proto_2;proto_3;proto_4;proto_5,EPSG:32718,30,0,EPSG:32718,2024,1.1,2.1,1.02,18S,spatiotemporally held-out,2025,A52,17.006310091707494,ESA WorldCover 2021 class 80,Final selected CR-RF,CRRF_Selected,5,predicted positive AND individual object truth / individual object truth,unweighted 10 m pixel counts,Chile,0.7,5,150,123,8,10,proto_3;proto_4;proto_5,true cosine similarity,"{""type"":""MultiPoint"",""coordinates"":[]}"
1_2_53,proto_1;proto_2;proto_3;proto_4;proto_5,EPSG:32718,30,0,EPSG:32718,2024,1.1,2.1,1.02,18S,spatiotemporally held-out,2025,A53,17.92329513614107,ESA WorldCover 2021 class 80,Final selected CR-RF,CRRF_Selected,5,predicted positive AND individual object truth / individual object truth,unweighted 10 m pixel counts,Chile,0.7,5,150,123,8,10,proto_3;proto_4;proto_5,true cosine similarity,"{""type"":""MultiPoint"",""coordinates"":[]}"
1_2_54,proto_1;proto_2;proto_3;proto_4;proto_5,EPSG:32718,30,0,EPSG:32718,2024,1.1,2.1,1.02,18S,spatiotemporally held-out,2025,A54,10.397131859935406,ESA WorldCover 2021 class 80,Final selected CR-RF,CRRF_Selected,5,predicted positive AND individual object truth / individual object truth,unweighted 10 m pixel counts,Chile,0.7,5,150,123,8,10,proto_3;proto_4;proto_5,true cosine similarity,"{""type"":""MultiPoint"",""coordinates"":[]}"
1_2_55,proto_1;proto_2;proto_3;proto_4;proto_5,EPSG:32718,30,0,EPSG:32718,2024,1.1,2.1,1.02,18S,spatiotemporally held-out,2025,A55,17.516418646575342,ESA WorldCover 2021 class 80,Final selected CR-RF,CRRF_Selected,5,predicted positive AND individual object truth / individual object truth,unweighted 10 m pixel counts,Chile,0.7,5,150,123,8,10,proto_3;proto_4;proto_5,true cosine similarity,"{""type"":""MultiPoint"",""coordinates"":[]}"
1_2_56,proto_1;proto_2;proto_3;proto_4;proto_5,EPSG:32718,30,0,EPSG:32718,2024,1.1,2.1,1.02,18S,spatiotemporally held-out,2025,A56,12.651992075274338,ESA WorldCover 2021 class 80,Final selected CR-RF,CRRF_Selected,5,predicted positive AND individual object truth / individual object truth,unweighted 10 m pixel counts,Chile,0.7,5,150,123,8,10,proto_3;proto_4;proto_5,true cosine similarity,"{""type"":""MultiPoint"",""coordinates"":[]}"
1_2_57,proto_1;proto_2;proto_3;proto_4;proto_5,EPSG:32718,30,0,EPSG:32718,2024,1.1,2.1,1.02,18S,spatiotemporally held-out,2025,A57,17.57862305444653,ESA WorldCover 2021 class 80,Final selected CR-RF,CRRF_Selected,5,predicted positive AND individual object truth / individual object truth,unweighted 10 m pixel counts,Chile,0.7,5,150,123,8,10,proto_3;proto_4;proto_5,true cosine similarity,"{""type"":""MultiPoint"",""coordinates"":[]}"
1_2_58,proto_1;proto_2;proto_3;proto_4;proto_5,EPSG:32718,30,0,EPSG:32718,2024,1.1,2.1,1.02,18S,spatiotemporally held-out,2025,A58,9.968638702318804,ESA WorldCover 2021 class 80,Final selected CR-RF,CRRF_Selected,5,predicted positive AND individual object truth / individual object truth,unweighted 10 m pixel counts,Chile,0.7,5,150,123,8,10,proto_3;proto_4;proto_5,true cosine similarity,"{""type"":""MultiPoint"",""coordinates"":[]}"
1_2_59,proto_1;proto_2;proto_3;proto_4;proto_5,EPSG:32718,30,0,EPSG:32718,2024,1.1,2.1,1.02,18S,spatiotemporally held-out,2025,A59,23.820010102854106,ESA WorldCover 2021 class 80,Final selected CR-RF,CRRF_Selected,5,predicted positive AND individual object truth / individual object truth,unweighted 10 m pixel counts,Chile,0.7,5,150,123,8,10,proto_3;proto_4;proto_5,true cosine similarity,"{""type"":""MultiPoint"",""coordinates"":[]}"
1_2_60,proto_1;proto_2;proto_3;proto_4;proto_5,EPSG:32718,30,0,EPSG:32718,2024,1.1,2.1,1.02,18S,spatiotemporally held-out,2025,A60,8.431723347741654,ESA WorldCover 2021 class 80,Final selected CR-RF,CRRF_Selected,5,predicted positive AND individual object truth / individual object truth,unweighted 10 m pixel counts,Chile,0.7,5,150,123,8,10,proto_3;proto_4;proto_5,true cosine similarity,"{""type"":""MultiPoint"",""coordinates"":[]}"
1_2_61,proto_1;proto_2;proto_3;proto_4;proto_5,EPSG:32718,30,0,EPSG:32718,2024,1.1,2.1,1.02,18S,spatiotemporally held-out,2025,A61,12.722867878713865,ESA WorldCover 2021 class 80,Final selected CR-RF,CRRF_Selected,5,predicted positive AND individual object truth / individual object truth,unweighted 10 m pixel counts,Chile,0.7,5,150,123,8,10,proto_3;proto_4;proto_5,true cosine similarity,"{""type"":""MultiPoint"",""coordinates"":[]}"
1_2_62,proto_1;proto_2;proto_3;proto_4;proto_5,EPSG:32718,30,0,EPSG:32718,2024,1.1,2.1,1.02,18S,spatiotemporally held-out,2025,A62,8.53609749722729,ESA WorldCover 2021 class 80,Final selected CR-RF,CRRF_Selected,5,predicted positive AND individual object truth / individual object truth,unweighted 10 m pixel counts,Chile,0.7,5,150,123,8,10,proto_3;proto_4;proto_5,true cosine similarity,"{""type"":""MultiPoint"",""coordinates"":[]}"
1_2_63,proto_1;proto_2;proto_3;proto_4;proto_5,EPSG:32718,30,0,EPSG:32718,2024,1.1,2.1,1.02,18S,spatiotemporally held-out,2025,A63,8.306628458802686,ESA WorldCover 2021 class 80,Final selected CR-RF,CRRF_Selected,5,predicted positive AND individual object truth / individual object truth,unweighted 10 m pixel counts,Chile,0.7,5,150,123,8,10,proto_3;proto_4;proto_5,true cosine similarity,"{""type"":""MultiPoint"",""coordinates"":[]}"
1_2_64,proto_1;proto_2;proto_3;proto_4;proto_5,EPSG:32718,30,0,EPSG:32718,2024,1.1,2.1,1.02,18S,spatiotemporally held-out,2025,conf_sim,17.74443828671245,ESA WorldCover 2021 class 80,Final selected CR-RF,CRRF_Selected,5,predicted positive AND individual object truth / individual object truth,unweighted 10 m pixel counts,Chile,0.7,5,150,123,8,10,proto_3;proto_4;proto_5,true cosine similarity,"{""type"":""MultiPoint"",""coordinates"":[]}"
1_2_65,proto_1;proto_2;proto_3;proto_4;proto_5,EPSG:32718,30,0,EPSG:32718,2024,1.1,2.1,1.02,18S,spatiotemporally held-out,2025,farm_sim,14.04750002204004,ESA WorldCover 2021 class 80,Final selected CR-RF,CRRF_Selected,5,predicted positive AND individual object truth / individual object truth,unweighted 10 m pixel counts,Chile,0.7,5,150,123,8,10,proto_3;proto_4;proto_5,true cosine similarity,"{""type"":""MultiPoint"",""coordinates"":[]}"
1_2_66,proto_1;proto_2;proto_3;proto_4;proto_5,EPSG:32718,30,0,EPSG:32718,2024,1.1,2.1,1.02,18S,spatiotemporally held-out,2025,margin_best_noise,25.323551395251844,ESA WorldCover 2021 class 80,Final selected CR-RF,CRRF_Selected,5,predicted positive AND individual object truth / individual object truth,unweighted 10 m pixel counts,Chile,0.7,5,150,123,8,10,proto_3;proto_4;proto_5,true cosine similarity,"{""type"":""MultiPoint"",""coordinates"":[]}"
1_2_67,proto_1;proto_2;proto_3;proto_4;proto_5,EPSG:32718,30,0,EPSG:32718,2024,1.1,2.1,1.02,18S,spatiotemporally held-out,2025,margin_conf,17.668401771767925,ESA WorldCover 2021 class 80,Final selected CR-RF,CRRF_Selected,5,predicted positive AND individual object truth / individual object truth,unweighted 10 m pixel counts,Chile,0.7,5,150,123,8,10,proto_3;proto_4;proto_5,true cosine similarity,"{""type"":""MultiPoint"",""coordinates"":[]}"
1_2_68,proto_1;proto_2;proto_3;proto_4;proto_5,EPSG:32718,30,0,EPSG:32718,2024,1.1,2.1,1.02,18S,spatiotemporally held-out,2025,margin_ocean,21.21961496792642,ESA WorldCover 2021 class 80,Final selected CR-RF,CRRF_Selected,5,predicted positive AND individual object truth / individual object truth,unweighted 10 m pixel counts,Chile,0.7,5,150,123,8,10,proto_3;proto_4;proto_5,true cosine similarity,"{""type"":""MultiPoint"",""coordinates"":[]}"
1_2_69,proto_1;proto_2;proto_3;proto_4;proto_5,EPSG:32718,30,0,EPSG:32718,2024,1.1,2.1,1.02,18S,spatiotemporally held-out,2025,ocean_sim,15.143774822459736,ESA WorldCover 2021 class 80,Final selected CR-RF,CRRF_Selected,5,predicted positive AND individual object truth / individual object truth,unweighted 10 m pixel counts,Chile,0.7,5,150,123,8,10,proto_3;proto_4;proto_5,true cosine similarity,"{""type"":""MultiPoint"",""coordinates"":[]}"
1_2_70,proto_1;proto_2;proto_3;proto_4;proto_5,EPSG:32718,30,0,EPSG:32718,2024,1.1,2.1,1.02,18S,spatiotemporally held-out,2025,proto_3,19.891594487524152,ESA WorldCover 2021 class 80,Final selected CR-RF,CRRF_Selected,5,predicted positive AND individual object truth / individual object truth,unweighted 10 m pixel counts,Chile,0.7,5,150,123,8,10,proto_3;proto_4;proto_5,true cosine similarity,"{""type"":""MultiPoint"",""coordinates"":[]}"
1_2_71,proto_1;proto_2;proto_3;proto_4;proto_5,EPSG:32718,30,0,EPSG:32718,2024,1.1,2.1,1.02,18S,spatiotemporally held-out,2025,proto_4,23.97125365175342,ESA WorldCover 2021 class 80,Final selected CR-RF,CRRF_Selected,5,predicted positive AND individual object truth / individual object truth,unweighted 10 m pixel counts,Chile,0.7,5,150,123,8,10,proto_3;proto_4;proto_5,true cosine similarity,"{""type"":""MultiPoint"",""coordinates"":[]}"
1_2_72,proto_1;proto_2;proto_3;proto_4;proto_5,EPSG:32718,30,0,EPSG:32718,2024,1.1,2.1,1.02,18S,spatiotemporally held-out,2025,proto_5,16.309589207312808,ESA WorldCover 2021 class 80,Final selected CR-RF,CRRF_Selected,5,predicted positive AND individual object truth / individual object truth,unweighted 10 m pixel counts,Chile,0.7,5,150,123,8,10,proto_3;proto_4;proto_5,true cosine similarity,"{""type"":""MultiPoint"",""coordinates"":[]}"
2_0,proto_1;proto_2;proto_3;proto_4;proto_5,EPSG:32718,30,0,EPSG:32718,2024,1.1,2.1,1.02,18S,spatiotemporally held-out,2025,conf_sim,110.52199627729448,ESA WorldCover 2021 class 80,Engineered-only selected,EngineeredOnly_Selected,5,predicted positive AND individual object truth / individual object truth,unweighted 10 m pixel counts,Chile,0.7,5,150,123,8,10,proto_3;proto_4;proto_5,true cosine similarity,"{""type"":""MultiPoint"",""coordinates"":[]}"
2_1,proto_1;proto_2;proto_3;proto_4;proto_5,EPSG:32718,30,0,EPSG:32718,2024,1.1,2.1,1.02,18S,spatiotemporally held-out,2025,farm_sim,64.76420229872471,ESA WorldCover 2021 class 80,Engineered-only selected,EngineeredOnly_Selected,5,predicted positive AND individual object truth / individual object truth,unweighted 10 m pixel counts,Chile,0.7,5,150,123,8,10,proto_3;proto_4;proto_5,true cosine similarity,"{""type"":""MultiPoint"",""coordinates"":[]}"
2_2,proto_1;proto_2;proto_3;proto_4;proto_5,EPSG:32718,30,0,EPSG:32718,2024,1.1,2.1,1.02,18S,spatiotemporally held-out,2025,margin_best_noise,96.31902541453438,ESA WorldCover 2021 class 80,Engineered-only selected,EngineeredOnly_Selected,5,predicted positive AND individual object truth / individual object truth,unweighted 10 m pixel counts,Chile,0.7,5,150,123,8,10,proto_3;proto_4;proto_5,true cosine similarity,"{""type"":""MultiPoint"",""coordinates"":[]}"
2_3,proto_1;proto_2;proto_3;proto_4;proto_5,EPSG:32718,30,0,EPSG:32718,2024,1.1,2.1,1.02,18S,spatiotemporally held-out,2025,margin_conf,77.56593548842774,ESA WorldCover 2021 class 80,Engineered-only selected,EngineeredOnly_Selected,5,predicted positive AND individual object truth / individual object truth,unweighted 10 m pixel counts,Chile,0.7,5,150,123,8,10,proto_3;proto_4;proto_5,true cosine similarity,"{""type"":""MultiPoint"",""coordinates"":[]}"
2_4,proto_1;proto_2;proto_3;proto_4;proto_5,EPSG:32718,30,0,EPSG:32718,2024,1.1,2.1,1.02,18S,spatiotemporally held-out,2025,margin_ocean,136.8248832280477,ESA WorldCover 2021 class 80,Engineered-only selected,EngineeredOnly_Selected,5,predicted positive AND individual object truth / individual object truth,unweighted 10 m pixel counts,Chile,0.7,5,150,123,8,10,proto_3;proto_4;proto_5,true cosine similarity,"{""type"":""MultiPoint"",""coordinates"":[]}"
2_5,proto_1;proto_2;proto_3;proto_4;proto_5,EPSG:32718,30,0,EPSG:32718,2024,1.1,2.1,1.02,18S,spatiotemporally held-out,2025,ocean_sim,124.4751030554583,ESA WorldCover 2021 class 80,Engineered-only selected,EngineeredOnly_Selected,5,predicted positive AND individual object truth / individual object truth,unweighted 10 m pixel counts,Chile,0.7,5,150,123,8,10,proto_3;proto_4;proto_5,true cosine similarity,"{""type"":""MultiPoint"",""coordinates"":[]}"
2_6,proto_1;proto_2;proto_3;proto_4;proto_5,EPSG:32718,30,0,EPSG:32718,2024,1.1,2.1,1.02,18S,spatiotemporally held-out,2025,proto_3,151.82407769469867,ESA WorldCover 2021 class 80,Engineered-only selected,EngineeredOnly_Selected,5,predicted positive AND individual object truth / individual object truth,unweighted 10 m pixel counts,Chile,0.7,5,150,123,8,10,proto_3;proto_4;proto_5,true cosine similarity,"{""type"":""MultiPoint"",""coordinates"":[]}"
2_7,proto_1;proto_2;proto_3;proto_4;proto_5,EPSG:32718,30,0,EPSG:32718,2024,1.1,2.1,1.02,18S,spatiotemporally held-out,2025,proto_4,87.48807418887007,ESA WorldCover 2021 class 80,Engineered-only selected,EngineeredOnly_Selected,5,predicted positive AND individual object truth / individual object truth,unweighted 10 m pixel counts,Chile,0.7,5,150,123,8,10,proto_3;proto_4;proto_5,true cosine similarity,"{""type"":""MultiPoint"",""coordinates"":[]}"
2_8,proto_1;proto_2;proto_3;proto_4;proto_5,EPSG:32718,30,0,EPSG:32718,2024,1.1,2.1,1.02,18S,spatiotemporally held-out,2025,proto_5,171.0173456415467,ESA WorldCover 2021 class 80,Engineered-only selected,EngineeredOnly_Selected,5,predicted positive AND individual object truth / individual object truth,unweighted 10 m pixel counts,Chile,0.7,5,150,123,8,10,proto_3;proto_4;proto_5,true cosine similarity,"{""type"":""MultiPoint"",""coordinates"":[]}"
