{"type":"FeatureCollection","features":[{"type":"Feature","geometry":{"type":"Polygon","coordinates":[[[5.947791037211804,59.184484800985885],[5.947061476359755,59.18436388614814],[5.9471473070482315,59.18389671116464],[5.951492485652357,59.18223681427746],[5.952597555766492,59.182231317796266],[5.95265119994679,59.1828194362741],[5.947791037211804,59.184484800985885]]]},"id":"1_0","properties":{"object_type":"polygon","radius_m":0,"validation_id":"polygon_001"}},{"type":"Feature","geometry":{"type":"Polygon","coordinates":[[[5.95381078349717,59.20969947755187],[5.954489377745045,59.209711836795776],[5.955308793175833,59.20971801432046],[5.955468388668375,59.210081173850874],[5.954234572521523,59.21239322856219],[5.95311608386703,59.21240970479364],[5.952335568538979,59.211706767853435],[5.95381078349717,59.20969947755187]]]},"id":"1_1","properties":{"object_type":"polygon","radius_m":0,"validation_id":"polygon_002"}},{"type":"Feature","geometry":{"type":"Polygon","coordinates":[[[5.868443783356517,59.191370365569654],[5.868754922632213,59.191024178910446],[5.8695595815889225,59.19097472267601],[5.871437126603516,59.19289244898209],[5.872252517707415,59.19391445972343],[5.871072346500134,59.19397490026116],[5.868443783356517,59.191370365569654]]]},"id":"1_2","properties":{"object_type":"polygon","radius_m":0,"validation_id":"polygon_003"}},{"type":"Feature","geometry":{"type":"Polygon","coordinates":[[[6.0955506808476825,59.21488397570581],[6.096634293289701,59.214296409062506],[6.099413061829129,59.21546604109978],[6.098329449387113,59.21592729341943],[6.0955506808476825,59.21488397570581]]]},"id":"1_3","properties":{"object_type":"polygon","radius_m":0,"validation_id":"polygon_004"}},{"type":"Feature","geometry":{"type":"Polygon","coordinates":[[[5.849892489493177,59.116956563937954],[5.849647645879633,59.11693865596427],[5.849422292535322,59.11688635757146],[5.8492343680801,59.1168038318556],[5.849098831416259,59.116697648053176],[5.849026470963805,59.11657625857068],[5.849023045995382,59.116449326118264],[5.849088828391449,59.11632695452446],[5.849218581231718,59.116218884469745],[5.8494019758542155,59.11613371815916],[5.849624414121578,59.116078234640206],[5.8498681904095085,59.11605685025019],[5.8501139008303635,59.11607126712288],[5.85034198756265,59.11612033771847],[5.850534295426449,59.11620015615431],[5.85067551687222,59.11630436907045],[5.85075441041293,59.116424681298575],[5.850764695527534,59.116551516101296],[5.850705552776184,59.11667477744427],[5.850581689260041,59.11678465363552],[5.850402964142565,59.11687239836394],[5.850183603976336,59.116931026957516],[5.849941070259107,59.11695587242309],[5.849892489493177,59.116956563937954]]]},"id":"2_0","properties":{"object_type":"radial","radius_m":50,"validation_id":"radial_005"}},{"type":"Feature","geometry":{"type":"Polygon","coordinates":[[[5.851684205115126,59.116532518659746],[5.851439364531343,59.116514610686046],[5.851214013975602,59.11646231229325],[5.8510260918457755,59.11637978657741],[5.85089055685905,59.11627360277499],[5.850818197301946,59.11615221329252],[5.8508147723758475,59.11602528084011],[5.850880553957874,59.11590290924628],[5.851010305192549,59.11579483919155],[5.851193697545716,59.11570967288097],[5.851416133060651,59.115654189362],[5.851659906332131,59.11563280497197],[5.851905613712604,59.11564722184467],[5.852133697622571,59.11569629244026],[5.852326003106753,59.11577611087612],[5.852467222805022,59.11588032379227],[5.852546115369456,59.1160006360204],[5.852556400356737,59.11612747082314],[5.852497258337177,59.11625073216611],[5.8523733963537,59.11636060835733],[5.852194673447781,59.116448353085744],[5.851975315995956,59.11650698167931],[5.851732785279904,59.11653182714487],[5.851684205115126,59.116532518659746]]]},"id":"2_1","properties":{"object_type":"radial","radius_m":50,"validation_id":"radial_006"}},{"type":"Feature","geometry":{"type":"Polygon","coordinates":[[[5.853518836081314,59.116064410636014],[5.853273998842011,59.11604650266234],[5.853048651364507,59.11599420426955],[5.852860731801632,59.11591167855372],[5.852725198666236,59.11580549475133],[5.852652840097485,59.11568410526886],[5.852649415218112,59.115557172816445],[5.852715195901535,59.11543480122261],[5.852844945363833,59.11532673116786],[5.853028335211941,59.115241564857264],[5.853250767688532,59.11518608133828],[5.8534945376302225,59.115164696948256],[5.8537402416544895,59.11517911382094],[5.853968322448964,59.11522818441656],[5.854160625306342,59.11530800285242],[5.854301843075586,59.115412215768586],[5.854380734562332,59.11553252799673],[5.854391019409067,59.11565936279947],[5.854331878197309,59.11578262414243],[5.854208017905706,59.11589250033364],[5.854029297441073,59.11598024506204],[5.853809942985619,59.11603887365559],[5.853567415582494,59.11606371912115],[5.853518836081314,59.116064410636014]]]},"id":"2_2","properties":{"object_type":"radial","radius_m":50,"validation_id":"radial_007"}},{"type":"Feature","geometry":{"type":"Polygon","coordinates":[[[5.800446611935221,59.19581164358268],[5.80020120336968,59.19579373560827],[5.7999753300474595,59.19574143721351],[5.799786971981346,59.1956589114951],[5.799651122589686,59.19555272769031],[5.7995785951839975,59.19543133820639],[5.799575162323025,59.195304405753895],[5.799641096511408,59.1951820341614],[5.7997711487427,59.195073964109],[5.799954966521568,59.194988797800995],[5.800177918027809,59.194933314284064],[5.800422256785824,59.19491192989491],[5.800668534139192,59.19492634676702],[5.800897147142559,59.194975417360766],[5.801089898727677,59.195055235794065],[5.801231446025644,59.195159448707784],[5.801310521610171,59.195279760934355],[5.801320830466291,59.19540659573687],[5.801261551260272,59.19552985708104],[5.80113740195146,59.19563973327453],[5.800958264450387,59.195727478005516],[5.800738398135548,59.195786106601226],[5.800495304796456,59.19581095206779],[5.800446611935221,59.19581164358268]]]},"id":"2_3","properties":{"object_type":"radial","radius_m":50,"validation_id":"radial_008"}},{"type":"Feature","geometry":{"type":"Polygon","coordinates":[[[5.802313429409587,59.196152292822624],[5.802068018396822,59.196134384848186],[5.801842142822194,59.19608208645343],[5.801653782877792,59.195999560735025],[5.801517932131477,59.19589337693022],[5.801445404002592,59.19577198744628],[5.801441971107431,59.19564505499379],[5.801507905953339,59.1955226834013],[5.801637959481512,59.19541461334891],[5.801821779093382,59.19532944704091],[5.80204473282284,59.195273963523995],[5.802289074017328,59.195252579134845],[5.802535353826499,59.19526699600695],[5.8027639691095345,59.19531606660068],[5.802956722616736,59.19539588503399],[5.803098271326208,59.195500097947686],[5.803177347699303,59.19562041017424],[5.803187656658264,59.195747244976765],[5.80312837686116,59.19587050632094],[5.80300422631437,59.195980382514435],[5.802825087026958,59.19606812724544],[5.8026052185196155,59.196126755841156],[5.802362122756389,59.19615160130772],[5.802313429409587,59.196152292822624]]]},"id":"2_4","properties":{"object_type":"radial","radius_m":50,"validation_id":"radial_009"}},{"type":"Feature","geometry":{"type":"Polygon","coordinates":[[[5.805338961178386,59.19470176281876],[5.805093560585829,59.194683854844364],[5.804867694601886,59.19463155644963],[5.804679342655183,59.19454903073126],[5.804543497676946,59.1944428469265],[5.804470972627414,59.194321457442584],[5.8044675398778285,59.1941945249901],[5.8045334719240165,59.19407215339759],[5.804663519930099,59.19396408334516],[5.804847331737099,59.19387891703712],[5.8050702760001665,59.19382343352016],[5.805314606820226,59.193802049131],[5.805560876172661,59.1938164660031],[5.805789481748936,59.193865536596874],[5.8059822270719605,59.19394535503022],[5.806123769771279,59.19404956794398],[5.806202842786683,59.19416988017056],[5.806213151307746,59.19429671497308],[5.806153874027467,59.194419976317235],[5.806029728751955,59.19452985251069],[5.805850597070717,59.19461759724165],[5.805630737898985,59.19467622583732],[5.805387652457655,59.19470107130387],[5.805338961178386,59.19470176281876]]]},"id":"2_5","properties":{"object_type":"radial","radius_m":50,"validation_id":"radial_010"}},{"type":"Feature","geometry":{"type":"Polygon","coordinates":[[[5.803547245556437,59.19435560451077],[5.803301847450433,59.19433769653636],[5.803075983755096,59.19428539814165],[5.802887633716864,59.19420287242328],[5.802751790115054,59.19409668861853],[5.802679265800343,59.19397529913463],[5.802675833085493,59.19384836668213],[5.8027417644635895,59.19372599508963],[5.802871811151946,59.193617925037174],[5.803055621096488,59.19353275872912],[5.803278563100612,59.19347727521217],[5.803522891445043,59.19345589082299],[5.80376915830221,59.19347030769511],[5.80399776156218,59.19351937828888],[5.804190504932232,59.193599196722246],[5.80433204619736,59.193703409635994],[5.804411118411526,59.19382372186259],[5.804421426828094,59.19395055666511],[5.804362150148401,59.19407381800927],[5.8042380061307615,59.19418369420271],[5.804058876264567,59.194271438933654],[5.803839019320574,59.19433006752933],[5.803595936342336,59.19435491299586],[5.803547245556437,59.19435560451077]]]},"id":"2_6","properties":{"object_type":"radial","radius_m":50,"validation_id":"radial_011"}},{"type":"Feature","geometry":{"type":"Polygon","coordinates":[[[5.801658970409951,59.19398746404889],[5.801413574948338,59.19396955607449],[5.80118771368688,59.193917257679786],[5.800999365678267,59.193834731961445],[5.800863523540253,59.193728548156706],[5.800791000007005,59.193607158672805],[5.800787567329099,59.19348022622032],[5.8008534979966955,59.19335785462779],[5.800983543283682,59.19324978457534],[5.801167351247541,59.193164618267275],[5.801390290849328,59.1931091347503],[5.801634616560988,59.19308775036113],[5.801880880764493,59.19310216723324],[5.8021094815611285,59.19315123782703],[5.802302222854237,59.19323105626041],[5.80244376259414,59.19333526917417],[5.802522833956206,59.193455581400784],[5.802533142261647,59.193582416203284],[5.8024738662206605,59.19370567754745],[5.802349723540741,59.19381555374087],[5.802170595604806,59.19390329847181],[5.80195074102996,59.19396192706746],[5.8017076606711635,59.193986772534004],[5.801658970409951,59.19398746404889]]]},"id":"2_7","properties":{"object_type":"radial","radius_m":50,"validation_id":"radial_012"}},{"type":"Feature","geometry":{"type":"Polygon","coordinates":[[[5.804083687359413,59.19643799601748],[5.803838274294114,59.196420088043055],[5.803612396830345,59.1963677896483],[5.803424035310585,59.196285263929866],[5.8032881834280925,59.196179080125056],[5.803215654692647,59.19605769064111],[5.803212221768813,59.195930758188624],[5.8032781571662,59.19580838659614],[5.803408211782097,59.19570031654375],[5.803592032931342,59.195615150235774],[5.803814988525455,59.19555966671886],[5.804059331763463,59.19553828232972],[5.804305613632365,59.195552699201805],[5.804534230827404,59.195601769795545],[5.804726985946696,59.19568158822884],[5.804868535840026,59.19578580114252],[5.804947612874507,59.19590611336908],[5.804957921919725,59.1960329481716],[5.804898641626866,59.196156209515784],[5.804774490041756,59.19626608570928],[5.804595349256109,59.19635383044031],[5.8043754789098685,59.196412459036026],[5.804132381113471,59.196437304502595],[5.804083687359413,59.19643799601748]]]},"id":"2_8","properties":{"object_type":"radial","radius_m":50,"validation_id":"radial_013"}},{"type":"Feature","geometry":{"type":"Polygon","coordinates":[[[5.7093326762973,59.08330142777393],[5.709088072871673,59.08328351980054],[5.708862940594662,59.08323122140855],[5.708675200488026,59.08314869569379],[5.708539796779639,59.08304251189237],[5.7084675073069455,59.08292112241049],[5.708464085694031,59.082794189958115],[5.708529803555983,59.082671818363735],[5.708659429110914,59.08256374830804],[5.708842643829537,59.08247858199636],[5.709064863894668,59.08242309847655],[5.709308401049836,59.08240171408617],[5.709553870440738,59.08241613095911],[5.709781733430184,59.08246520155548],[5.7099738526469705,59.08254501999238],[5.710114935557499,59.08264923290956],[5.710193751702743,59.08276954513834],[5.710204026723713,59.08289637994116],[5.710144941985735,59.08301964128363],[5.710021199973636,59.08312951747393],[5.709842650180015,59.08321726220124],[5.709623505201596,59.08327589079393],[5.709381209406193,59.08330073625907],[5.7093326762973,59.08330142777393]]]},"id":"2_9","properties":{"object_type":"radial","radius_m":50,"validation_id":"radial_014"}},{"type":"Feature","geometry":{"type":"Polygon","coordinates":[[[5.71059867895233,59.082678514704426],[5.710354079967035,59.082660606731054],[5.710128951776875,59.08260830833908],[5.709941215078273,59.08252578262433],[5.7098058138278205,59.08241959882292],[5.709733525667323,59.082298209341076],[5.709730104116443,59.082171276888694],[5.709795820785358,59.082048905294286],[5.709925443987177,59.08194083523858],[5.710108655379933,59.08185566892689],[5.7103308714111805,59.08180018540706],[5.710574404145525,59.08177880101666],[5.710819869080529,59.081793217889604],[5.7110477279336616,59.081842288486],[5.711239843662949,59.081922106922924],[5.711380924012389,59.08202631984011],[5.711459738726831,59.08214663206893],[5.711470013561201,59.08227346687175],[5.711410929895712,59.0823967282142],[5.711287190129847,59.082506604404486],[5.71110864357742,59.08259434913177],[5.710889502577158,59.082652977724436],[5.710647211180193,59.08267782318958],[5.71059867895233,59.082678514704426]]]},"id":"2_10","properties":{"object_type":"radial","radius_m":50,"validation_id":"radial_015"}},{"type":"Feature","geometry":{"type":"Polygon","coordinates":[[[5.7118646816073575,59.082005976394925],[5.711620087415925,59.081988068421545],[5.711394963638003,59.081935770029595],[5.711207230618778,59.08185324431487],[5.711071832021956,59.081747060513486],[5.710999545278132,59.081625671031645],[5.710996123794223,59.081498738579256],[5.711061839175114,59.08137636698485],[5.711191459836471,59.08126829692913],[5.711374667638563,59.08118313061741],[5.7115968793147545,59.08112764709756],[5.711840407276295,59.08110626270716],[5.712085867400629,59.0811206795801],[5.7123137217881235,59.081169750176514],[5.712505833752243,59.081249568613465],[5.712646911336686,59.08135378153067],[5.712725724506407,59.08147409375949],[5.712735999139321,59.08160092856231],[5.712676916631708,59.08172418990476],[5.712553179290917,59.08183406609502],[5.712374636237745,59.081921810822294],[5.712155499532375,59.08198043941495],[5.711913212884044,59.082005284880076],[5.7118646816073575,59.082005976394925]]]},"id":"2_11","properties":{"object_type":"radial","radius_m":50,"validation_id":"radial_016"}},{"type":"Feature","geometry":{"type":"Polygon","coordinates":[[[5.840052426902949,59.070773409517244],[5.839807912744666,59.07075550154398],[5.839582862628704,59.070703203152306],[5.839395191036376,59.07062067743793],[5.839259836741718,59.07051449363689],[5.8391875736491,59.070393104155244],[5.839184153283283,59.070266171702876],[5.839249847160727,59.07014380010828],[5.839379425409264,59.07003573005222],[5.839562573265485,59.06995056374014],[5.839784712234385,59.06989508022001],[5.84002816051436,59.0698736958295],[5.840273540324967,59.069888112702515],[5.840501320158979,59.06993718329918],[5.84069336926392,59.07001700173649],[5.8408344006869575,59.070121214654044],[5.840913188067692,59.07024152688308],[5.8409234593373025,59.070368361685944],[5.84086439616036,59.07049162302822],[5.840740699306002,59.07060149921816],[5.840562214672591,59.07068924394506],[5.840343149670072,59.07074787253741],[5.840100942299805,59.070772718002395],[5.840052426902949,59.070773409517244]]]},"id":"2_12","properties":{"object_type":"radial","radius_m":50,"validation_id":"radial_017"}},{"type":"Feature","geometry":{"type":"Polygon","coordinates":[[[5.839773477165399,59.06969255688102],[5.839528970705042,59.06967464890776],[5.839303927674197,59.069622350516106],[5.839116261990164,59.06953982480177],[5.838980911956675,59.06943364100076],[5.83890865113893,59.06931225151914],[5.838905230880656,59.06918531906678],[5.838970922689809,59.06906294747216],[5.839100496858901,59.06895487741607],[5.8392836389492775,59.06886971110396],[5.839505770924883,59.06881422758379],[5.839749211540752,59.06879284319326],[5.839994583626447,59.06880726006629],[5.840222356289594,59.06885633066298],[5.840414399348473,59.068936149100324],[5.840555426331514,59.06904036201792],[5.840634211231756,59.06916067424697],[5.84064448217787,59.06928750904984],[5.840585420860232,59.069410770392096],[5.8404617279000295,59.069520646582006],[5.840283248885676,59.069608391308876],[5.840064190779837,59.069667019901196],[5.83982199103487,59.069691865366174],[5.839773477165399,59.06969255688102]]]},"id":"2_13","properties":{"object_type":"radial","radius_m":50,"validation_id":"radial_018"}},{"type":"Feature","geometry":{"type":"Polygon","coordinates":[[[5.839322866050898,59.068699907138146],[5.839078366659772,59.068681999164895],[5.838853330135398,59.068629700773265],[5.838665669877131,59.068547175058974],[5.838530323756798,59.06844099125799],[5.838458065028136,59.06831960177639],[5.838454644868622,59.068192669324006],[5.838520334778401,59.068070297729385],[5.838649905201221,59.06796222767328],[5.838833041996649,59.06787706136112],[5.83905516755011,59.06782157784094],[5.8392986011278,59.0678001934504],[5.8395439661194795,59.06781461032343],[5.839771732197406,59.06786368092014],[5.8399637697040125,59.067943499357526],[5.84010479260967,59.068047712275145],[5.840183575232001,59.068168024504224],[5.840193845881037,59.06829485930707],[5.840134786270856,59.068418120649326],[5.84001109688677,59.068527996839215],[5.839832623032565,59.06861574156604],[5.839613571260154,59.068674370158334],[5.839371378517721,59.06869921562331],[5.839322866050898,59.068699907138146]]]},"id":"2_14","properties":{"object_type":"radial","radius_m":50,"validation_id":"radial_019"}},{"type":"Feature","geometry":{"type":"Polygon","coordinates":[[[5.838936627952753,59.06760795927257],[5.838692136337461,59.067590051299334],[5.838467106969913,59.06753775290773],[5.838279452679739,59.06745522719348],[5.8381441108637,59.06734904339252],[5.838071854432934,59.06722765391094],[5.838068434382051,59.067100721458566],[5.8381341222026055,59.066978349863916],[5.8382636885046955,59.066870279807766],[5.838446819475921,59.066785113495584],[5.838668937965312,59.06672962997538],[5.838912363801327,59.06670824558483],[5.8391577209899115,59.06672266245787],[5.839385479824396,59.06677173305461],[5.83957751122375,59.06685155149202],[5.839718529644474,59.06695576440966],[5.839797309761208,59.06707607663876],[5.839807580083473,59.067202911441626],[5.839748522351416,59.067326172783865],[5.839624836900897,59.06743604897371],[5.839446368722619,59.067523793700516],[5.839227323916688,59.06758242229277],[5.838985138876728,59.06760726775774],[5.838936627952753,59.06760795927257]]]},"id":"2_15","properties":{"object_type":"radial","radius_m":50,"validation_id":"radial_020"}},{"type":"Feature","geometry":{"type":"Polygon","coordinates":[[[5.838679135887324,59.06657112814806],[5.838434651654837,59.066553220174825],[5.83820962908237,59.06650092178325],[5.838021980458633,59.06641839606902],[5.8378866427293294,59.066312212268095],[5.837814388480312,59.06619082278653],[5.83781096853257,59.06606389033417],[5.8378766543695,59.06594151873951],[5.838006216759142,59.06583344868332],[5.83818934220055,59.0657482823711],[5.838411453982923,59.06569279885086],[5.838654872468568,59.065671414460304],[5.838900222248464,59.06568583133336],[5.839127974205628,59.06573490193012],[5.839319999806421,59.06581472036756],[5.839461013968901,59.06591893328524],[5.839539791706682,59.06603924551436],[5.839550061718693,59.06616608031723],[5.839491005769828,59.06628934165944],[5.839367324054056,59.066399217849266],[5.839188861264815,59.066486962576036],[5.8389698230732465,59.06654559116828],[5.838727645346435,59.066570436633214],[5.838679135887324,59.06657112814806]]]},"id":"2_16","properties":{"object_type":"radial","radius_m":50,"validation_id":"radial_021"}},{"type":"Feature","geometry":{"type":"Polygon","coordinates":[[[5.7252606138200575,59.065390753104005],[5.725016137991848,59.06537284513078],[5.724791123154619,59.06532054673923],[5.724603480981315,59.065238021025046],[5.7244681479041795,59.065131837224165],[5.724395896138772,59.065010447742615],[5.7243924763084415,59.06488351529025],[5.724458159887295,59.06476114369556],[5.724587717823169,59.06465307363935],[5.724770836969668,59.064567907327095],[5.724992941117052,59.06451242380682],[5.725236351235339,59.06449103941625],[5.725481692581498,59.06450545628931],[5.7257094367098045,59.06455452688609],[5.725901455709762,59.064634345323576],[5.726042465024834,59.0647385582413],[5.726121240054517,59.06485887047044],[5.7261315097133485,59.064985705273315],[5.7260724557943945,59.06510896661551],[5.7259487783301,59.0652188428053],[5.7257703216755145,59.06530658753203],[5.725551291013458,59.065365216124235],[5.725309121611631,59.065390061589156],[5.7252606138200575,59.065390753104005]]]},"id":"2_17","properties":{"object_type":"radial","radius_m":50,"validation_id":"radial_022"}},{"type":"Feature","geometry":{"type":"Polygon","coordinates":[[[5.7242521032304605,59.066135314855764],[5.7240076221010465,59.06611740688254],[5.723782602384626,59.066065108490974],[5.723594956142552,59.065982582776755],[5.723459620130948,59.065876398975846],[5.723387366798942,59.065755009494296],[5.723383946894551,59.06562807704192],[5.723449631897741,59.06550570544726],[5.723579192642939,59.06539763539106],[5.723762315760108,59.06531246907883],[5.723984424723448,59.06525698555858],[5.724227840119652,59.06523560116802],[5.724473186785598,59.06525001804107],[5.724700935852148,59.065299088637836],[5.7248929590157465,59.0653789070753],[5.72503397138844,59.065483119993],[5.725112748126323,59.06560343222213],[5.725123018007931,59.065730267024996],[5.7250639628085604,59.06585352836719],[5.7249402826625415,59.06596340455701],[5.724761822138371,59.06605114928376],[5.724542786726889,59.066109777875994],[5.7243006120738755,59.06613462334093],[5.7242521032304605,59.066135314855764]]]},"id":"2_18","properties":{"object_type":"radial","radius_m":50,"validation_id":"radial_023"}},{"type":"Feature","geometry":{"type":"Polygon","coordinates":[[[5.722943185231193,59.06553966674592],[5.722698708342754,59.0655217587727],[5.722473692529697,59.065469460381145],[5.72228604954265,59.06538693466696],[5.722150715878628,59.065280750866066],[5.722078463799905,59.06515936138452],[5.722075043954763,59.06503242893215],[5.722140727818479,59.064910057337464],[5.722270286316212,59.06480198728125],[5.722453406256834,59.06471682096901],[5.722675511367399,59.06466133744873],[5.722918922541258,59.06463995305816],[5.72316426495136,59.064654369931226],[5.723392010067304,59.06470344052801],[5.723584029899978,59.06478325896549],[5.7237250398265695,59.0648874718832],[5.723803815197889,59.06500778411235],[5.7238140849012735,59.065134618915216],[5.723755030726241,59.06525788025741],[5.723631352725606,59.065367756447216],[5.723452895297114,59.06545550117394],[5.723233863685183,59.06551412976615],[5.722991693233131,59.06553897523107],[5.722943185231193,59.06553966674592]]]},"id":"2_19","properties":{"object_type":"radial","radius_m":50,"validation_id":"radial_024"}},{"type":"Feature","geometry":{"type":"Polygon","coordinates":[[[5.723876593968376,59.06487782339431],[5.723632121792014,59.06485991542108],[5.72340711031592,59.06480761702956],[5.7232194709454784,59.064725091315374],[5.723084139889815,59.06461890751451],[5.723011889203595,59.06449751803298],[5.723008469424283,59.064370585580605],[5.72307415202195,59.06424821398592],[5.7232037080225595,59.06414014392968],[5.723386824433777,59.06405497761741],[5.723608925263584,59.063999494097125],[5.723852331746066,59.06397810970655],[5.7240976694275725,59.06399252657962],[5.724325410154061,59.06404159717642],[5.724517426285804,59.06412141561392],[5.724658433494568,59.06422562853165],[5.72473720734752,59.06434594076081],[5.724747476852887,59.06447277556368],[5.724688423815977,59.06459603690587],[5.724564748199046,59.06470591309564],[5.724386294210108,59.06479365782236],[5.724167266819794,59.064852286414535],[5.7239251010353644,59.06487713187946],[5.723876593968376,59.06487782339431]]]},"id":"2_20","properties":{"object_type":"radial","radius_m":50,"validation_id":"radial_025"}},{"type":"Feature","geometry":{"type":"Polygon","coordinates":[[[5.721634267231925,59.06498813150542],[5.721389794270226,59.06497022353219],[5.721164782071313,59.06491792514067],[5.720977142098112,59.064835399426485],[5.720841810607724,59.06472921562562],[5.7207695596894235,59.064607826144076],[5.72076613989914,59.064480893691716],[5.720831822707813,59.06435852209703],[5.720961379124607,59.06425045204079],[5.721144496124049,59.064165285728535],[5.72136659766731,59.06410980220824],[5.721610004931679,59.06408841781766],[5.721855343401276,59.06410283469073],[5.722083084859334,59.06415190528753],[5.72227510160789,59.06423172372503],[5.722416109269622,59.06433593664275],[5.7224948833756315,59.064456248871906],[5.722505152914002,59.06458308367479],[5.7224460996874065,59.064706345016965],[5.722322423673195,59.064816221206755],[5.722143969111004,59.06490396593347],[5.721924941017097,59.06496259452566],[5.721682774454737,59.064987439990574],[5.721634267231925,59.06498813150542]]]},"id":"2_21","properties":{"object_type":"radial","radius_m":50,"validation_id":"radial_026"}},{"type":"Feature","geometry":{"type":"Polygon","coordinates":[[[5.720260976216302,59.06445864934039],[5.7200165070241935,59.06444074136717],[5.719791498294784,59.064388442975634],[5.71960386121481,59.06430591726148],[5.719468531811071,59.06419973346062],[5.71939628200675,59.0640783439791],[5.719392862269128,59.06395141152673],[5.719458544064982,59.06382903993203],[5.719588098484117,59.063720969875796],[5.719771212660088,59.063635803563514],[5.719993310778808,59.0635803200432],[5.720236714290149,59.06355893565262],[5.72048204897694,59.063573352525694],[5.7207097869235035,59.06362242312251],[5.7209018007113706,59.06370224156002],[5.721042806198884,59.06380645447777],[5.721121579090223,59.063926766706935],[5.721131848470181,59.0640536015098],[5.721072796154066,59.06417686285198],[5.720949122046781,59.06428673904174],[5.720770670236181,59.06437448376845],[5.720551645519501,59.064433112360625],[5.720309482691168,59.06445795782554],[5.720260976216302,59.06445864934039]]]},"id":"2_22","properties":{"object_type":"radial","radius_m":50,"validation_id":"radial_027"}},{"type":"Feature","geometry":{"type":"Polygon","coordinates":[[[5.93355854558708,59.122270770856595],[5.933313663996573,59.12225286288285],[5.933088275698527,59.1222005644899],[5.932900322095298,59.12211803877389],[5.932764764409399,59.122011854971305],[5.932692392734085,59.121890465488725],[5.932688967235111,59.121763533036294],[5.932754759834895,59.12164116144256],[5.9328845328007,59.121533091388],[5.933067955868436,59.121447925077604],[5.933290428636527,59.12139244155878],[5.933534242734585,59.12137105716883],[5.933779991265537,59.121385474041475],[5.934008113374597,59.12143454463695],[5.934200451066044,59.1215143630726],[5.934341694416112,59.12161857598858],[5.934420600194094,59.12173888821661],[5.93443088690464,59.12186572301932],[5.934371734980591,59.121988984362375],[5.934247852253012,59.12209886055378],[5.93406909941446,59.12218660528236],[5.933849705224124,59.12224523387609],[5.933607133888233,59.12227007934173],[5.93355854558708,59.122270770856595]]]},"id":"2_23","properties":{"object_type":"radial","radius_m":50,"validation_id":"radial_028"}},{"type":"Feature","geometry":{"type":"Polygon","coordinates":[[[5.933901868340988,59.121362236895095],[5.933656993244128,59.12134432892136],[5.933431610922791,59.121292030528444],[5.933243662303555,59.12120950481244],[5.9331081082122,59.1211033210099],[5.933035738455873,59.12098193152733],[5.933032313047618,59.1208549990749],[5.933098103902677,59.12073262748115],[5.933227873427234,59.12062455742658],[5.933411291631144,59.12053939111613],[5.933633758499984,59.1204839075973],[5.933877566132922,59.120462523207344],[5.934123308147462,59.120476940079996],[5.934351424207476,59.120526010675476],[5.934543756798719,59.12060582911117],[5.934684996403391,59.12071004202717],[5.934763900088931,59.120830354255204],[5.934774186526589,59.12095718905794],[5.934715036170971,59.121080450400974],[5.934591156728342,59.121190326592355],[5.934412408629792,59.1212780713209],[5.934193020257209,59.12133669991461],[5.933950455353699,59.12136154538023],[5.933901868340988,59.121362236895095]]]},"id":"2_24","properties":{"object_type":"radial","radius_m":50,"validation_id":"radial_029"}},{"type":"Feature","geometry":{"type":"Polygon","coordinates":[[[5.935382447717208,59.12239741307138],[5.935137565221507,59.12237950509765],[5.934912176090327,59.122327206704696],[5.934724221792345,59.12224468098867],[5.9345886636053775,59.12213849718608],[5.934516291662564,59.1220171077035],[5.934512866150944,59.121890175251075],[5.934578658993937,59.12176780365734],[5.934708432439441,59.1216597336028],[5.934891856185178,59.1215745672924],[5.935114329775606,59.12151908377357],[5.935358144774881,59.121497699383625],[5.935603894214201,59.12151211625627],[5.9358320171664785,59.12156118685172],[5.936024355568876,59.121641005287394],[5.9361655994410425,59.12174521820337],[5.936244505510702,59.12186553043138],[5.936254792259288,59.1219923652341],[5.936195640116605,59.12211562657715],[5.936071756931117,59.12222550276855],[5.935893003431823,59.122313247497154],[5.93567360843051,59.12237187609088],[5.935431036197966,59.12239672155652],[5.935382447717208,59.12239741307138]]]},"id":"2_25","properties":{"object_type":"radial","radius_m":50,"validation_id":"radial_030"}},{"type":"Feature","geometry":{"type":"Polygon","coordinates":[[[5.935736499307172,59.1214833761486],[5.9354916233445065,59.12146546817487],[5.935266240226288,59.12141316978194],[5.93507829094253,59.12133064406594],[5.93494273637191,59.12122446026339],[5.934870366359722,59.121103070780826],[5.934866940939371,59.12097613832841],[5.934932732027055,59.12085376673465],[5.93506250201044,59.120745696680075],[5.935245920862848,59.12066053036964],[5.9354683885182435,59.120605046850805],[5.935712197013182,59.12058366246084],[5.935957939896564,59.12059807933349],[5.936186056763106,59.12064714992897],[5.936378390034366,59.120726968364664],[5.936519630138416,59.120831181280664],[5.936598534102945,59.1209514935087],[5.936608820576986,59.12107832831142],[5.936549670012249,59.121201589654476],[5.93642579013163,59.121311465845835],[5.93624704140109,59.12139921057441],[5.93602765225282,59.121457839168116],[5.935785086491673,59.12148268463374],[5.935736499307172,59.1214833761486]]]},"id":"2_26","properties":{"object_type":"radial","radius_m":50,"validation_id":"radial_031"}},{"type":"Feature","geometry":{"type":"Polygon","coordinates":[[[5.934813819406052,59.12424743727358],[5.934568923686131,59.124229529299825],[5.934343522383472,59.12417723090683],[5.9341555579356635,59.12409470519074],[5.934019992428461,59.12398852138811],[5.933947616577658,59.123867131905484],[5.933944190881291,59.12374019945306],[5.934009987277391,59.12361782785936],[5.934139767730945,59.123509757804854],[5.934323201381794,59.123424591494526],[5.934545686985958,59.12336910797576],[5.934789515151356,59.12334772358582],[5.935035277861253,59.12336214045845],[5.9352634131323185,59.12341121105386],[5.935455761921207,59.12349102948948],[5.935597013420817,59.12359524240539],[5.935675923751701,59.12371555463338],[5.93568621105602,59.123842389436085],[5.935627055719249,59.123965650779176],[5.935503165844015,59.12407552697063],[5.935324402691776,59.12416327169929],[5.935104995842696,59.124221900293044],[5.934862410510699,59.12424674575872],[5.934813819406052,59.12424743727358]]]},"id":"2_27","properties":{"object_type":"radial","radius_m":50,"validation_id":"radial_032"}},{"type":"Feature","geometry":{"type":"Polygon","coordinates":[[[5.93512495565178,59.12331693163529],[5.934880066583449,59.123299023661524],[5.934654671402864,59.12324672526856],[5.93446671206027,59.123164199552505],[5.934331150235039,59.12305801574988],[5.934258776349896,59.122936626267276],[5.934255350746454,59.12280969381486],[5.934321145355394,59.122687322221154],[5.934450922284002,59.122579252166624],[5.934634350952725,59.12249408585625],[5.934856830514154,59.12243860233746],[5.935100652057186,59.12241721794752],[5.935346408092179,59.12243163482016],[5.935574537167074,59.1224807054156],[5.935766880731709,59.12256052385123],[5.935908128394826,59.12266473676717],[5.935987036582376,59.122785048995176],[5.935997323607171,59.12291188379789],[5.93593816987698,59.12303514514097],[5.935814283366589,59.12314502133239],[5.93563552506964,59.123232766061015],[5.935416124179814,59.123291394654764],[5.9351735454366485,59.12331624012041],[5.93512495565178,59.12331693163529]]]},"id":"2_28","properties":{"object_type":"radial","radius_m":50,"validation_id":"radial_033"}},{"type":"Feature","geometry":{"type":"Polygon","coordinates":[[[5.933268867013472,59.12319579886463],[5.9330239788110095,59.12317789089088],[5.932798584427367,59.123125592497914],[5.9326106257493425,59.12304306678186],[5.93247506440341,59.122936882979246],[5.932402690774149,59.122815493496645],[5.932399265182804,59.12268856104423],[5.932465059559099,59.12256618945051],[5.932594836028847,59.12245811939597],[5.932778264049025,59.122372953085616],[5.933000742823841,59.122317469566816],[5.933244563504808,59.12229608517686],[5.933490318670896,59.12231050204951],[5.9337184469392055,59.12235957264495],[5.933910789823775,59.12243939108058],[5.934052036987477,59.12254360399653],[5.934130944896021,59.12266391622453],[5.934141231884425,59.12279075102725],[5.934082078363371,59.12291401237033],[5.933958192290999,59.12302388856175],[5.933779434626085,59.12311163329036],[5.933560034512003,59.12317026188411],[5.933317456626541,59.123195107349765],[5.933268867013472,59.12319579886463]]]},"id":"2_29","properties":{"object_type":"radial","radius_m":50,"validation_id":"radial_034"}},{"type":"Feature","geometry":{"type":"Polygon","coordinates":[[[5.932957730767744,59.124071248796525],[5.932712836307316,59.12405334082276],[5.932487436163884,59.12400104242979],[5.932299472682757,59.1239185167137],[5.932163907872744,59.12381233291106],[5.932091532394143,59.12369094342844],[5.932088106715371,59.123564010976025],[5.932153902773067,59.12344163938232],[5.932283682559168,59.12333356932782],[5.932467115266642,59.12324840301748],[5.932689599726601,59.1231929194987],[5.932933426638042,59.12317153510877],[5.933179188084034,59.1231859519814],[5.933407322181842,59.123235022576814],[5.933599669981507,59.12331484101243],[5.933740920754669,59.123419053928345],[5.9338198306797105,59.12353936615634],[5.9338301179311,59.12366620095905],[5.933770962898538,59.12378946230213],[5.9336470736604445,59.12389933849358],[5.933468311427563,59.12398708322222],[5.93324890570688,59.124045711816],[5.93300632162249,59.12407055728166],[5.932957730767744,59.124071248796525]]]},"id":"2_30","properties":{"object_type":"radial","radius_m":50,"validation_id":"radial_035"}},{"type":"Feature","geometry":{"type":"Polygon","coordinates":[[[6.039292416317873,59.12243042842037],[6.0390475335861895,59.12241252044662],[6.038822144237811,59.12236022205367],[6.038634189758709,59.12227769633765],[6.038498631441114,59.12217151253506],[6.038426259428562,59.12205012305247],[6.0384228339136445,59.12192319060005],[6.038488626820042,59.12180081900632],[6.038618400390604,59.12169274895177],[6.038801824313097,59.121607582641374],[6.039024298117907,59.12155209912256],[6.03926811335213,59.121530714732614],[6.039513863028259,59.121545131605245],[6.039741986200364,59.12159420220072],[6.039934324788105,59.12167402063637],[6.0400755687963805,59.12177823355235],[6.0401544749420815,59.12189854578037],[6.040164761700584,59.122025380583075],[6.040105609500904,59.122148641926145],[6.0399817261960385,59.12225851811755],[6.039802972524489,59.12234626284613],[6.039583577311756,59.122404891439864],[6.039341004845454,59.122429736905495],[6.039292416317873,59.12243042842037]]]},"id":"2_31","properties":{"object_type":"radial","radius_m":50,"validation_id":"radial_036"}},{"type":"Feature","geometry":{"type":"Polygon","coordinates":[[[6.03788693879407,59.12257909462756],[6.03764205499976,59.12256118665381],[6.037416664673348,59.12250888826087],[6.037228709378661,59.122426362544836],[6.037093150472851,59.122320178742235],[6.0370207781462755,59.122198789259656],[6.037017352616513,59.12207185680724],[6.0370831458084195,59.12194948521351],[6.037212919942109,59.12184141515896],[6.037396344660523,59.12175624884857],[6.037618819430691,59.12170076532976],[6.0378626357228695,59.1216793809398],[6.038108386465352,59.12169379781244],[6.038336510627327,59.12174286840791],[6.038528850049671,59.12182268684356],[6.038670094670845,59.12192689975952],[6.038749001158955,59.12204721198755],[6.038759287962114,59.12217404679027],[6.038700135505772,59.12229730813332],[6.038576251663357,59.122407184324736],[6.038397497216149,59.12249492905332],[6.038178101051394,59.12255355764705],[6.037935527532492,59.1225784031127],[6.03788693879407,59.12257909462756]]]},"id":"2_32","properties":{"object_type":"radial","radius_m":50,"validation_id":"radial_037"}},{"type":"Feature","geometry":{"type":"Polygon","coordinates":[[[6.037500700695926,59.12185778218683],[6.0372558220572605,59.12183987421308],[6.03703043647607,59.12178757582016],[6.0368424851384335,59.12170505010414],[6.036706929086518,59.121598866301554],[6.036634558283527,59.12147747681899],[6.03663113282579,59.12135054436657],[6.036696924632468,59.12122817277284],[6.036826696033974,59.12112010271828],[6.037010116890741,59.121034936407845],[6.037232586977188,59.12097945288902],[6.037476398136371,59.12095806849907],[6.037722143705134,59.1209724853717],[6.037950263064458,59.12102155596718],[6.038142598437484,59.121101374402876],[6.038283840084994,59.121205587318855],[6.038362744911806,59.121325899546875],[6.0383730314983035,59.121452734349596],[6.038313880287223,59.121575995692645],[6.0381899990528956,59.12168587188404],[6.038011248369024,59.12177361661261],[6.037791856823286,59.12183224520633],[6.037549288411387,59.12185709067195],[6.037500700695926,59.12185778218683]]]},"id":"2_33","properties":{"object_type":"radial","radius_m":50,"validation_id":"radial_038"}},{"type":"Feature","geometry":{"type":"Polygon","coordinates":[[[6.038959822400029,59.12168708770782],[6.03871494498138,59.12166917973407],[6.038489560523084,59.12161688134115],[6.038301610121833,59.121534355625144],[6.038166054745256,59.121428171822565],[6.0380936843028,59.12130678234],[6.038090258862108,59.12117984988758],[6.038156050340989,59.12105747829384],[6.038285821095957,59.12094940823927],[6.038469241038916,59.12086424192885],[6.038691710017021,59.12080875841001],[6.038935519961549,59.120787374020054],[6.039181264306018,59.120801790892706],[6.039409382528856,59.12085086148817],[6.039601716943664,59.120930679923866],[6.039742957887494,59.12103489283986],[6.0398218623211815,59.12115520506789],[6.0398321488564095,59.121282039870614],[6.039772997940003,59.12140530121366],[6.039649117322847,59.12151517740504],[6.039470367529519,59.12160292213361],[6.039250977076813,59.12166155072732],[6.03900840987342,59.12168639619294],[6.038959822400029,59.12168708770782]]]},"id":"2_34","properties":{"object_type":"radial","radius_m":50,"validation_id":"radial_039"}},{"type":"Feature","geometry":{"type":"Polygon","coordinates":[[[6.040440401776247,59.12153291131842],[6.040195525459542,59.12151500334468],[6.039970142015468,59.12146270495177],[6.039782192459979,59.12138017923577],[6.039646637693378,59.12127399543321],[6.039574267576567,59.12115260595063],[6.03957084215127,59.12102567349821],[6.039636633334079,59.12090330190447],[6.039766403505082,59.12079523184989],[6.039949822622672,59.120710065539456],[6.0401722905997,59.12065458202062],[6.040416099447125,59.12063319763067],[6.040661842685787,59.120647614503305],[6.040889959882128,59.120696685098785],[6.0410822934314545,59.12077650353449],[6.041223533739708,59.12088071645048],[6.041302437818318,59.12100102867853],[6.041312724307237,59.121127863481234],[6.041253573656989,59.12125112482429],[6.041129693597272,59.121361001015664],[6.040950944608302,59.121448745744225],[6.040731555142841,59.12150737433793],[6.0404889890309965,59.12153221980357],[6.040440401776247,59.12153291131842]]]},"id":"2_35","properties":{"object_type":"radial","radius_m":50,"validation_id":"radial_040"}},{"type":"Feature","geometry":{"type":"Polygon","coordinates":[[[6.036449274762088,59.12273326630922],[6.036204389865787,59.12271535833548],[6.035978998525114,59.12266305994253],[6.03579104238463,59.12258053422648],[6.035655482868817,59.12247435042389],[6.0355831102165824,59.122352960941306],[6.0355796846714265,59.122226028488875],[6.035645478159417,59.122103656895156],[6.0357752528770945,59.121995586840605],[6.035958678420913,59.12191042053021],[6.036181154192199,59.12185493701141],[6.036424971581527,59.121833552621474],[6.036670723429862,59.121847969494105],[6.036898848618375,59.121897040089564],[6.037091188906235,59.12197685852521],[6.0372324341630135,59.12208107144117],[6.037311341006216,59.12220138366919],[6.037321627855684,59.1223282184719],[6.037262475133177,59.12245147981496],[6.037138590733297,59.12256135600638],[6.0369598354816985,59.122649100734975],[6.036740438329655,59.12270772932871],[6.036497863719161,59.12273257479436],[6.036449274762088,59.12273326630922]]]},"id":"2_36","properties":{"object_type":"radial","radius_m":50,"validation_id":"radial_041"}},{"type":"Feature","geometry":{"type":"Polygon","coordinates":[[[6.040762266858036,59.12227625537595],[6.040517385228328,59.122258347402216],[6.040291996894202,59.122206049009264],[6.040104043260887,59.12212352329325],[6.039968485553286,59.12201733949066],[6.039896113866388,59.12189595000807],[6.039892688366867,59.121769017555664],[6.039958480977184,59.12164664596194],[6.040088253963763,59.12153857590737],[6.040271677060861,59.12145340959697],[6.040494149864565,59.12139792607815],[6.040737964001652,59.1213765416882],[6.0409837125719426,59.12139095856084],[6.0412118347175205,59.121440029156304],[6.041404172439756,59.12151984759197],[6.0415454158124335,59.12162406050795],[6.041624321603048,59.12174437273597],[6.04163460831524,59.12187120753868],[6.041575456381723,59.121994468881745],[6.0414515736343155,59.12210434507315],[6.041272820767147,59.122192089801715],[6.0410534265416915,59.12225071839545],[6.040810855166968,59.12227556386109],[6.040762266858036,59.12227625537595]]]},"id":"2_37","properties":{"object_type":"radial","radius_m":50,"validation_id":"radial_042"}},{"type":"Feature","geometry":{"type":"Polygon","coordinates":[[[6.036095223172121,59.12200094464251],[6.0358503435102095,59.12198303666876],[6.035624956987231,59.121930738275836],[6.035437004864233,59.12184821255982],[6.035301448245904,59.12174202875723],[6.035229077140526,59.12162063927467],[6.035225651668494,59.12149370682225],[6.0352914437501,59.1213713352285],[6.035421215693863,59.121263265173944],[6.035604637317056,59.121178098863524],[6.035827108333087,59.12112261534471],[6.036070920511019,59.12110123095474],[6.0363166671066155,59.121115647827395],[6.0365447874191265,59.12116471842286],[6.036737123595825,59.12124453685854],[6.0368783658335206,59.12134874977452],[6.036957270990053,59.121469062002554],[6.036967557619551,59.121595896805275],[6.036908406161323,59.12171915814832],[6.0367845244093665,59.12182903433972],[6.036605772978582,59.1219167790683],[6.0363863805161015,59.121975407662006],[6.036143811090612,59.122000253127645],[6.036095223172121,59.12200094464251]]]},"id":"2_38","properties":{"object_type":"radial","radius_m":50,"validation_id":"radial_043"}},{"type":"Feature","geometry":{"type":"Polygon","coordinates":[[[6.005984589742868,59.231534653939015],[6.0057389242298385,59.231516745964264],[6.005512814414929,59.23146444756864],[6.0053242591369695,59.231381921849064],[6.005188267512658,59.231275738043195],[6.005115664174488,59.231154348558604],[6.005112227723897,59.23102741610609],[6.0051782309494,59.2309050445142],[6.005308419347605,59.230796974462834],[6.005492429583462,59.230711808156],[6.005715614517379,59.230656324639995],[6.005960209094057,59.23063494025124],[6.006206744295654,59.23064935712308],[6.0064355966539065,59.230698427715986],[6.006628550049219,59.23077824614814],[6.0067702455489815,59.23088245906076],[6.0068494039294045,59.23100277128662],[6.006859723583485,59.23112960608902],[6.006800382316128,59.23125286743375],[6.0066761030251214,59.23136274362826],[6.0064967779666505,59.23145048836042],[6.006276681448866,59.23150911695709],[6.0060333335865,59.2315339624241],[6.005984589742868,59.231534653939015]]]},"id":"2_39","properties":{"object_type":"radial","radius_m":50,"validation_id":"radial_044"}},{"type":"Feature","geometry":{"type":"Polygon","coordinates":[[[6.007626101659983,59.231874946891175],[6.007380433696256,59.231857038916424],[6.007154321625744,59.231804740520786],[6.006965764466831,59.23172221480121],[6.00682977148594,59.231616030995326],[6.006757167423548,59.23149464151073],[6.00675373093872,59.231367709058205],[6.006819734822681,59.23124533746632],[6.006949924519609,59.23113726741498],[6.007133936591071,59.23105210110816],[6.007357123751356,59.230996617592155],[6.007601720767963,59.23097523320339],[6.007848258428848,59.23098965007524],[6.008077113070004,59.23103872066813],[6.008270068390129,59.23111853910029],[6.008411765303401,59.2312227520129],[6.0084909244735085,59.23134306423873],[6.008501244230577,59.23146989904116],[6.008441902371296,59.23159316038588],[6.008317621840554,59.2317030365804],[6.008138294993209,59.23179078131257],[6.007918196279812,59.23184940990924],[6.00767484598987,59.23187425537626],[6.007626101659983,59.231874946891175]]]},"id":"2_40","properties":{"object_type":"radial","radius_m":50,"validation_id":"radial_045"}},{"type":"Feature","geometry":{"type":"Polygon","coordinates":[[[6.009224698232858,59.232176816829934],[6.008979028095099,59.23215890885519],[6.008752914023621,59.23210661045953],[6.0085643551961,59.232024084739955],[6.008428361011779,59.231917900934064],[6.008355756306923,59.23179651144946],[6.008352319791721,59.23166957899694],[6.008418324259807,59.23154720740506],[6.008548515108845,59.231439137353725],[6.008732528808682,59.23135397104691],[6.008955717944,59.23129848753093],[6.009200317125088,59.23127710314216],[6.009446856967627,59.231291520014],[6.009675713633963,59.23134059060689],[6.009868670661604,59.23142040903903],[6.010010368828811,59.23152462195163],[6.010089528699456,59.231644934177474],[6.010099848547886,59.23177176897989],[6.010040506163503,59.23189503032462],[6.009916224532981,59.232004906519144],[6.009736896098715,59.232092651251335],[6.009516795437571,59.23215127984801],[6.009273442994108,59.232176125315036],[6.009224698232858,59.232176816829934]]]},"id":"2_41","properties":{"object_type":"radial","radius_m":50,"validation_id":"radial_046"}},{"type":"Feature","geometry":{"type":"Polygon","coordinates":[[[6.010748192953318,59.23247868409744],[6.0105025206415,59.232460776122664],[6.0102764045690344,59.23240847772702],[6.010087844072882,59.23232595200742],[6.009951848685119,59.232219768201524],[6.009879243337789,59.23209837871692],[6.009875806792215,59.2319714462644],[6.009941811844431,59.23184907467252],[6.01007200384559,59.231741004621185],[6.010256019173828,59.23165583831438],[6.010479210284201,59.23160035479842],[6.010723811629795,59.23157897040966],[6.010970353654013,59.23159338728148],[6.011199212345557,59.231642457874365],[6.0113921710807325,59.23172227630651],[6.01153387050189,59.23182648921909],[6.011613031073079,59.23194680144493],[6.011623351012871,59.23207363624734],[6.011564008103383,59.23219689759207],[6.011439725373068,59.23230677378662],[6.01126039535186,59.2323945185188],[6.011040292742945,59.2324531471155],[6.010796938145935,59.232477992582524],[6.010748192953318,59.23247868409744]]]},"id":"2_42","properties":{"object_type":"radial","radius_m":50,"validation_id":"radial_047"}},{"type":"Feature","geometry":{"type":"Polygon","coordinates":[[[6.012432620214668,59.23281347921521],[6.012186945491592,59.23279557124046],[6.01196082719982,59.2327432728448],[6.011772264852984,59.23266074712518],[6.011636268130473,59.232554563319276],[6.011563662070573,59.232433173834664],[6.011560225491316,59.23230624138214],[6.01162623119139,59.23218386979028],[6.0117564244703745,59.23207579973895],[6.0119404416046756,59.231990633432154],[6.012163634905591,59.23193514991619],[6.012408238651852,59.23191376552744],[6.012654783095783,59.23192818239927],[6.012883644033492,59.231977252992145],[6.013076604662506,59.23205707142427],[6.0132183054744255,59.23216128433685],[6.013297466822591,59.23228159656268],[6.013307786863715,59.232408431365094],[6.013248443371826,59.232531692709834],[6.013124159421726,59.23264156890437],[6.0129448276404345,59.232729313636575],[6.012724722871236,59.23278794223327],[6.012481365885717,59.23281278770031],[6.012432620214668,59.23281347921521]]]},"id":"2_43","properties":{"object_type":"radial","radius_m":50,"validation_id":"radial_048"}},{"type":"Feature","geometry":{"type":"Polygon","coordinates":[[[6.00441817967817,59.23121082362265],[6.004172516497225,59.23119291564792],[6.0039464088287495,59.231140617252294],[6.003757855340706,59.23105809153274],[6.003621865007313,59.23095190772688],[6.003549262358315,59.23083051824229],[6.003545825940303,59.230703585789776],[6.003611828539218,59.230581214197876],[6.003742015701558,59.23047314414651],[6.0039260241906565,59.23038797783966],[6.0041492070059554,59.23033249432366],[6.004393799260794,59.230311109934895],[6.0046403321221336,59.230325526806716],[6.004869182307975,59.23037459739965],[6.005062133871636,59.23045441583181],[6.005203828026303,59.23055862874444],[6.0052829856552625,59.2306789409703],[6.005293305211339,59.230805775772716],[6.0052339645072585,59.230929037117434],[6.005109686395983,59.23103891331194],[6.004930363039804,59.23112665804408],[6.004710268611366,59.231185286640745],[6.0044669230590815,59.231210132107755],[6.00441817967817,59.23121082362265]]]},"id":"2_44","properties":{"object_type":"radial","radius_m":50,"validation_id":"radial_049"}},{"type":"Feature","geometry":{"type":"Polygon","coordinates":[[[6.002830311941353,59.230876012775305],[6.002584651171513,59.23085810480056],[6.002358545722203,59.23080580640495],[6.002169994084727,59.2307232806854],[6.002034005085993,59.23061709687955],[6.001961403149521,59.23049570739498],[6.001957966765192,59.23036877494246],[6.002023968716288,59.23024640335056],[6.002154154600884,59.23013833329918],[6.002338161284032,59.23005316699233],[6.002561341908929,59.22999768347631],[6.002805931763254,59.22997629908753],[6.003052462205035,59.22999071595936],[6.003281310144855,59.2300397865523],[6.003474259814798,59.23011960498448],[6.003615952578792,59.23022381789713],[6.003695109430823,59.23034413012299],[6.003705428885576,59.2304709649254],[6.003646088763857,59.23059422627012],[6.0035218118722895,59.230704102464614],[6.003342490276083,59.23079184719675],[6.003122398007791,59.230850475793396],[6.002879054843862,59.230875321260406],[6.002830311941353,59.230876012775305]]]},"id":"2_45","properties":{"object_type":"radial","radius_m":50,"validation_id":"radial_050"}},{"type":"Feature","geometry":{"type":"Polygon","coordinates":[[[6.001178071188179,59.23053022107373],[6.0009324129084645,59.230512313098984],[6.000706309751045,59.23046001470339],[6.000517760024787,59.230377488983855],[6.000381772404458,59.23027130517801],[6.000309171203859,59.230149915693445],[6.000305734854318,59.23002298324093],[6.000371736136362,59.229900611649015],[6.000501920701341,59.22979254159763],[6.0006859255193525,59.229707375290765],[6.0009091038820594,59.229651891774736],[6.001153691257199,59.22963050738597],[6.001400219200128,59.2296449242578],[6.0016290648203166,59.229693994850734],[6.001822012534481,59.22977381328293],[6.001963703862223,59.22987802619558],[6.002042859911865,59.229998338421446],[6.002053179261971,59.230125173223875],[6.0019938397417,59.23024843456858],[6.001869564109814,59.230358310763066],[6.001690244331262,59.23044605549519],[6.001470154293907,59.230504684091834],[6.001226813596609,59.23052952955883],[6.001178071188179,59.23053022107373]]]},"id":"2_46","properties":{"object_type":"radial","radius_m":50,"validation_id":"radial_051"}},{"type":"Feature","geometry":{"type":"Polygon","coordinates":[[[5.997972232237676,59.22987156051699],[5.99772657870096,59.22985365254226],[5.997500479908966,59.229801354146666],[5.997311933823045,59.22971882842715],[5.997175948828192,59.22961264462135],[5.997103349029233,59.229491255136786],[5.997099912745952,59.22936432268427],[5.997165912753639,59.22924195109234],[5.997296094805109,59.22913388104095],[5.997480096070554,59.22904871473405],[5.997703270124411,59.228993231218],[5.99794785277739,59.22897184682923],[5.998194375960691,59.228986263701074],[5.998423217162622,59.229035334294025],[5.998616161151568,59.22911515272623],[5.998757849743649,59.229219365638905],[5.998837004264959,59.229339677864786],[5.998847323415748,59.229466512667216],[5.9987879850410675,59.229589774011906],[5.998663711808525,59.22969965020636],[5.998484395492099,59.229787394938484],[5.998264309704065,59.229846023535096],[5.998020973705021,59.22987086900209],[5.997972232237676,59.22987156051699]]]},"id":"2_47","properties":{"object_type":"radial","radius_m":50,"validation_id":"radial_052"}},{"type":"Feature","geometry":{"type":"Polygon","coordinates":[[[5.999517184630253,59.23018991470726],[5.999271528801104,59.23017200673253],[5.999045427899169,59.230119708336936],[5.998856880053763,59.23003718261741],[5.998720893789938,59.22993099881158],[5.998648293313524,59.22980960932701],[5.99864485699822,59.22968267687451],[5.99871085762184,59.22956030528258],[5.998841040888164,59.22945223523119],[5.999025043870671,59.229367068924304],[5.999248220007126,59.22931158540827],[5.9994928049424665,59.22929020101949],[5.999739330426239,59.22930461789133],[5.999968173763645,59.22935368848427],[6.000161119553102,59.22943350691649],[6.000302809467412,59.229537719829146],[6.00038196472741,59.22965803205503],[6.000392283974535,59.22978486685745],[6.000332945046156,59.229908128202155],[6.000208670653938,59.230018004396605],[6.000029352664162,59.230105749128725],[5.9998092648223045,59.230164377725366],[5.999565926552453,59.23018922319236],[5.999517184630253,59.23018991470726]]]},"id":"2_48","properties":{"object_type":"radial","radius_m":50,"validation_id":"radial_053"}},{"type":"Feature","geometry":{"type":"Polygon","coordinates":[[[5.996266347304204,59.229520269686944],[5.996020696297037,59.2295023617122],[5.995794599833223,59.22945006331662],[5.995606055688778,59.229367537597135],[5.995470072094148,59.229261353791316],[5.995397473042716,59.22913996430676],[5.995394036794775,59.229013031854244],[5.995460036122815,59.22889066026233],[5.995590216833775,59.2287825902109],[5.9957742162045555,59.228697423904],[5.995997387960408,59.22864194038795],[5.99624196809495,59.22862055599917],[5.996488488739835,59.22863497287101],[5.996717327585408,59.22868404346398],[5.996910269587609,59.2287638618962],[5.997051956720703,59.22886807480888],[5.997131110426919,59.228988387034775],[5.997141429471403,59.22911522183719],[5.997082091707693,59.22923848318189],[5.996957819754775,59.22934835937633],[5.99677850528478,59.22943610410842],[5.996558421763008,59.22949473270504],[5.996315088269646,59.22951957817203],[5.996266347304204,59.229520269686944]]]},"id":"2_49","properties":{"object_type":"radial","radius_m":50,"validation_id":"radial_054"}},{"type":"Feature","geometry":{"type":"Polygon","coordinates":[[[5.964342661551676,59.20681030149712],[5.964097173942744,59.206792393522605],[5.963871227869532,59.206740095127586],[5.963682809136186,59.20665756940882],[5.963546915990248,59.20655138560369],[5.963474365225852,59.20642999611956],[5.963470931260625,59.206303063667065],[5.96353688668653,59.206180692074746],[5.963666980806127,59.20607262202267],[5.963850857789516,59.20598745571502],[5.964073881103876,59.20593197219838],[5.96431829855803,59.20591058780934],[5.964564655231882,59.205925004681355],[5.9647933418667245,59.20597407527485],[5.964986155533641,59.20605389370781],[5.965127748422139,59.206158106621196],[5.965206849476729,59.20627841884753],[5.965217161654567,59.20640525365001],[5.965157863356947,59.20652851499436],[5.965033674062403,59.20663839118817],[5.964854478864041,59.20672613591952],[5.964634541733091,59.20678476451551],[5.964391370096355,59.206809609982216],[5.964342661551676,59.20681030149712]]]},"id":"2_50","properties":{"object_type":"radial","radius_m":50,"validation_id":"radial_055"}},{"type":"Feature","geometry":{"type":"Polygon","coordinates":[[[5.96501857822343,59.2063983539449],[5.964773093576095,59.206380445970375],[5.9645471502287215,59.20632814757538],[5.964358733768455,59.20624562185661],[5.964222842261903,59.206139438051494],[5.964150292372712,59.20601804856737],[5.96414685844886,59.20589111611489],[5.964212813079038,59.205768744522565],[5.96434290562916,59.20566067447047],[5.964526780394275,59.20557550816282],[5.964749801018125,59.205520024646155],[5.964994215523692,59.205498640257126],[5.965240569225562,59.20551305712914],[5.965469253101578,59.205562127722644],[5.965662064442412,59.205641946155616],[5.965803655622723,59.20574615906901],[5.965882755723,59.20586647129535],[5.965893067776382,59.20599330609786],[5.965833770194085,59.20611656744218],[5.965709582397727,59.20622644363598],[5.965530389361169,59.20631418836731],[5.965310454883558,59.2063728169633],[5.9650672861804805,59.20639766243],[5.96501857822343,59.2063983539449]]]},"id":"2_51","properties":{"object_type":"radial","radius_m":50,"validation_id":"radial_056"}},{"type":"Feature","geometry":{"type":"Polygon","coordinates":[[[5.965758867911538,59.20595893774472],[5.965513386423192,59.20594102977021],[5.965287445983325,59.20588873137521],[5.965099031947639,59.205806205656486],[5.964963142189736,59.20570002185138],[5.964890593234082,59.20557863236726],[5.96488715935436,59.20545169991477],[5.964953113135775,59.20532932832245],[5.965083204011823,59.20522125827034],[5.965267076410817,59.20513609196266],[5.96549009416484,59.205080608446],[5.965734505525298,59.20505922405696],[5.965980856057108,59.20507364092897],[5.966209536990426,59.20512271152249],[5.96640234585015,59.20520252995548],[5.966543935208424,59.205306742868885],[5.9666230342907856,59.205427055095235],[5.966633346211411,59.20555388989773],[5.966574049392116,59.20567715124206],[5.966449863193796,59.20578702743583],[5.966270672463123,59.20587477216717],[5.966050740815693,59.20593340076314],[5.965807575241797,59.205958246229834],[5.965758867911538,59.20595893774472]]]},"id":"2_52","properties":{"object_type":"radial","radius_m":50,"validation_id":"radial_057"}},{"type":"Feature","geometry":{"type":"Polygon","coordinates":[[[5.9667995650093175,59.20528332430666],[5.966554088377804,59.20526541633216],[5.966328152408133,59.20521311793718],[5.966139742100154,59.20513059221847],[5.966003855030741,59.2050244084134],[5.965931307510365,59.20490301892929],[5.965927873698495,59.204776086476784],[5.9659938261749685,59.20465371488446],[5.966123914477183,59.20454564483232],[5.966307783238344,59.20446047852464],[5.966530796580106,59.20440499500796],[5.966775203105068,59.204383610618905],[5.967021548763018,59.204398027490925],[5.967250225172037,59.20444709808446],[5.967443030217136,59.20452691651746],[5.967584616774093,59.20463112943089],[5.967663714291442,59.20475144165726],[5.967674026007967,59.20487827645975],[5.967614730361756,59.20500153780407],[5.967490546620366,59.20511141399783],[5.967311359434912,59.20519915872914],[5.967091432138789,59.205257787325095],[5.9668482713759055,59.20528263279178],[5.9667995650093175,59.20528332430666]]]},"id":"2_53","properties":{"object_type":"radial","radius_m":50,"validation_id":"radial_058"}},{"type":"Feature","geometry":{"type":"Polygon","coordinates":[[[5.967411108664714,59.20488234415679],[5.96716563491565,59.20486443618228],[5.966939701598965,59.20481213778731],[5.966751293503318,59.204729612068604],[5.9666154080294795,59.20462342826354],[5.966542861360916,59.204502038779445],[5.966539427589315,59.204375106326935],[5.966605379291326,59.20425273473461],[5.966735466066012,59.20414466468247],[5.9669193326681835,59.204059498374754],[5.967142343391342,59.20400401485808],[5.967386747046518,59.203982630469014],[5.9676330898119145,59.20399704734104],[5.967861763535839,59.204046117934574],[5.9680545663170195,59.204125936367596],[5.968196151211442,59.20423014928103],[5.968275247799983,59.204350461507424],[5.968285559395374,59.20447729630991],[5.968226264445372,59.204600557654224],[5.968102082162128,59.20471043384797],[5.967922897080702,59.20479817857926],[5.967702972367007,59.20485680717521],[5.967459814459377,59.20488165264189],[5.967411108664714,59.20488234415679]]]},"id":"2_54","properties":{"object_type":"radial","radius_m":50,"validation_id":"radial_059"}},{"type":"Feature","geometry":{"type":"Polygon","coordinates":[[[5.968033381156169,59.20447586632258],[5.967787910328992,59.204457958348094],[5.967561979701594,59.20440565995313],[5.967373573848551,59.204323134234436],[5.967237689992114,59.20421695042938],[5.967165144187022,59.2040955609453],[5.9671617104562396,59.2039686284928],[5.967227661373192,59.20384625690045],[5.967357746599451,59.20373818684829],[5.967541611013089,59.20365302054057],[5.967764619081817,59.20359753702388],[5.9680090198279405,59.20357615263482],[5.968255359661207,59.20359056950686],[5.968484030663297,59.20363964010039],[5.968676831149585,59.20371945853342],[5.968818414358727,59.20382367144687],[5.96889751000575,59.20394398367328],[5.96890782147835,59.204070818475756],[5.968848527234082,59.20419407982006],[5.968724346428936,59.204303956013796],[5.968545163480326,59.20439170074508],[5.968325241384392,59.204450329341014],[5.968082086371085,59.20447517480769],[5.968033381156169,59.20447586632258]]]},"id":"2_55","properties":{"object_type":"radial","radius_m":50,"validation_id":"radial_060"}},{"type":"Feature","geometry":{"type":"Polygon","coordinates":[[[5.724591521361822,59.132545089113464],[5.724346566308473,59.13252718113964],[5.724121110395733,59.132474882746436],[5.7239331004084395,59.13239235703008],[5.723797502057357,59.132286173227186],[5.7237251086724825,59.132164783744415],[5.723721682147208,59.132037851292],[5.723787494485119,59.131915479698435],[5.723917306381871,59.131807409644175],[5.724100784474231,59.1317222433341],[5.724323323980715,59.13166675981555],[5.724567211218888,59.131645375425705],[5.724813033470221,59.13165979229828],[5.725041224012303,59.131708862893504],[5.725233619402509,59.13178868132884],[5.725374905124371,59.13189289424451],[5.725453834574197,59.132013206472315],[5.725464124371941,59.132140041275015],[5.725404954704174,59.13226330261821],[5.725281034813891,59.132373178809914],[5.725102228351543,59.13246092353884],[5.724882768344788,59.13251955213284],[5.72464012423915,59.1325443975986],[5.724591521361822,59.132545089113464]]]},"id":"2_56","properties":{"object_type":"radial","radius_m":50,"validation_id":"radial_061"}},{"type":"Feature","geometry":{"type":"Polygon","coordinates":[[[5.7263081351313545,59.13344231772736],[5.726063173660224,59.13342440975351],[5.725837711840605,59.13337211136029],[5.725649696927549,59.13328958564391],[5.725514095023921,59.13318340184099],[5.725441699742478,59.133062012358195],[5.725438273127548,59.13293507990578],[5.725504087189799,59.13281270831224],[5.7256339024875915,59.13270463825799],[5.725817385386953,59.132619471947955],[5.726039930723763,59.13256398842942],[5.72628382435152,59.132542604039585],[5.7265296530431335,59.13255702091215],[5.726757849563582,59.132606091507355],[5.726950249994406,59.132685909942666],[5.727091539417905,59.1327901228583],[5.727170470935724,59.1329104350861],[5.727180761003167,59.13303726988879],[5.727121589785292,59.13316053123201],[5.726997666648446,59.13327040742373],[5.726818855501471,59.13335815215268],[5.726599389744938,59.13341678074671],[5.726356739282069,59.13344162621248],[5.7263081351313545,59.13344231772736]]]},"id":"2_57","properties":{"object_type":"radial","radius_m":50,"validation_id":"radial_062"}},{"type":"Feature","geometry":{"type":"Polygon","coordinates":[[[5.724548606017583,59.133420300128584],[5.724303644703947,59.133402392154736],[5.724078183029285,59.13335009376153],[5.72389016823711,59.13326756804515],[5.723754566420661,59.133161384242214],[5.723682171185762,59.133039994759436],[5.72367874457303,59.132913062307004],[5.723744558592967,59.13279069071346],[5.723874373807297,59.13268262065923],[5.724057856588693,59.132597454349195],[5.724280401782424,59.13254197083066],[5.724524295253379,59.132520586440826],[5.724770123786945,59.132535003313386],[5.724998320160685,59.132584073908596],[5.7251907204678085,59.1326638923439],[5.725332009800468,59.132768105259544],[5.72541094126754,59.13288841748734],[5.725421231328364,59.13301525229003],[5.725362060148529,59.13313851363325],[5.725238137091354,59.13324838982497],[5.725059326059341,59.13333613455391],[5.724839860443908,59.13339476314795],[5.72459721013705,59.133419608613714],[5.724548606017583,59.133420300128584]]]},"id":"2_58","properties":{"object_type":"radial","radius_m":50,"validation_id":"radial_063"}},{"type":"Feature","geometry":{"type":"Polygon","coordinates":[[[5.722756890395635,59.13338176929673],[5.722511929357615,59.1333638613229],[5.722286467936627,59.13331156292968],[5.722098453355991,59.13322903721331],[5.721962851692108,59.13312285341038],[5.721890456538658,59.1330014639276],[5.721887029929776,59.13287453147517],[5.721952843875658,59.13275215988161],[5.722082658943931,59.13264408982738],[5.722266141518887,59.132558923517344],[5.722488686462232,59.13250343999881],[5.722732579658784,59.132482055608975],[5.722978407915769,59.132496472481535],[5.723206604032764,59.132545543076745],[5.723399004123417,59.132625361512055],[5.723540293297108,59.13272957442769],[5.723619224675367,59.1328498866555],[5.72362951472461,59.13297672145818],[5.723570343611347,59.13309998280141],[5.723446420693596,59.13320985899312],[5.723267609862768,59.13329760372207],[5.7230481444942605,59.133356232316096],[5.722805494460417,59.13338107778187],[5.722756890395635,59.13338176929673]]]},"id":"2_59","properties":{"object_type":"radial","radius_m":50,"validation_id":"radial_064"}},{"type":"Feature","geometry":{"type":"Polygon","coordinates":[[[5.722810534575933,59.13252307093786],[5.7225655796800705,59.13250516296402],[5.722340123912282,59.13245286457083],[5.7221521140458655,59.13237033885447],[5.722016515781962,59.13226415505158],[5.7219441224436265,59.13214276556881],[5.721940695920553,59.13201583311638],[5.7220065082161495,59.13189346152282],[5.722136320029442,59.13178539146857],[5.72231979800384,59.13170022515849],[5.722542337367252,59.131644741639946],[5.722786224448627,59.1316233572501],[5.72303204654192,59.13163777412265],[5.7232602369372945,59.13168684471788],[5.723452632203808,59.13176666315323],[5.723593917834834,59.13187087606889],[5.723672847233913,59.13199118829671],[5.723683137025038,59.132118023099395],[5.7236239673953095,59.13224128444261],[5.7235000475846975,59.1323511606343],[5.723321241237306,59.132438905363216],[5.723101781371648,59.13249753395722],[5.722859137422013,59.132522379422994],[5.722810534575933,59.13252307093786]]]},"id":"2_60","properties":{"object_type":"radial","radius_m":50,"validation_id":"radial_065"}},{"type":"Feature","geometry":{"type":"Polygon","coordinates":[[[5.721083191970341,59.132484539096495],[5.720838237350086,59.132466631122675],[5.720612781835962,59.13241433272948],[5.720424772181076,59.132331807013124],[5.720289174069733,59.13222562321023],[5.7202167808128435,59.13210423372746],[5.7202133542936195,59.13197730127503],[5.7202791665151675,59.13185492968148],[5.720408978182405,59.13174685962721],[5.7205924559503725,59.13166169331714],[5.720814995063407,59.13160620979858],[5.721058881870388,59.13158482540875],[5.721304703687109,59.13159924228131],[5.72153289382575,59.131648312876536],[5.7217252888758,59.13172813131188],[5.721866574347861,59.13183234422755],[5.721945503658133,59.13195265645536],[5.721955793437675,59.13207949125805],[5.721896623874516,59.13220275260126],[5.721772704203325,59.13231262879296],[5.721593898057107,59.13240037352186],[5.721374438438369,59.13245900211587],[5.721131794761738,59.13248384758163],[5.721083191970341,59.132484539096495]]]},"id":"2_61","properties":{"object_type":"radial","radius_m":50,"validation_id":"radial_066"}},{"type":"Feature","geometry":{"type":"Polygon","coordinates":[[[5.720975903609746,59.13333773400721],[5.7207309428867115,59.13331982603338],[5.720505481755636,59.13326752764017],[5.720317467416757,59.13318500192378],[5.720181865927237,59.13307881812086],[5.720109470866871,59.13295742863807],[5.7201060442623906,59.13283049618565],[5.720171858123641,59.13270812459209],[5.720301673024989,59.132600054537875],[5.720485155364014,59.132514888227824],[5.720707700021206,59.13245940470929],[5.720951592904154,59.132438020319455],[5.721197420845045,59.13245243719201],[5.72142561666862,59.132501507787225],[5.7216180165118775,59.132581326222535],[5.72175930550389,59.13268553913817],[5.721838236780652,59.13280585136597],[5.7218485268166575,59.13293268616866],[5.721789355779473,59.133055947511885],[5.721665433021065,59.13316582370359],[5.72148662242016,59.13325356843255],[5.721267157333857,59.13331219702658],[5.721024507612028,59.133337042492336],[5.720975903609746,59.13333773400721]]]},"id":"2_62","properties":{"object_type":"radial","radius_m":50,"validation_id":"radial_067"}},{"type":"Feature","geometry":{"type":"Polygon","coordinates":[[[5.719248561004154,59.13330470750291],[5.719003600517361,59.13328679952906],[5.718778139603719,59.13323450113585],[5.718590125446161,59.13315197541947],[5.71845452408741,59.13304579161655],[5.718382129096857,59.13292440213377],[5.718378702495676,59.13279746968134],[5.718444516293455,59.1326750980878],[5.718574331069608,59.13256702803357],[5.7187578132316865,59.13248186172352],[5.718980357674261,59.13242637820498],[5.719224250322007,59.13240499381515],[5.719470078025831,59.13241941068771],[5.71969827362934,59.13246848128292],[5.719890673287051,59.13254829971823],[5.720031962142804,59.13265251263387],[5.720110893343444,59.132772824861675],[5.720121183369521,59.13289965966437],[5.720062012389397,59.13302292100759],[5.719938089750498,59.133132797199295],[5.719759279322035,59.133220541928246],[5.719539814447382,59.13327917052226],[5.7192971649595625,59.13330401598803],[5.719248561004154,59.13330470750291]]]},"id":"2_63","properties":{"object_type":"radial","radius_m":50,"validation_id":"radial_068"}},{"type":"Feature","geometry":{"type":"Polygon","coordinates":[[[5.719334391692633,59.13242949353365],[5.719089437466095,59.132411585559815],[5.71886398231435,59.13235928716661],[5.718675972961653,59.132276761450264],[5.718540375068251,59.13217057764737],[5.718467981927713,59.1320491881646],[5.71846455541399,59.13192225571217],[5.718530367529753,59.13179988411862],[5.718660178988341,59.131691814064354],[5.718843656461408,59.13160664775429],[5.719066195216761,59.131551164235724],[5.71931008163175,59.13152977984588],[5.719555903053371,59.13154419671845],[5.7197840928252495,59.131593267313676],[5.719976487566066,59.13167308574902],[5.720117772811038,59.13177729866469],[5.720196701994441,59.131897610892516],[5.720206991757438,59.13202444569519],[5.720147822289374,59.1321477070384],[5.7200239028173545,59.132257583230086],[5.71984509695853,59.132345327959015],[5.719625637692532,59.132403956553],[5.719382994405909,59.13242880201878],[5.719334391692633,59.13242949353365]]]},"id":"2_64","properties":{"object_type":"radial","radius_m":50,"validation_id":"radial_069"}},{"type":"Feature","geometry":{"type":"Polygon","coordinates":[[[5.717478303054326,59.13327168096678],[5.717233342803774,59.13325377299294],[5.717007882107565,59.13320147459972],[5.716819868131324,59.133118948883336],[5.716684266903345,59.13301276508043],[5.716611871982603,59.13289137559765],[5.716608445384724,59.13276444314522],[5.71667425911903,59.132642071551665],[5.716804073769989,59.13253400149743],[5.716987555755121,59.1324488351874],[5.71721009998308,59.13239335166885],[5.717453992395623,59.13237196727901],[5.717699819862379,59.13238638415157],[5.717928015245823,59.13243545474678],[5.718120414717987,59.13251527318211],[5.7182617034374825,59.132619486097745],[5.718340634561998,59.13273979832555],[5.7183509245781465,59.13286663312823],[5.718291753655084,59.132989894471464],[5.718167831135691,59.13309977066317],[5.71798902087967,59.13318751539211],[5.717769556216668,59.133246143986135],[5.717526906962862,59.133270989451916],[5.717478303054326,59.13327168096678]]]},"id":"2_65","properties":{"object_type":"radial","radius_m":50,"validation_id":"radial_070"}},{"type":"Feature","geometry":{"type":"Polygon","coordinates":[[[5.717574862578863,59.132407475283735],[5.717329908509814,59.13238956730991],[5.717104453503019,59.132337268916714],[5.716916444271197,59.13225474320037],[5.716780846464973,59.132148559397464],[5.716708453370975,59.13202716991471],[5.7167050268594535,59.131900237462276],[5.7167708389329,59.13177786586871],[5.71690065030803,59.13166979581446],[5.717084127663135,59.13158462950438],[5.717306666275416,59.13152914598582],[5.717550552533611,59.13150776159597],[5.717796373797193,59.13152217846854],[5.7180245634223645,59.13157124906378],[5.718216958039487,59.13165106749912],[5.718358243193624,59.13175528041478],[5.718437172326281,59.13187559264261],[5.718447462082659,59.13200242744529],[5.718388292652633,59.132125688788506],[5.718264373260283,59.13223556498019],[5.7180855675164155,59.13232330970911],[5.717866108391512,59.132381938303105],[5.717623465260891,59.13240678376886],[5.717574862578863,59.132407475283735]]]},"id":"2_66","properties":{"object_type":"radial","radius_m":50,"validation_id":"radial_071"}},{"type":"Feature","geometry":{"type":"Polygon","coordinates":[[[5.863020137143672,59.14916250011892],[5.862775063163433,59.14914459214493],[5.862549497791208,59.14909229375133],[5.862361396525372,59.14900976803444],[5.862225732342595,59.14890358423105],[5.8621533038127325,59.14878219474797],[5.862149875626014,59.14865526229552],[5.862215719917414,59.14853289070225],[5.862345594838357,59.14842482064847],[5.8625291620085,59.14833965433895],[5.862751809555855,59.14828417082083],[5.862995815198457,59.14826278643116],[5.863241756793601,59.14827720330361],[5.863470058119931,59.148326273898434],[5.863662546917008,59.14840609233325],[5.863803901233348,59.1485103052484],[5.863882869004846,59.14863061747589],[5.863893163800366,59.14875745227853],[5.863833965407802,59.14888071362199],[5.863709985355891,59.148990589814154],[5.86353109208351,59.14907833454363],[5.863311525528446,59.14913696313807],[5.863068763617956,59.14916180860404],[5.863020137143672,59.14916250011892]]]},"id":"2_67","properties":{"object_type":"radial","radius_m":50,"validation_id":"radial_072"}},{"type":"Feature","geometry":{"type":"Polygon","coordinates":[[[5.862204745603148,59.148326205511026],[5.861959677611322,59.14830829753705],[5.861734117750792,59.14825599914346],[5.861546021081174,59.148173473426596],[5.86141036021327,59.14806728962322],[5.86133793345309,59.147945900140165],[5.86133450535003,59.147818967687726],[5.861400348032454,59.14769659609444],[5.861530219779892,59.14758852604064],[5.861713782464634,59.147503359731076],[5.861936424571725,59.14744787621294],[5.86218042425222,59.14742649182327],[5.862426359837954,59.14744090869571],[5.8626546555858825,59.14748997929056],[5.862847139679572,59.1475697977254],[5.862988490541922,59.147674010640586],[5.863067456383781,59.147794322868094],[5.863077750927642,59.14792115767073],[5.863018553981482,59.148044419014184],[5.862894576958934,59.148154295206325],[5.862715688057764,59.14824203993576],[5.862496126867809,59.14830066853018],[5.862253370889234,59.14832551399615],[5.862204745603148,59.148326205511026]]]},"id":"2_68","properties":{"object_type":"radial","radius_m":50,"validation_id":"radial_073"}},{"type":"Feature","geometry":{"type":"Polygon","coordinates":[[[5.861432269406856,59.14750089474606],[5.861187207324457,59.14748298677208],[5.860961652902922,59.14743068837852],[5.860773560768895,59.14734816266169],[5.860637903172139,59.14724197885834],[5.860565478158299,59.147120589375305],[5.860562050137796,59.14699365692286],[5.860627891232465,59.14687128532956],[5.860757759848258,59.146763215275726],[5.860941318106763,59.146678048966145],[5.86116395484535,59.14662256544798],[5.861407948642379,59.146601181058294],[5.861653878297971,59.146615597930754],[5.8618821685410785,59.14666466852564],[5.8620746479934205,59.146744486960486],[5.862215995447342,59.14684869987569],[5.862294959385013,59.14696901210321],[5.862305253680537,59.14709584690586],[5.862246058161698,59.147219108249296],[5.862122084128556,59.14732898444142],[5.8619431995409395,59.147416729170835],[5.861723643645323,59.14747535776524],[5.8614808935204215,59.14750020323118],[5.861432269406856,59.14750089474606]]]},"id":"2_69","properties":{"object_type":"radial","radius_m":50,"validation_id":"radial_074"}},{"type":"Feature","geometry":{"type":"Polygon","coordinates":[[[5.860702708554806,59.14668656861976],[5.860457652302852,59.14666866064579],[5.8602321032476175,59.14661636225225],[5.860044015588559,59.14653383653544],[5.859908361219232,59.146427652732115],[5.859835937928391,59.1463062632491],[5.859832509989341,59.14617933079665],[5.859898349517475,59.14605695920332],[5.86002821504348,59.14594888914949],[5.8602117689349065,59.14586372283988],[5.86043440037674,59.14580823932169],[5.8606783883689415,59.14578685493199],[5.860924312173648,59.14580127180445],[5.861152596985509,59.145850342399356],[5.861345071858539,59.14593016083425],[5.861486415949584,59.146034373749465],[5.8615653780085175,59.146154685977],[5.861575672059024,59.14628152077966],[5.861516477948432,59.14640478212309],[5.86139250686474,59.14651465831517],[5.861213626533024,59.146602403044554],[5.860994075860985,59.146661031638935],[5.86075133151152,59.14668587710488],[5.860702708554806,59.14668656861976]]]},"id":"2_70","properties":{"object_type":"radial","radius_m":50,"validation_id":"radial_075"}},{"type":"Feature","geometry":{"type":"Polygon","coordinates":[[[5.863921359372677,59.14590523750281],[5.863676308714619,59.145887329528854],[5.863450764807968,59.145835031135334],[5.863262681442332,59.14575250541854],[5.863127030169492,59.14564632161524],[5.863054608531745,59.14552493213223],[5.863051180670844,59.14539799967979],[5.863117018695999,59.14527562808645],[5.863246881257571,59.14516755803259],[5.863430430959095,59.145082391722944],[5.863653057319072,59.145026908204756],[5.863897039741949,59.145005523815044],[5.864142957933149,59.14501994068752],[5.864371237534112,59.14506901128244],[5.864563708013615,59.14514882971734],[5.86470504887822,59.145253042632596],[5.864784009134638,59.14537335486014],[5.864794302950067,59.145500189662805],[5.864735110190588,59.14562345100621],[5.864611141936685,59.145733327198286],[5.864432265688204,59.14582107192765],[5.864212720027817,59.145879700522],[5.863969981219472,59.14590454598793],[5.863921359372677,59.14590523750281]]]},"id":"2_71","properties":{"object_type":"radial","radius_m":50,"validation_id":"radial_076"}},{"type":"Feature","geometry":{"type":"Polygon","coordinates":[[[5.864650920224727,59.146741591265624],[5.864405863578829,59.146723683291654],[5.864180314161012,59.14667138489812],[5.863992226199597,59.14658885918131],[5.863856571612204,59.14648267537798],[5.863784148204945,59.146361285894955],[5.863780720260391,59.146234353442516],[5.8638465598943705,59.14611198184919],[5.863976425629141,59.14600391179534],[5.864159979815638,59.14591874548575],[5.864382611615356,59.145863261967556],[5.864626599999768,59.14584187757787],[5.864872524199799,59.14585629445033],[5.86510080937863,59.14590536504522],[5.865293284561067,59.14598518348011],[5.86543462887933,59.14608939639533],[5.865513591065204,59.14620970862287],[5.865523885132267,59.14633654342551],[5.865464690926524,59.146459804768945],[5.865340719643547,59.146569680961036],[5.865161839024275,59.14665742569042],[5.864942287999297,59.14671605428481],[5.864699543259604,59.146740899750746],[5.864650920224727,59.146741591265624]]]},"id":"2_72","properties":{"object_type":"radial","radius_m":50,"validation_id":"radial_077"}},{"type":"Feature","geometry":{"type":"Polygon","coordinates":[[[5.865444854093136,59.14756692033961],[5.865199791537989,59.14754901236563],[5.864974236681341,59.14749671397207],[5.864786144184473,59.14741418825524],[5.864650486326029,59.14730800445187],[5.864578061172484,59.14718661496885],[5.864574633145377,59.1470596825164],[5.8646404743670635,59.1469373109231],[5.864770343233383,59.14682924086927],[5.8649539018459835,59.14674407455969],[5.865176539014043,59.14668859104153],[5.8654205332817435,59.14666720665185],[5.865666463411739,59.1466816235243],[5.865894754095225,59.146730694119185],[5.866087233918871,59.14681051255404],[5.866228581645462,59.14691472546924],[5.866307545735465,59.14703503769675],[5.866317840050857,59.14716187249941],[5.866258644417834,59.14728513384284],[5.866134670145543,59.147395010034955],[5.865955785212848,59.14748275476438],[5.865736228893691,59.14754138335878],[5.8654934783005,59.14756622882473],[5.865444854093136,59.14756692033961]]]},"id":"2_73","properties":{"object_type":"radial","radius_m":50,"validation_id":"radial_078"}},{"type":"Feature","geometry":{"type":"Polygon","coordinates":[[[5.8661744149451875,59.148370221526186],[5.865929346638187,59.148352313552195],[5.865703786487571,59.148300015158604],[5.865515689576051,59.14821748944174],[5.865380028533683,59.14811130563837],[5.865307601680364,59.1479899161553],[5.865304173572901,59.14786298370287],[5.865370016340004,59.14774061210957],[5.865499888254468,59.147632542055774],[5.86568345117528,59.14754737574623],[5.865906093568697,59.14749189222808],[5.866150093562982,59.147470507838406],[5.866396029464994,59.14748492471085],[5.8666243255065185,59.14753399530572],[5.866816809847752,59.14761381374055],[5.866958160891888,59.147718026655724],[5.867037126835305,59.14783833888324],[5.867047421392412,59.14796517368588],[5.866988224370126,59.14808843502933],[5.86686424718814,59.148198311221456],[5.866685358056911,59.148286055950905],[5.866465796584584,59.14834468454533],[5.866223040293808,59.148369530011294],[5.8661744149451875,59.148370221526186]]]},"id":"2_74","properties":{"object_type":"radial","radius_m":50,"validation_id":"radial_079"}},{"type":"Feature","geometry":{"type":"Polygon","coordinates":[[[5.630065758706633,59.286691786535584],[5.629819695214297,59.28667387856032],[5.629593219101995,59.286621580163334],[5.629404358367728,59.28653905444197],[5.62926814644296,59.28643287063443],[5.629195425494956,59.28631148114882],[5.629191983484509,59.286184548696255],[5.62925809363983,59.2860621771053],[5.629388492943441,59.28595410705556],[5.62957280127093,59.28586894075053],[5.629796347754897,59.28581345723597],[5.630041338562437,59.2857920728478],[5.630288273138446,59.28580648971922],[5.630517496227255,59.285855560310836],[5.630710762201132,59.28593537874122],[5.630852687246815,59.28603959165214],[5.6309319738676615,59.28615990387689],[5.630942310246439,59.28628673867915],[5.6308828728539,59.28641000002471],[5.630758392236854,59.28651987622081],[5.630578776675604,59.28660762095479],[5.630358323602449,59.28666624955294],[5.6301145815155795,59.28669109502066],[5.630065758706633,59.286691786535584]]]},"id":"2_75","properties":{"object_type":"radial","radius_m":50,"validation_id":"radial_080"}},{"type":"Feature","geometry":{"type":"Polygon","coordinates":[[[5.63136394786984,59.28434089418729],[5.631117901371032,59.28432298621206],[5.630891440899454,59.28427068781513],[5.630702593208026,59.284188162093834],[5.6305663906899825,59.28408197828637],[5.630493674763862,59.28396058880081],[5.630490232990819,59.28383365634825],[5.630556338580286,59.283711284757246],[5.630686728878337,59.28360321470744],[5.630871024477456,59.283518048402335],[5.631094555523409,59.28346256488771],[5.63133952941208,59.283441180499516],[5.631586446934992,59.28345559737095],[5.631815654193782,59.28350466796263],[5.632008906820703,59.283584486393096],[5.632150822064886,59.28368869930407],[5.632230103209928,59.283809011528874],[5.632240438874569,59.28393584633115],[5.63218100558653,59.28405910767668],[5.632056533566007,59.28416898387269],[5.631876930409086,59.28425672860659],[5.631656492560677,59.28431535720469],[5.631412767307006,59.284340202672375],[5.63136394786984,59.28434089418729]]]},"id":"2_76","properties":{"object_type":"radial","radius_m":50,"validation_id":"radial_081"}},{"type":"Feature","geometry":{"type":"Polygon","coordinates":[[[5.631717999459807,59.28692193510273],[5.631471934303684,59.286904027127484],[5.631245456660041,59.28685172873049],[5.631056594648788,59.28676920300911],[5.630920381803036,59.28666301920157],[5.6308476603633535,59.28654162971596],[5.630844218329664,59.286414697263396],[5.630910328932014,59.286292325672434],[5.631040729117333,59.28618425562271],[5.63122503869102,59.28609908931768],[5.631448586686479,59.286043605803115],[5.631693579150497,59.28602222141496],[5.631940515396125,59.28603663828638],[5.632169740034805,59.286085708878],[5.632363007315444,59.28616552730838],[5.632504933320765,59.286269740219275],[5.632584220477732,59.28639005244403],[5.632594556926429,59.28651688724631],[5.63253511913203,59.286640148591864],[5.63241063767332,59.286750024787956],[5.632231020897599,59.28683776952194],[5.632010566333833,59.2868963981201],[5.631766822598873,59.286921243587805],[5.631717999459807,59.28692193510273]]]},"id":"2_77","properties":{"object_type":"radial","radius_m":50,"validation_id":"radial_082"}},{"type":"Feature","geometry":{"type":"Polygon","coordinates":[[[5.630527098657194,59.285926428767674],[5.630281040697582,59.28590852079244],[5.630054569677561,59.28585622239545],[5.629865713189761,59.28577369667412],[5.629729504327619,59.28566751286661],[5.629656785014632,59.28554612338102],[5.62965334308148,59.28541919092845],[5.6297194517502565,59.285296819337475],[5.629849848121851,59.28518874928771],[5.630034152305258,59.28510358298266],[5.630257693762942,59.28504809946807],[5.630502679062064,59.285026715079916],[5.630749608085954,59.28504113195134],[5.6309788260208515,59.28509020254297],[5.631172087649248,59.28517002097338],[5.6313140095037735,59.28527423388431],[5.631393294341818,59.28539454610908],[5.631403630488086,59.28552138091135],[5.631344194431885,59.285644642256905],[5.63121971661368,59.28575451845296],[5.631040105091012,59.28584226318693],[5.630819656974705,59.285900891785055],[5.63057592036836,59.28592573725276],[5.630527098657194,59.285926428767674]]]},"id":"2_78","properties":{"object_type":"radial","radius_m":50,"validation_id":"radial_083"}},{"type":"Feature","geometry":{"type":"Polygon","coordinates":[[[5.63118155765683,59.287751176408854],[5.630935486505744,59.28773326843359],[5.630709003344383,59.28768097003656],[5.63052013673189,59.287598444315165],[5.630383920567641,59.2874922605076],[5.6303111973563436,59.28737087102197],[5.630307755238903,59.2872439385694],[5.63037386745199,59.287121566978456],[5.630504270814283,59.287013496928765],[5.630688584878273,59.286928330623766],[5.63091213831994,59.28687284710922],[5.631157136752581,59.28685146272107],[5.631404079014185,59.28686587959248],[5.6316333092373645,59.28691495018407],[5.63182658122653,59.286994768614434],[5.6319685106896165,59.28709898152531],[5.6320477997783325,59.287219293750034],[5.632058136478961,59.287346128552315],[5.631998697236583,59.28746938989788],[5.631874212745197,59.28757926609399],[5.6316945915934875,59.28766701082801],[5.63147413165875,59.287725639426206],[5.63123038198539,59.28775048489393],[5.63118155765683,59.287751176408854]]]},"id":"2_79","properties":{"object_type":"radial","radius_m":50,"validation_id":"radial_084"}},{"type":"Feature","geometry":{"type":"Polygon","coordinates":[[[5.6329410867705985,59.28457287408349],[5.632695038595035,59.28455496610826],[5.632468576580183,59.284502667711315],[5.632279727601816,59.284420141990026],[5.6321435241556115,59.28431395818255],[5.632070807733981,59.28419256869698],[5.6320673659375124,59.284065636244414],[5.632133471977495,59.283943264653416],[5.632263863164123,59.283835194603625],[5.6324481600191545,59.28375002829852],[5.632671692588377,59.28369454478389],[5.632916668146435,59.28367316039572],[5.633163587351979,59.28368757726715],[5.63339279617272,59.28373664785882],[5.633586050116587,59.28381646628927],[5.633727966327885,59.28392067920024],[5.633807248013226,59.284040991425044],[5.63381758374833,59.28416782622731],[5.633758150055299,59.28429108757285],[5.633633677186557,59.284400963768874],[5.6334540728057,59.28448870850278],[5.633233633455062,59.284547337100875],[5.632989906540456,59.28457218256856],[5.6329410867705985,59.28457287408349]]]},"id":"2_80","properties":{"object_type":"radial","radius_m":50,"validation_id":"radial_085"}},{"type":"Feature","geometry":{"type":"Polygon","coordinates":[[[5.630945523263517,59.28512635841423],[5.630699471087253,59.28510845043899],[5.630473005390184,59.28505615204203],[5.630284153341208,59.28497362632073],[5.630147947680423,59.28486744251323],[5.630075230076515,59.28474605302766],[5.630071788224156,59.284619120575094],[5.630137895339053,59.2844967489841],[5.630268288645818,59.28438867893432],[5.630452588497424,59.28430351262924],[5.630676124701141,59.28424802911462],[5.630921104242326,59.28422664472646],[5.631168027462594,59.284241061597896],[5.631397240010117,59.28429013218953],[5.631590497096192,59.28436995061997],[5.631732415615009,59.28447416353094],[5.631811698589489,59.28459447575572],[5.631822034492719,59.28472131055799],[5.631762599833388,59.284844571903534],[5.631638124940808,59.28495444809957],[5.631458517639661,59.285042192833494],[5.631238074704738,59.28510082143162],[5.630994343827177,59.285125666899305],[5.630945523263517,59.28512635841423]]]},"id":"2_81","properties":{"object_type":"radial","radius_m":50,"validation_id":"radial_086"}},{"type":"Feature","geometry":{"type":"Polygon","coordinates":[[[5.8109547290351635,59.2893518794305],[5.8107086463109,59.28933397145521],[5.810482152497665,59.28928167305815],[5.810293277002547,59.2891991473367],[5.810157054431994,59.28909296352909],[5.810084327800621,59.28897157404344],[5.810080885521501,59.28884464159086],[5.810147000844092,59.288722269999944],[5.8102774103394825,59.288614199950295],[5.810461733071932,59.28852903364535],[5.81068529702742,59.288473550130846],[5.810930306982396,59.288452165742726],[5.811177260857747,59.28846658261411],[5.811406501861716,59.28851565320567],[5.811599782940619,59.28859547163597],[5.8117417190788645,59.2886996845468],[5.811821011896793,59.2888199967715],[5.811831349083774,59.28894683157375],[5.81177190704609,59.289070092919374],[5.811647416700175,59.28917996911552],[5.811467787100688,59.2892677138496],[5.811247316797374,59.28932634244782],[5.811003555660025,59.28935118791557],[5.8109547290351635,59.2893518794305]]]},"id":"2_82","properties":{"object_type":"radial","radius_m":50,"validation_id":"radial_087"}},{"type":"Feature","geometry":{"type":"Polygon","coordinates":[[[5.812574783280158,59.28968063692675],[5.812328698178797,59.28966272895147],[5.812102202177701,59.2896104305544],[5.8119133248581205,59.28952790483294],[5.8117771009717325,59.2894217210253],[5.811704373637887,59.28930033153964],[5.811700931325559,59.28917339908707],[5.811767047286831,59.289051027496164],[5.8118974580419405,59.288942957446515],[5.812081782554866,59.28885779114159],[5.812305348669861,59.2888023076271],[5.812550360991487,59.28878092323896],[5.812797317252267,59.28879534011037],[5.8130265604705755,59.288844410701905],[5.813219843416483,59.288924229132206],[5.813361780925786,59.28902844204302],[5.813441074509684,59.28914875426772],[5.813451411796559,59.28927558906997],[5.813391969184727,59.289398850415594],[5.813267477636312,59.28950872661175],[5.813087846301677,59.28959647134583],[5.812867373868689,59.28965509994407],[5.81262361037667,59.28967994541182],[5.812574783280158,59.28968063692675]]]},"id":"2_83","properties":{"object_type":"radial","radius_m":50,"validation_id":"radial_088"}},{"type":"Feature","geometry":{"type":"Polygon","coordinates":[[[5.810321727707646,59.29019020477013],[5.810075638921729,59.29017229679484],[5.809849139529391,59.29011999839777],[5.809660259381844,59.29003747267628],[5.809524033455879,59.28993128886864],[5.809451305033182,59.28980989938297],[5.809447862669381,59.28968296693041],[5.809513979620626,59.2895605953395],[5.809644392328334,59.289452525289875],[5.8098287196010405,59.28936735898495],[5.810052289063325,59.289311875470474],[5.8102973050533215,59.28929049108234],[5.8105442650115755,59.28930490795374],[5.81077351166217,59.28935397854528],[5.8109667975019805,59.289433796975565],[5.811108737136459,59.28953800988636],[5.811188031907628,59.289658322111045],[5.811198369349344,59.28978515691329],[5.811138925847571,59.289908418258925],[5.811014432435243,59.2900182944551],[5.8108347984110855,59.29010603918919],[5.81061432267705,59.290164667787444],[5.8103705555352345,59.29018951325521],[5.810321727707646,59.29019020477013]]]},"id":"2_84","properties":{"object_type":"radial","radius_m":50,"validation_id":"radial_089"}},{"type":"Feature","geometry":{"type":"Polygon","coordinates":[[[5.809710184052254,59.29107782085797],[5.8094640888478954,59.29105991288268],[5.809237583548067,59.29100761448557],[5.8090486984742515,59.29092508876407],[5.808912468995373,59.290818904956396],[5.808839738675914,59.29069751547071],[5.808836296222445,59.290570583018145],[5.808902414898211,59.29044821142725],[5.80903283100731,59.29034014137765],[5.809217163087514,59.29025497507276],[5.809440738380723,59.2901994915583],[5.8096857607609635,59.29017810717019],[5.809932727160158,59.290192524041586],[5.810161979789738,59.290241594633095],[5.810355270670684,59.29032141306334],[5.810497214007181,59.290425625974116],[5.810576510846556,59.29054593819879],[5.810586848558002,59.29067277300104],[5.8105274035059615,59.29079603434668],[5.810402906846734,59.29090591054289],[5.810223268137471,59.290993655277006],[5.81000278665306,59.29105228387528],[5.809759013153361,59.291077129343044],[5.809710184052254,59.29107782085797]]]},"id":"2_85","properties":{"object_type":"radial","radius_m":50,"validation_id":"radial_090"}},{"type":"Feature","geometry":{"type":"Polygon","coordinates":[[[5.81130878062513,59.29137368774286],[5.811062683281241,59.291355779767564],[5.810836176012203,59.29130348137045],[5.810647289296259,59.29122095564893],[5.810511058633048,59.29111477184125],[5.810438327681321,59.29099338235556],[5.810434885197963,59.290866449902985],[5.810501004448581,59.2907440783121],[5.810631421691505,59.2906360082625],[5.810815755374245,59.290550841957646],[5.811039332611141,59.290495358443195],[5.811284357121513,59.290473974055075],[5.811531325667739,59.29048839092646],[5.8117605802903585,59.290537461517964],[5.811953872851722,59.29061727994821],[5.812095817422256,59.29072149285897],[5.812175114951051,59.29084180508364],[5.8121854527524075,59.29096863988588],[5.812126007183599,59.29109190123152],[5.812001509442047,59.29120177742773],[5.811821869171045,59.291289522161875],[5.811601385769799,59.291348150760165],[5.811357610150752,59.29137299622792],[5.81130878062513,59.29137368774286]]]},"id":"2_86","properties":{"object_type":"radial","radius_m":50,"validation_id":"radial_091"}},{"type":"Feature","geometry":{"type":"Polygon","coordinates":[[[5.811995426132941,59.2905244332983],[5.811749334930229,59.29050652532301],[5.811522833313491,59.290454226925924],[5.8113339513110125,59.29037170120444],[5.8111977240472354,59.29026551739679],[5.811124994910332,59.290144127911105],[5.811121552512767,59.290017195458525],[5.811187670113364,59.289894823867634],[5.811318084101828,59.28978675381802],[5.811502413184744,59.28970158751312],[5.8117259848426,59.28964610399864],[5.8119710032387735,59.28962471961052],[5.812217965622294,59.289639136481924],[5.812447214524209,59.28968820707344],[5.812640502262204,59.28976802550371],[5.812782443290637,59.289872238414496],[5.812861738840567,59.28999255063918],[5.8128720763838455,59.29011938544142],[5.8128126322983364,59.29024264678706],[5.812688137663425,59.290352522983255],[5.812508501875142,59.29044026771735],[5.8122880239758645,59.29049889631561],[5.812044254440059,59.290523741783375],[5.811995426132941,59.2905244332983]]]},"id":"2_87","properties":{"object_type":"radial","radius_m":50,"validation_id":"radial_092"}},{"type":"Feature","geometry":{"type":"Polygon","coordinates":[[[5.813207784607672,59.28878750499022],[5.812961705964015,59.288769597014955],[5.812735215906543,59.288717298617904],[5.812546343543366,59.28863477289647],[5.812410123231621,59.28852858908888],[5.812337397806139,59.28840719960323],[5.812333955584026,59.28828026715066],[5.812400069810232,59.28815789555973],[5.8125304771431425,59.288049825510065],[5.812714796819166,59.2879646592051],[5.812938357067567,59.28790917569059],[5.813183362959861,59.287887791302445],[5.813430312740302,59.287902208173854],[5.813659549943054,59.28795127876542],[5.813852827816991,59.28803109719574],[5.813994761601631,59.2881353101066],[5.814074053104669,59.28825562233129],[5.814084390120166,59.28838245713356],[5.8140249490680835,59.28850571847915],[5.813900460786429,59.28861559467529],[5.813720834165559,59.28870333940936],[5.813500367518118,59.288761968007556],[5.813256610422875,59.28878681347529],[5.813207784607672,59.28878750499022]]]},"id":"2_88","properties":{"object_type":"radial","radius_m":50,"validation_id":"radial_093"}},{"type":"Feature","geometry":{"type":"Polygon","coordinates":[[[5.811523357346322,59.2884970950781],[5.81127728080236,59.28847918710282],[5.81105079267743,59.28842688870579],[5.810861921925807,59.28834436298436],[5.8107257027763435,59.28823817917677],[5.810652977971357,59.288116789691124],[5.810649535778577,59.28798985723856],[5.810715649440634,59.28786748564764],[5.810846055660831,59.28775941559796],[5.811030373764154,59.28767424929297],[5.811253932105059,59.28761876577846],[5.811498935906885,59.28759738139031],[5.8117458835802704,59.28761179826173],[5.811975118827089,59.2876608688533],[5.812168395051896,59.28774068728363],[5.812310327625478,59.28784490019449],[5.812389618451935,59.2879652124192],[5.812399955379194,59.28809204722147],[5.812340514834259,59.28821530856706],[5.812216027614776,59.28832518476319],[5.812036402526566,59.28841292949724],[5.811815937760272,59.28847155809544],[5.8115721827449125,59.288496403563165],[5.811523357346322,59.2884970950781]]]},"id":"2_89","properties":{"object_type":"radial","radius_m":50,"validation_id":"radial_094"}},{"type":"Feature","geometry":{"type":"Polygon","coordinates":[[[5.81079379649427,59.292195526704894],[5.810547693207105,59.292177618729596],[5.810321180467922,59.292125320332474],[5.810132289190407,59.29204279461092],[5.809996055237312,59.29193661080322],[5.809923322529245,59.29181522131751],[5.809919879962857,59.29168828886493],[5.8099860008103255,59.29156591727406],[5.810116421202832,59.2914578472245],[5.810300759337158,59.29137268091965],[5.810524341973308,59.29131719740523],[5.810769372400842,59.291295813017136],[5.811016346911176,59.29131022988851],[5.811245607070147,59.291359300479996],[5.811438904299441,59.291439118910205],[5.811580852297927,59.29154333182094],[5.811660151741815,59.29166364404559],[5.811670489792932,59.291790478847844],[5.811611042788628,59.29191374019348],[5.811486542040547,59.29202361638973],[5.811306897431287,59.292111361123894],[5.811086408705377,59.2921699897222],[5.81084262719913,59.29219483518997],[5.81079379649427,59.292195526704894]]]},"id":"2_90","properties":{"object_type":"radial","radius_m":50,"validation_id":"radial_095"}},{"type":"Feature","geometry":{"type":"Polygon","coordinates":[[[5.809120098068975,59.29191610368463],[5.808873996802547,59.29189819570932],[5.808647485923233,59.2918458973122],[5.808458596196669,59.29176337159068],[5.808322363362148,59.29165718778298],[5.8082496312512415,59.29153579829727],[5.808246188713084,59.2914088658447],[5.808312309017618,59.29128649425383],[5.808442728339254,59.29117842420425],[5.808627064960025,59.2910932578994],[5.808850645760409,59.29103777438496],[5.8090956741760875,59.291016389996855],[5.809342646658601,59.29103080686824],[5.8095719049351935,59.29107987745974],[5.809765200577375,59.29115969588995],[5.8099071474103425,59.2912639088007],[5.809986446203093,59.291384221025346],[5.80999678416929,59.2915110558276],[5.80993733765306,59.29163431717325],[5.809812837927209,59.29174419336948],[5.809633194792972,59.29183193810364],[5.809412707877467,59.29189056670193],[5.809168928372892,59.2919154121697],[5.809120098068975,59.29191610368463]]]},"id":"2_91","properties":{"object_type":"radial","radius_m":50,"validation_id":"radial_096"}},{"type":"Feature","geometry":{"type":"Polygon","coordinates":[[[5.8137987762969,59.287953930785406],[5.813552703679958,59.28793602281014],[5.813326219169435,59.28788372441311],[5.81313735143187,59.2878011986917],[5.813001134456201,59.28769501488413],[5.812928410811717,59.287573625398494],[5.8129249686738,59.28744669294594],[5.812991081280734,59.287324321354994],[5.8131214854198445,59.287216251305296],[5.813305800581779,59.287131085000304],[5.813529355355122,59.287075601485775],[5.813774355247178,59.28705421709762],[5.814021298979777,59.287068633969035],[5.814250530568448,59.28711770456062],[5.814443803708917,59.28719752299097],[5.814585734017477,59.28730173590185],[5.8146650235785335,59.287422048126565],[5.814675360340764,59.28754888292884],[5.814615920744332,59.287672144274424],[5.814491435511417,59.287782020470544],[5.814311813289712,59.28786976520456],[5.814091352041696,59.287928393802744],[5.813847600916309,59.28795323927048],[5.8137987762969,59.287953930785406]]]},"id":"2_92","properties":{"object_type":"radial","radius_m":50,"validation_id":"radial_097"}},{"type":"Feature","geometry":{"type":"Polygon","coordinates":[[[5.812200179724023,59.287630636205634],[5.8119541094443985,59.28761272823037],[5.811727627085124,59.28756042983336],[5.811538761141492,59.28747790411197],[5.811402545459637,59.28737172030439],[5.811329822505874,59.28725033081877],[5.811326380400606,59.287123398366205],[5.8113924923795475,59.28700102677526],[5.811522895280018,59.28689295672556],[5.811707208691273,59.28680779042055],[5.811930761341249,59.286752306906],[5.812175758906256,59.28673092251786],[5.812422700293345,59.28674533938927],[5.81265192970473,59.28679440998087],[5.812845201009439,59.28687422841122],[5.812987129969883,59.2869784413221],[5.813066418777789,59.287098753546836],[5.813076755441796,59.2872255883491],[5.813017316409904,59.28734884969469],[5.812892832359367,59.287458725890794],[5.812713211843776,59.28754647062481],[5.812492752689792,59.287605099222986],[5.812249003879671,59.28762994469071],[5.812200179724023,59.287630636205634]]]},"id":"2_93","properties":{"object_type":"radial","radius_m":50,"validation_id":"radial_098"}},{"type":"Feature","geometry":{"type":"Polygon","coordinates":[[[5.857338435533959,59.288362790686286],[5.857092359961016,59.28834488271102],[5.856865872729809,59.28829258431399],[5.856677002723462,59.28821005859257],[5.8565407841115045,59.28810387478498],[5.856468059593471,59.28798248529934],[5.856464617414257,59.28785555284677],[5.856530730815416,59.28773318125584],[5.856661136521031,59.28762511120615],[5.85684545389705,59.287539944901184],[5.857069011355816,59.28748446138666],[5.8573140141908855,59.28746307699851],[5.857560960889847,59.287477493869915],[5.857790195232128,59.28752656446149],[5.857983470694283,59.28760638289182],[5.858125402707801,59.28771059580269],[5.858204693221367,59.287830908027416],[5.85821503010782,59.28795774282968],[5.858155589797416,59.28808100417526],[5.858031103069145,59.288190880371396],[5.857851478689725,59.28827862510543],[5.857631014793383,59.288337253703624],[5.857387260739886,59.288362099171366],[5.857338435533959,59.288362790686286]]]},"id":"2_94","properties":{"object_type":"radial","radius_m":50,"validation_id":"radial_099"}},{"type":"Feature","geometry":{"type":"Polygon","coordinates":[[[5.859205253008324,59.288362790686286],[5.8589591774353815,59.28834488271102],[5.8587326902041745,59.28829258431399],[5.858543820197827,59.28821005859257],[5.85840760158587,59.28810387478498],[5.858334877067837,59.28798248529934],[5.858331434888623,59.28785555284677],[5.858397548289781,59.28773318125584],[5.858527953995396,59.28762511120616],[5.858712271371414,59.287539944901184],[5.85893582883018,59.28748446138666],[5.859180831665252,59.28746307699851],[5.859427778364212,59.287477493869915],[5.859657012706494,59.2875265644615],[5.859850288168648,59.28760638289182],[5.859992220182166,59.28771059580268],[5.860071510695732,59.287830908027416],[5.860081847582185,59.28795774282968],[5.860022407271782,59.28808100417526],[5.859897920543512,59.288190880371396],[5.859718296164091,59.28827862510543],[5.859497832267749,59.288337253703624],[5.85925407821425,59.288362099171366],[5.859205253008324,59.288362790686286]]]},"id":"2_95","properties":{"object_type":"radial","radius_m":50,"validation_id":"radial_100"}},{"type":"Feature","geometry":{"type":"Polygon","coordinates":[[[5.859291083696801,59.28735455192962],[5.859045015413137,59.28733664395436],[5.858818534890932,59.28728434555735],[5.8586296704792336,59.28720181983596],[5.858493455902239,59.28709563602841],[5.858420733538314,59.28697424654279],[5.858417291460932,59.286847314090224],[5.858483402903596,59.28672494249926],[5.858613804746326,59.286616872449564],[5.85879811666258,59.28653170614455],[5.859021667499296,59.28647622263],[5.859266663077116,59.28645483824184],[5.859513602461248,59.28646925511327],[5.859742830013331,59.286518325704854],[5.859936099750385,59.286598144135226],[5.860078027559603,59.28670235704612],[5.8601573157243525,59.286822669270855],[5.860167652304481,59.28694950407312],[5.860108213754678,59.28707276541869],[5.859983730713839,59.2871826416148],[5.859804111655189,59.2872703863488],[5.859583654289414,59.28732901494698],[5.859339907456421,59.287353860414704],[5.859291083696801,59.28735455192962]]]},"id":"2_96","properties":{"object_type":"radial","radius_m":50,"validation_id":"radial_101"}},{"type":"Feature","geometry":{"type":"Polygon","coordinates":[[[5.859269626024681,59.286368202507255],[5.859023564871549,59.286350294532006],[5.858797090912235,59.28629799613502],[5.858608231973351,59.28621547041368],[5.858472021343444,59.28610928660614],[5.858399301086715,59.28598789712055],[5.85839585910895,59.285860964667975],[5.858461968635768,59.28573859307702],[5.858592366699739,59.285630523027265],[5.858776673275134,59.28554535672223],[5.859000217634015,59.28548987320765],[5.859245206112627,59.28546848881948],[5.85949213834123,59.285482905690905],[5.859721359250996,59.285531976282535],[5.859914623387628,59.285611794712935],[5.860056547084107,59.28571600762385],[5.860135832951195,59.28583631984861],[5.860146169231669,59.28596315465088],[5.860086732404127,59.28608641599644],[5.859962252970414,59.28619629219251],[5.859782639116654,59.28628403692648],[5.859562188139227,59.286342665524636],[5.859318448369493,59.28636751099234],[5.859269626024681,59.286368202507255]]]},"id":"2_97","properties":{"object_type":"radial","radius_m":50,"validation_id":"radial_102"}},{"type":"Feature","geometry":{"type":"Polygon","coordinates":[[[5.859398372057397,59.28532702488632],[5.859152318430635,59.28530911691107],[5.8589258513985385,59.285256818514114],[5.85873699823628,59.285174292792796],[5.8586007917725755,59.2850681089853],[5.858528073740021,59.284946719499715],[5.8585246318673985,59.28481978704715],[5.858590739372018,59.284697415456165],[5.85872113344746,59.284589345406395],[5.858905434385507,59.28450417910132],[5.85912897190695,59.28444869558672],[5.859373952892257,59.28442731119855],[5.8596208775681085,59.28444172806998],[5.859850091466818,59.28449079866163],[5.860043349692132,59.28457061709205],[5.860185269047566,59.284674830003006],[5.860264552489438,59.284795142227786],[5.860274888453623,59.28492197703006],[5.860215453443949,59.2850452383756],[5.860090977817605,59.28515511457165],[5.859911369457677,59.28524285930559],[5.859690925223233,59.2853014879037],[5.859447192908857,59.285326333371394],[5.859398372057397,59.28532702488632]]]},"id":"2_98","properties":{"object_type":"radial","radius_m":50,"validation_id":"radial_103"}},{"type":"Feature","geometry":{"type":"Polygon","coordinates":[[[5.859419829729514,59.284406378144816],[5.859173782757388,59.28438847016959],[5.858947321850174,59.28433617177266],[5.858758473795468,59.28425364605137],[5.85862227101542,59.284147462243894],[5.858549554949428,59.28402607275834],[5.858546113169771,59.28389914030577],[5.858612218886411,59.28377676871477],[5.85874260943529,59.283668698664954],[5.8589269053889295,59.28358353235986],[5.859150436864873,59.283528048845234],[5.859395411224781,59.28350666445704],[5.859642329222669,59.28352108132848],[5.859871536922369,59.28357015192016],[5.86006478992104,59.28364997035062],[5.8602067054382205,59.2837541832616],[5.860285986735779,59.2838744954864],[5.860296322420309,59.28400133028868],[5.860236889017949,59.284124591634196],[5.860112416757989,59.28423446783022],[5.859932813255577,59.284322212564135],[5.859712374983116,59.28438084116222],[5.8594686492605925,59.2844056866299],[5.859419829729514,59.284406378144816]]]},"id":"2_99","properties":{"object_type":"radial","radius_m":50,"validation_id":"radial_104"}},{"type":"Feature","geometry":{"type":"Polygon","coordinates":[[[5.859419829729516,59.28340898274317],[5.859173789966303,59.283391074767955],[5.858947335694123,59.28333877637104],[5.858758493172387,59.283256250649785],[5.858622294382817,59.283150066842346],[5.8585495804471845,59.2830286773568],[5.858546138768238,59.28290174490424],[5.858612242547973,59.28277937331322],[5.858742629276557,59.282671303263385],[5.858926919830627,59.282586136958244],[5.859150444757526,59.282530653443594],[5.859395411940193,59.282509269055396],[5.8596423227038965,59.28252368592685],[5.859871523688261,59.28257275651854],[5.860064771024947,59.282652574949026],[5.860206682384182,59.282756787860045],[5.860285961358819,59.28287710008486],[5.860296296740403,59.283003934887134],[5.860236865079234,59.283127196232655],[5.860112396466052,59.28323707242865],[5.859932798225745,59.283324817162516],[5.859712366411854,59.283383445760585],[5.859468647830232,59.28340829122824],[5.859419829729516,59.28340898274317]]]},"id":"2_100","properties":{"object_type":"radial","radius_m":50,"validation_id":"radial_105"}},{"type":"Feature","geometry":{"type":"Polygon","coordinates":[[[5.8574886392387935,59.28338706163694],[5.8572425996340165,59.28336915366171],[5.857016145507657,59.283316855264786],[5.856827303107523,59.28323432954353],[5.8566911044056535,59.283128145736086],[5.85661839051684,59.28300675625054],[5.856614948840108,59.282879823797984],[5.856681052577274,59.282757452206965],[5.8568114392218975,59.28264938215714],[5.856995729657298,59.282564215852],[5.857219254440267,59.28250873233734],[5.857464221465192,59.28248734794915],[5.857711132069907,59.2825017648206],[5.857940332906685,59.28255083541229],[5.858133580118935,59.28263065384278],[5.858275491386788,59.28273486675379],[5.858354770310373,59.28285517897861],[5.858365105685297,59.28298201378089],[5.858305674062395,59.2831052751264],[5.8581812055293625,59.2832151513224],[5.858001607404703,59.28330289605626],[5.857781175732756,59.283361524654325],[5.857537457308073,59.283386370121995],[5.8574886392387935,59.28338706163694]]]},"id":"2_101","properties":{"object_type":"radial","radius_m":50,"validation_id":"radial_106"}},{"type":"Feature","geometry":{"type":"Polygon","coordinates":[[[5.857359893206078,59.284351576958386],[5.857113846630055,59.284333668983166],[5.856887386087408,59.28428137058623],[5.856698538336717,59.28419884486494],[5.85656233577593,59.28409266105748],[5.856489619826992,59.28397127157191],[5.8564861780528705,59.28384433911935],[5.856552283663086,59.283721967528344],[5.856682674002054,59.28361389747855],[5.856866969659008,59.28352873117343],[5.857090500775107,59.28347324765881],[5.857335474740653,59.283451863270614],[5.857582392341051,59.28346628014205],[5.85781159967177,59.28351535073373],[5.858004852359337,59.283595169164194],[5.858146767648055,59.28369938207517],[5.858226048817977,59.28381969429997],[5.8582363844858625,59.28394652910225],[5.858176951179173,59.28406979044778],[5.85805247911959,59.28417966664379],[5.857872875906309,59.284267411377705],[5.857652437988722,59.28432603997579],[5.8574087126585646,59.28435088544347],[5.857359893206078,59.284351576958386]]]},"id":"2_102","properties":{"object_type":"radial","radius_m":50,"validation_id":"radial_107"}},{"type":"Feature","geometry":{"type":"Polygon","coordinates":[[[5.857381350878197,59.285359904666564],[5.857135297013764,59.28534199669132],[5.856908829762918,59.285289698294356],[5.856719976418242,59.28520717257304],[5.856583769822977,59.285100988765535],[5.856511051720187,59.28497959927997],[5.856507609844245,59.28485266682738],[5.856573717412722,59.284730295236415],[5.856704111614114,59.28462222518664],[5.8568884127301795,59.284537058881575],[5.857111950467538,59.28448157536696],[5.857356931689472,59.28446019097879],[5.857603856603826,59.284474607850214],[5.857833070723931,59.284523678441865],[5.8580263291359165,59.28460349687231],[5.858168248628432,59.28470770978325],[5.85824753214689,59.284828022008035],[5.858257868121061,59.284954856810295],[5.858198433053982,59.285078118155845],[5.8580739573074085,59.28518799435189],[5.857894348773993,59.285275739085826],[5.857673904326617,59.28533436768394],[5.857430171776815,59.28535921315164],[5.857381350878197,59.285359904666564]]]},"id":"2_103","properties":{"object_type":"radial","radius_m":50,"validation_id":"radial_108"}},{"type":"Feature","geometry":{"type":"Polygon","coordinates":[[[5.857274062517602,59.286401081281845],[5.85702800112679,59.28638317330659],[5.856801526948716,59.28633087490961],[5.856612667827408,59.28624834918825],[5.856476457065933,59.28614216538072],[5.856403736738968,59.28602077589512],[5.856400294757882,59.285893843442565],[5.85646640434856,59.2857714718516],[5.856596802538487,59.28566340180184],[5.856781109291908,59.2855782354968],[5.857004653866713,59.285522751982235],[5.857249642581961,59.285501367594065],[5.857496575049078,59.285515784465495],[5.8577257961802465,59.28556485505712],[5.857919060503557,59.28564467348751],[5.858060984337126,59.28574888639842],[5.858140270280801,59.2858691986232],[5.8581506065712645,59.28599603342546],[5.858091169686314,59.28611929477102],[5.857966690132366,59.28622917096709],[5.8577870761051125,59.28631691570107],[5.857566624914744,59.286375544299204],[5.85732288490957,59.28640038976692],[5.857274062517602,59.286401081281845]]]},"id":"2_104","properties":{"object_type":"radial","radius_m":50,"validation_id":"radial_109"}},{"type":"Feature","geometry":{"type":"Polygon","coordinates":[[[5.8573169778618395,59.28735455192962],[5.857070909578175,59.287336643954355],[5.856844429055969,59.287284345557346],[5.8566555646442735,59.28720181983596],[5.856519350067276,59.2870956360284],[5.856446627703352,59.286974246542776],[5.856443185625971,59.28684731409021],[5.856509297068634,59.28672494249926],[5.856639698911364,59.28661687244955],[5.856824010827619,59.28653170614455],[5.857047561664335,59.28647622263],[5.857292557242154,59.28645483824183],[5.857539496626286,59.28646925511325],[5.857768724178369,59.286518325704854],[5.857961993915423,59.28659814413522],[5.8581039217246405,59.2867023570461],[5.858183209889391,59.286822669270855],[5.85819354646952,59.28694950407312],[5.858134107919717,59.28707276541869],[5.858009624878878,59.2871826416148],[5.857830005820226,59.287270386348794],[5.857609548454453,59.28732901494696],[5.857365801621459,59.28735386041469],[5.8573169778618395,59.28735455192962]]]},"id":"2_105","properties":{"object_type":"radial","radius_m":50,"validation_id":"radial_110"}},{"type":"Feature","geometry":{"type":"Polygon","coordinates":[[[5.988108658589826,59.29605432265395],[5.9878625273925845,59.29603641467861],[5.987635988965157,59.29598411628137],[5.987447076266154,59.29590159055971],[5.987310826863507,59.29579540675188],[5.987238085907522,59.295674017266094],[5.987234642951228,59.29554708481353],[5.987300771297627,59.29542471322272],[5.987431206480818,59.29531664317327],[5.987615565520153,59.29523147686855],[5.987839173511616,59.29517599335423],[5.98808423172661,59.29515460896616],[5.988331234244859,59.29516902583751],[5.988560520402966,59.295218096428904],[5.988753839553229,59.29529791485899],[5.988895803649649,59.29540212776961],[5.98897511208697,59.29552243999419],[5.988985451310983,59.295649274796425],[5.988925997565471,59.29577253614213],[5.988801482698503,59.295882412338486],[5.988621817716436,59.29597015707278],[5.988401303985485,59.29602878567118],[5.988157494832484,59.29605363113901],[5.988108658589826,59.29605432265395]]]},"id":"2_106","properties":{"object_type":"radial","radius_m":50,"validation_id":"radial_111"}},{"type":"Feature","geometry":{"type":"Polygon","coordinates":[[[5.988548540868269,59.29682674558421],[5.988302404083316,59.29680883760886],[5.988075860512998,59.29675653921161],[5.987886943525327,59.29667401348992],[5.987750691029615,59.29656782968207],[5.987677948422366,59.29644644019628],[5.987674505388008,59.296319507743696],[5.987740635235726,59.29619713615292],[5.987871073380072,59.296089066103484],[5.988055436604674,59.29600389979879],[5.988279049672373,59.29594841628448],[5.98852411345053,59.29592703189644],[5.988771121576076,59.29594144876778],[5.989000412939318,59.29599051935916],[5.989193736478247,59.29607033778922],[5.989335703797538,59.29617455069981],[5.989415014035382,59.29629486292436],[5.989425353494212,59.2964216977266],[5.989365898399084,59.29654495907232],[5.989241380705456,59.29665483526868],[5.989061711644672,59.296742580003006],[5.988841192907611,59.29680120860144],[5.988597378219615,59.296826054069285],[5.988548540868269,59.29682674558421]]]},"id":"2_107","properties":{"object_type":"radial","radius_m":50,"validation_id":"radial_112"}},{"type":"Feature","geometry":{"type":"Polygon","coordinates":[[[5.988956236638532,59.29759915097944],[5.988710094265696,59.29758124300409],[5.988483545552329,59.297528944606825],[5.988294624275857,59.29744641888511],[5.988158368686987,59.29734023507723],[5.98808562442842,59.29721884559142],[5.988082181316001,59.29709191313885],[5.98814831266508,59.29696954154807],[5.988278753770673,59.296861471498666],[5.988463121180671,59.296776305193994],[5.988686739324763,59.296720821679706],[5.988931808666252,59.296699437291664],[5.989178822399267,59.296713854163],[5.989408118967802,59.29676292475436],[5.989601446895533,59.29684274318439],[5.989743417437795,59.29694695609498],[5.9898227294762165,59.2970672683195],[5.989833069169873,59.29719410312175],[5.989773612725085,59.297317364467474],[5.989649092204712,59.297427240663865],[5.989469419065082,59.29751498539821],[5.989248895321758,59.297573613996654],[5.989005075098601,59.29759845946452],[5.988956236638532,59.29759915097944]]]},"id":"2_108","properties":{"object_type":"radial","radius_m":50,"validation_id":"radial_113"}},{"type":"Feature","geometry":{"type":"Polygon","coordinates":[[[5.989439034261211,59.29836058310626],[5.989192886379587,59.298342675130904],[5.988966332595969,59.29829037673362],[5.9887774070913995,59.29820785101187],[5.988641148453152,59.29810166720399],[5.988568402566642,59.29798027771816],[5.988564959377264,59.29785334526558],[5.9886310922064565,59.297730973674824],[5.98876153623138,59.29762290362543],[5.9889459077675316,59.29753773732077],[5.989169530916164,59.297482253806514],[5.989414605742241,59.29746086941849],[5.989661625003357,59.297475286289824],[5.989890926703506,59.29752435688117],[5.990084258957918,59.297604175311164],[5.990226232677533,59.29770838822172],[5.990305546491046,59.297828700446246],[5.990315886416203,59.29795553524847],[5.990256428640859,59.29807879659422],[5.990131905333753,59.29818867279063],[5.989952228173014,59.298276417525],[5.9897316994942855,59.29833504612347],[5.98948787381431,59.29835989159133],[5.989439034261211,59.29836058310626]]]},"id":"2_109","properties":{"object_type":"radial","radius_m":50,"validation_id":"radial_114"}},{"type":"Feature","geometry":{"type":"Polygon","coordinates":[[[5.989870183426941,59.29914006897309],[5.9896240299056105,59.29912216099771],[5.989397470931247,59.299069862600405],[5.989208541098102,59.29898733687864],[5.9890722793380125,59.298881153070724],[5.988999531784871,59.29875976358489],[5.9889960885167035,59.29863283113231],[5.9890622228611825,59.29851045954157],[5.989192669874815,59.298402389492196],[5.989377045635179,59.298317223187574],[5.989600673907282,59.29826173967333],[5.989845754348287,59.29824035528531],[5.990092779268878,59.29825477215664],[5.990322086222593,59.298303842747956],[5.990515422906509,59.29838366117794],[5.990657399878985,59.29848787408847],[5.990736715509774,59.29860818631298],[5.990747055671934,59.298735021115206],[5.990687596534415,59.298858282460955],[5.990563070374348,59.29896815865741],[5.990383389096937,59.29905590339179],[5.990162855365516,59.299114531990284],[5.989919024099046,59.29913937745815],[5.989870183426941,59.29914006897309]]]},"id":"2_110","properties":{"object_type":"radial","radius_m":50,"validation_id":"radial_115"}},{"type":"Feature","geometry":{"type":"Polygon","coordinates":[[[5.987595670182312,59.295278041559804],[5.9873495446003915,59.29526013358448],[5.987123011341264,59.29520783518726],[5.986934102952121,59.29512530946562],[5.98679785665782,59.295019125657824],[5.986725117361263,59.29489773617207],[5.986721674483412,59.29477080371949],[5.986787801321079,59.29464843212867],[5.986918233528484,59.29454036207918],[5.987102588361871,59.29445519577443],[5.987326191252015,59.2943997122601],[5.987571243876359,59.29437832787202],[5.987818240759602,59.294392744743384],[5.988047521686859,59.2944418153348],[5.98824083642677,59.29452163376491],[5.988382797284393,59.29462584667556],[5.9884621039122985,59.29474615890013],[5.988472442900331,59.294872993702384],[5.9884129905111045,59.29499625504808],[5.988288478484762,59.29510613124441],[5.988108817601566,59.295193875978676],[5.9878883089014625,59.29525250457706],[5.987644505310802,59.29527735004488],[5.987595670182312,59.295278041559804]]]},"id":"2_111","properties":{"object_type":"radial","radius_m":50,"validation_id":"radial_116"}},{"type":"Feature","geometry":{"type":"Polygon","coordinates":[[[6.071520687902877,59.296433424788844],[6.071274553963247,59.296415516813504],[6.071048013011744,59.29636321841627],[6.070859098207908,59.29628069269458],[6.070722847287216,59.296174508886764],[6.0706501055208095,59.29605311940098],[6.070646662526201,59.295926186948385],[6.0707127916094334,59.29580381535761],[6.070843228245928,59.29569574530816],[6.071027589339348,59.29561057900345],[6.071251199822172,59.29555509548913],[6.071496260767509,59.29553371110107],[6.071743266037759,59.295548127972424],[6.0719725547504915,59.29559719856382],[6.072165876054664,59.29567701699388],[6.072307841732835,59.295781229904485],[6.072387151053835,59.295901542129045],[6.072397490393093,59.29602837693128],[6.0723380359852035,59.296151638277],[6.072213519730941,59.29626151447337],[6.072033852747082,59.296349259207666],[6.071813336559186,59.2964078878061],[6.071569524689668,59.29643273327392],[6.071520687902877,59.296433424788844]]]},"id":"2_112","properties":{"object_type":"radial","radius_m":50,"validation_id":"radial_117"}},{"type":"Feature","geometry":{"type":"Polygon","coordinates":[[[6.070469261969041,59.29568838443008],[6.070223133418895,59.29567047645475],[6.069996597427835,59.29561817805753],[6.069807686760524,59.29553565233588],[6.069671438823169,59.29542946852806],[6.069598698649448,59.29530807904229],[6.069595255730133,59.29518114658972],[6.069661383365307,59.29505877499891],[6.069791817145695,59.29495070494944],[6.0699761742023215,59.29486553864471],[6.070199779788994,59.29481005513038],[6.070444835368523,59.29478867074231],[6.070691835230397,59.29480308761366],[6.070921118922649,59.29485215820507],[6.071114435993848,59.29493197663516],[6.071256398563482,59.2950361895458],[6.071335706147832,59.29515650177037],[6.0713460452606025,59.29528333657261],[6.071286592154451,59.295406597918316],[6.071162078626569,59.295516474114656],[6.070982415576736,59.29560421884894],[6.070761904217356,59.29566284744733],[6.070518097686473,59.29568769291515],[6.070469261969041,59.29568838443008]]]},"id":"2_113","properties":{"object_type":"radial","radius_m":50,"validation_id":"radial_118"}},{"type":"Feature","geometry":{"type":"Polygon","coordinates":[[[6.070855500067187,59.29445026657748],[6.07060938047274,59.29443235860215],[6.070382852724444,59.294380060204965],[6.070193948930796,59.294297534483356],[6.0700577059508465,59.294191350675575],[6.069984968423692,59.29406996118983],[6.06998152562949,59.293943028737246],[6.070047650858428,59.29382065714642],[6.070178079892826,59.29371258709692],[6.070362430241518,59.29362742079215],[6.070586027692256,59.293571937277775],[6.070831074355428,59.29355055288969],[6.071078065230208,59.29356496976107],[6.071307340579939,59.2936140403525],[6.071500650617202,59.29369385878264],[6.071642608021378,59.293798071693296],[6.071721912719944,59.2939183839179],[6.0717322514563605,59.29404521872014],[6.071672800513307,59.29416848006583],[6.071548291515852,59.29427835626215],[6.07136863500318,59.29436610099638],[6.071148131667342,59.294424729594745],[6.0709043340076665,59.29444957506254],[6.070855500067187,59.29445026657748]]]},"id":"2_114","properties":{"object_type":"radial","radius_m":50,"validation_id":"radial_119"}},{"type":"Feature","geometry":{"type":"Polygon","coordinates":[[[6.077142597998093,59.2943626105086],[6.0768964790376625,59.29434470253327],[6.076669951872911,59.29429240413609],[6.0764810485658804,59.29420987841446],[6.0763448059368885,59.2941036946067],[6.0762720685970955,59.29398230512095],[6.07626862581175,59.29385537266838],[6.076334750870342,59.29373300107755],[6.076465179568749,59.29362493102804],[6.076649529442554,59.29353976472327],[6.076873126317312,59.2934842812089],[6.077118172349254,59.29346289682081],[6.077365162587798,59.29347731369218],[6.077594437346922,59.29352638428361],[6.07778774688622,59.29360620271376],[6.077929703924711,59.29371041562443],[6.07800900841898,59.29383072784903],[6.078019347128752,59.29395756265128],[6.077959896338834,59.29408082399695],[6.077835387662109,59.29419070019326],[6.077655731612232,59.2942784449275],[6.077435228844417,59.29433707352585],[6.077191431812775,59.29436191899366],[6.077142597998093,59.2943626105086]]]},"id":"2_115","properties":{"object_type":"radial","radius_m":50,"validation_id":"radial_120"}},{"type":"Feature","geometry":{"type":"Polygon","coordinates":[[[6.076112629736374,59.293617524806436],[6.075866516164983,59.29359961683112],[6.075639993960268,59.29354731843396],[6.075451094789423,59.29346479271236],[6.075314855143521,59.29335860890462],[6.075242119396283,59.293237219418884],[6.075238676686225,59.29311028696632],[6.0753048002968795,59.29298791537548],[6.075435226139415,59.29287984532594],[6.075619571976761,59.29279467902114],[6.075843163955765,59.292739195506755],[6.076088204622344,59.29271781111866],[6.076335189452955,59.29273222799004],[6.0765644591920145,59.29278129858148],[6.076757764498686,59.29286111701165],[6.076899718428893,59.29296532992234],[6.0769790211866574,59.29308564214697],[6.076989359669961,59.293212476949215],[6.076929910181674,59.293335738294886],[6.076805404231105,59.29344561449116],[6.07662575211493,59.29353335922537],[6.076405254175233,59.29359198782371],[6.076161462481786,59.29361683329151],[6.076112629736374,59.293617524806436]]]},"id":"2_116","properties":{"object_type":"radial","radius_m":50,"validation_id":"radial_121"}},{"type":"Feature","geometry":{"type":"Polygon","coordinates":[[[6.075125576818893,59.29288338029058],[6.0748794685571355,59.29286547231526],[6.074652951239369,59.29281317391813],[6.074464056143765,59.29273064819655],[6.074327819436997,59.29262446438883],[6.074255085258849,59.29250307490311],[6.074251642622965,59.292376142450536],[6.0743177648070175,59.29225377085968],[6.074448187835764,59.29214570081013],[6.074632529696125,59.29206053450531],[6.0748561168515165,59.292005050990895],[6.075101152231791,59.2919836666028],[6.075348131734154,59.29199808347418],[6.07557739652712,59.292047154065656],[6.07577069766353,59.292126972495836],[6.075912648531256,59.292231185406564],[6.0759919495781025,59.29235149763119],[6.076002287838271,59.29247833243343],[6.075942839632438,59.292601593779096],[6.075818336367857,59.29271146997536],[6.075638688127419,59.292799214709554],[6.075418194944699,59.292857843307864],[6.075174408510791,59.292882688775656],[6.075125576818893,59.29288338029058]]]},"id":"2_117","properties":{"object_type":"radial","radius_m":50,"validation_id":"radial_122"}},{"type":"Feature","geometry":{"type":"Polygon","coordinates":[[[6.074074150885056,59.29216017767003],[6.0738280478535325,59.29214226969472],[6.073601535349636,59.29208997129759],[6.0734126442683305,59.292007445576054],[6.073276410456746,59.29190126176835],[6.073203677824223,59.291779872282646],[6.0732002352614085,59.29165293983007],[6.073266356040191,59.2915305682392],[6.073396776297222,59.29142249818963],[6.0735811142400715,59.29133733188478],[6.073804696643982,59.29128184837036],[6.074049726816999,59.291260463982255],[6.074296701070796,59.29127488085364],[6.074525960991632,59.29132395144513],[6.074719258020142,59.29140376987534],[6.07486120587118,59.29150798278607],[6.074940505232695,59.291628295010725],[6.074950843273069,59.29175512981297],[6.074891396330508,59.29187839115862],[6.0747668957117495,59.29198826735485],[6.074587251289091,59.29207601208903],[6.074366762792211,59.292134640687316],[6.074122981539194,59.2921594861551],[6.074074150885056,59.29216017767003]]]},"id":"2_118","properties":{"object_type":"radial","radius_m":50,"validation_id":"radial_123"}},{"type":"Feature","geometry":{"type":"Polygon","coordinates":[[[6.07274377521367,59.292653272033],[6.072497668616093,59.29263536405769],[6.072271152830029,59.29258306566055],[6.072082259011713,59.29250053993899],[6.071946023226148,59.29239435613126],[6.071873289539796,59.292272966645555],[6.071869846927162,59.29214603419299],[6.071935968664079,59.29202366260213],[6.072066390810907,59.29191559255257],[6.072250731424774,59.291830426247735],[6.072474317068317,59.29177494273332],[6.072719350791719,59.29175355834523],[6.072966328624069,59.2917679752166],[6.073195591866795,59.291817045808074],[6.073388891696133,59.291896864238275],[6.073530841603995,59.292001077148996],[6.073610142114595,59.292121389373634],[6.073620480304827,59.292248224175886],[6.073561032500949,59.29237148552154],[6.073436530078227,59.2924813617178],[6.07325688305255,59.29256910645198],[6.0730363913607945,59.29262773505029],[6.072792606575368,59.29265258051807],[6.07274377521367,59.292653272033]]]},"id":"2_119","properties":{"object_type":"radial","radius_m":50,"validation_id":"radial_124"}},{"type":"Feature","geometry":{"type":"Polygon","coordinates":[[[6.073065640295456,59.29140408576995],[6.072819542731743,59.29138617779465],[6.072593035260384,59.29133387939755],[6.072404148375721,59.291251353676024],[6.07226791759083,59.29114516986835],[6.07219518657414,59.29102378038265],[6.07219174408771,59.290896847930085],[6.072257863397392,59.29077447633919],[6.072388280756809,59.2906664062896],[6.072572614604197,59.29058123998473],[6.072796192040797,59.290525756470295],[6.073041216770025,59.290504372082175],[6.073288185536844,59.29051878895356],[6.0735174403642365,59.29056785954506],[6.073710733098251,59.290647677975294],[6.073852677795574,59.29075189088606],[6.073931975395202,59.29087220311072],[6.073942313205796,59.29099903791297],[6.073882867583893,59.29112229925862],[6.073758369731138,59.29123217545483],[6.073578729299679,59.291319920188975],[6.073358245701489,59.29137854878725],[6.073114469864696,59.29140339425502],[6.073065640295456,59.29140408576995]]]},"id":"2_120","properties":{"object_type":"radial","radius_m":50,"validation_id":"radial_125"}},{"type":"Feature","geometry":{"type":"Polygon","coordinates":[[[6.067336441839647,59.2935189092998],[6.067090328981499,59.293501001324486],[6.066863807433246,59.293448702927314],[6.06667490880983,59.29336617720574],[6.066538669558741,59.29325999339799],[6.06646593402228,59.29313860391227],[6.066462491322186,59.29301167145968],[6.066528614741202,59.292889299868826],[6.066659040205764,59.292781229819305],[6.0668433855088795,59.29269606351449],[6.067066976839929,59.29264058000011],[6.0673120167963965,59.292619195612026],[6.067559000911265,59.29263361248339],[6.067788269985916,59.29268268307485],[6.067981574732395,59.29276250150501],[6.06812352825122,59.29286671441572],[6.068202830779155,59.29298702664033],[6.068213169232484,59.29311386144257],[6.06815371991647,59.29323712278824],[6.068029214326711,59.29334699898452],[6.067849562731163,59.293434743718734],[6.067629065430471,59.29349337231707],[6.067385274443539,59.293518217784865],[6.067336441839647,59.2935189092998]]]},"id":"2_121","properties":{"object_type":"radial","radius_m":50,"validation_id":"radial_126"}},{"type":"Feature","geometry":{"type":"Polygon","coordinates":[[[6.069868447149705,59.29372709725641],[6.069622332785818,59.293709189281095],[6.069395809851695,59.293656890883916],[6.069206910072595,59.29357436516233],[6.069070669988009,59.29346818135458],[6.068997934006575,59.29334679186884],[6.068994491285444,59.29321985941626],[6.069060615109026,59.293097487825435],[6.06919104137154,59.29298941777591],[6.069375387802474,59.2929042514711],[6.069598980501434,59.29284876795673],[6.069844021957026,59.29282738356863],[6.070091007582912,59.29284180044001],[6.070320278060209,59.29289087103145],[6.070513583989316,59.29297068946161],[6.070655538376618,59.2930749023723],[6.070734841389748,59.29319521459692],[6.070745179906354,59.29332204939916],[6.0706857302266535,59.29344531074484],[6.070561223875185,59.29355518694112],[6.07038157118053,59.29364293167534],[6.070161072530825,59.29370156027368],[6.06991728005236,59.29372640574148],[6.069868447149705,59.29372709725641]]]},"id":"2_122","properties":{"object_type":"radial","radius_m":50,"validation_id":"radial_127"}},{"type":"Feature","geometry":{"type":"Polygon","coordinates":[[[6.06845224078984,59.29426399716123],[6.068206122542674,59.294246089185904],[6.067979596034406,59.29419379078872],[6.067790693274819,59.294111265067116],[6.067654451040653,59.29400508125934],[6.067581713911643,59.29388369177361],[6.067578271136262,59.293756759321035],[6.067644396003212,59.293634387730194],[6.067774824323632,59.293526317680694],[6.067959173663194,59.29344115137591],[6.068182769889973,59.29338566786153],[6.068427815211787,59.29336428347346],[6.068674804734563,59.29337870034482],[6.0689040788292585,59.293427770936255],[6.069097387808352,59.29350758936641],[6.069239344435446,59.29361180227708],[6.0693186486998805,59.29373211450169],[6.069328987379676,59.293858949303925],[6.069269536762035,59.29398221064961],[6.06914502844613,59.29409208684591],[6.068965372916899,59.294179831580145],[6.068744870788106,59.29423846017849],[6.068501074463001,59.294263305646304],[6.06845224078984,59.29426399716123]]]},"id":"2_123","properties":{"object_type":"radial","radius_m":50,"validation_id":"radial_128"}},{"type":"Feature","geometry":{"type":"Polygon","coordinates":[[[6.069396378363082,59.2949652414219],[6.069150255043753,59.29494733344657],[6.0689237238671,59.29489503504937],[6.068734817214537,59.29481250932774],[6.068598572172687,59.29470632551995],[6.068525833544763,59.2945849360342],[6.068522390698525,59.29445800358162],[6.068588516928272,59.2943356319908],[6.068718947936638,59.29422756194131],[6.0689033010753155,59.294142395636555],[6.069126901909976,59.2940869121222],[6.069371952281668,59.294065527734126],[6.069618946894391,59.29407994460549],[6.06984822571397,59.29412901519691],[6.07004153867681,59.29420883362702],[6.07018349822942,59.29431304653768],[6.070262804128251,59.29443335876227],[6.070273143021201,59.294560193564514],[6.070213691178465,59.2946834549102],[6.0700891802967005,59.294793331106526],[6.069909521065071,59.294881075840784],[6.069689014392056,59.294939704439166],[6.0694452130426395,59.29496454990697],[6.069396378363082,59.2949652414219]]]},"id":"2_124","properties":{"object_type":"radial","radius_m":50,"validation_id":"radial_129"}},{"type":"Feature","geometry":{"type":"Polygon","coordinates":[[[6.142313214105441,59.271272427550535],[6.142067262022287,59.27125451957542],[6.141840888450223,59.27120222117881],[6.1416521132245165,59.27111969545795],[6.141515962970024,59.271013511650885],[6.141443274945376,59.270892122165556],[6.1414398344913375,59.27076518971301],[6.141505914713031,59.270642818121786],[6.141636254976389,59.270534748071604],[6.141820479856967,59.270449581766066],[6.142043925129655,59.270394098251096],[6.142288805017468,59.27037271386278],[6.142535627793757,59.2703871307343],[6.142764747101322,59.270436201326284],[6.142957925572857,59.27051601975717],[6.143099786360117,59.270620232668556],[6.1431790370817065,59.27074054489361],[6.143189368778618,59.27086737969592],[6.143129958295083,59.27099064104125],[6.143005534036669,59.27110051723689],[6.142825999797929,59.27118826197036],[6.14260564653786,59.2712468905681],[6.1423620148090645,59.27127173603562],[6.142313214105441,59.271272427550535]]]},"id":"2_125","properties":{"object_type":"radial","radius_m":50,"validation_id":"radial_130"}},{"type":"Feature","geometry":{"type":"Polygon","coordinates":[[[6.139502259057835,59.26744561713322],[6.139256334606076,59.26742770915814],[6.139029986465755,59.267375410761616],[6.138841232447643,59.26729288504089],[6.138705097488437,59.26718670123393],[6.138632417629349,59.267065311748674],[6.138628977561327,59.26693837929613],[6.138695050358967,59.266816007704854],[6.1388253759793265,59.26670793765455],[6.139009580163634,59.26662277134889],[6.139233000334182,59.266567287833816],[6.139477852711997,59.26654590344544],[6.139724647760032,59.26656032031701],[6.139953741328063,59.26660939090908],[6.14014689809751,59.26668920934008],[6.1402887429475745,59.26679342225159],[6.140367984765533,59.266913734476724],[6.140378315301261,59.26704056927904],[6.140318911491624,59.26716383062431],[6.140194501211118,59.26727370681985],[6.140014987141761,59.26736145155319],[6.139794658637054,59.267420080150835],[6.139551054278957,59.26744492561829],[6.139502259057835,59.26744561713322]]]},"id":"2_126","properties":{"object_type":"radial","radius_m":50,"validation_id":"radial_131"}},{"type":"Feature","geometry":{"type":"Polygon","coordinates":[[[6.141133042138887,59.267719758249925],[6.140887115707942,59.26770185027484],[6.1406607657459915,59.26764955187833],[6.140472010208815,59.26756702615758],[6.140335874154038,59.267460842350616],[6.140263193710067,59.26733945286536],[6.1402597536143935,59.26721252041281],[6.140325826943805,59.267090148821524],[6.140456153613016,59.266982078771235],[6.140640359279759,59.26689691246558],[6.140863781248329,59.26684142895053],[6.141108635596635,59.26682004456215],[6.141355432630793,59.26683446143372],[6.141584528042502,59.26688353202578],[6.141777686366431,59.26696335045678],[6.141919532358047,59.26706756336827],[6.1419987748137554,59.26718787559342],[6.142009105432658,59.26731471039574],[6.1419497011449815,59.267437971741],[6.141825289863263,59.26754784793655],[6.141645774349212,59.267635592669905],[6.141425444071321,59.26769422126755],[6.141181837752711,59.26771906673501],[6.141133042138887,59.267719758249925]]]},"id":"2_127","properties":{"object_type":"radial","radius_m":50,"validation_id":"radial_132"}},{"type":"Feature","geometry":{"type":"Polygon","coordinates":[[[6.144373150628879,59.26836672253824],[6.144127219526967,59.268348814563154],[6.143900865265892,59.268296516166615],[6.143712106143668,59.26821399044586],[6.143575967503287,59.26810780663885],[6.143503285678964,59.2679864171536],[6.143499845518037,59.26785948470105],[6.143565920102451,59.267737113109774],[6.143696249246997,59.2676290430595],[6.143880458412354,59.26754387675388],[6.1441038846243305,59.26748839323883],[6.14434874362308,59.26746700885047],[6.144595545344579,59.26748142572202],[6.144824645107441,59.267530496314066],[6.145017807100012,59.267610314745035],[6.145159655785741,59.26771452765652],[6.14523889974657,59.26783483988163],[6.145249230561766,59.26796167468396],[6.145189825145897,59.26808493602925],[6.145065411501272,59.2681948122248],[6.144885892577674,59.26828255695818],[6.144665558114999,59.26834118555583],[6.144421947169495,59.26836603102331],[6.144373150628879,59.26836672253824]]]},"id":"2_128","properties":{"object_type":"radial","radius_m":50,"validation_id":"radial_133"}},{"type":"Feature","geometry":{"type":"Polygon","coordinates":[[[6.1427638252199435,59.26804872467784],[6.1425178964139455,59.268030816702755],[6.142291544266014,59.267978518306215],[6.142102786905944,59.26789599258547],[6.141966649536461,59.267789808778495],[6.14189396839062,59.26766841929323],[6.141890528261768,59.26754148684067],[6.141956602229313,59.267419115249396],[6.14208693015716,59.26731104519912],[6.142271137602848,59.26722587889347],[6.142494561729067,59.26717039537842],[6.142739418441992,59.26714901099007],[6.142986217859529,59.26716342786162],[6.143215315483674,59.267212498453674],[6.143408475673002,59.267292316884664],[6.143550323034497,59.26739652979615],[6.143629566255518,59.26751684202127],[6.143639896974228,59.26764367682358],[6.143580492112898,59.267766938168876],[6.1434560796297095,59.26787681436443],[6.1432765623820025,59.26796455909779],[6.143056229976269,59.26802318769545],[6.1428126213050165,59.26804803316291],[6.1427638252199435,59.26804872467784]]]},"id":"2_129","properties":{"object_type":"radial","radius_m":50,"validation_id":"radial_134"}},{"type":"Feature","geometry":{"type":"Polygon","coordinates":[[[6.140682431024388,59.27095445681682],[6.140436481237414,59.27093654884171],[6.140210109778735,59.27088425044511],[6.140021336315388,59.27080172472426],[6.139885187331936,59.270695540917195],[6.139812499985851,59.27057415143188],[6.139809059563891,59.27044721897932],[6.139875139168644,59.270324847388096],[6.140005478215164,59.2702167773379],[6.140189701375872,59.27013161103235],[6.140413144562563,59.27007612751738],[6.1406580221642875,59.27005474312903],[6.140904842636349,59.27006916000059],[6.14113395980495,59.270118230592566],[6.141327136473033,59.27019804902346],[6.141468995935905,59.27030226193486],[6.141548245917602,59.27042257415993],[6.141558577518018,59.270549408962246],[6.141499167589089,59.27067267030756],[6.14137474449224,59.270782546503185],[6.141195211929585,59.270870291236655],[6.140974860726694,59.27092891983438],[6.140731231272413,59.27095376530189],[6.140682431024388,59.27095445681682]]]},"id":"2_130","properties":{"object_type":"radial","radius_m":50,"validation_id":"radial_135"}},{"type":"Feature","geometry":{"type":"Polygon","coordinates":[[[6.13907310561545,59.27064196544492],[6.138827158085037,59.270624057469824],[6.138600788703282,59.27057175907323],[6.138412016971884,59.27048923335238],[6.138275869237549,59.27038304954534],[6.138203182558316,59.27026166006002],[6.13819974216788,59.27013472760746],[6.1382658211663355,59.27001235601624],[6.138396159017013,59.26990428596603],[6.138580380487529,59.26981911966048],[6.138803821624214,59.2697636361455],[6.139048696979292,59.26974225175715],[6.139295515186881,59.2697566686287],[6.139524630253423,59.269805739220686],[6.139717805149172,59.26988555765159],[6.139859663310508,59.269989770562994],[6.139938912565076,59.27011008278807],[6.139949244070661,59.270236917590374],[6.139889834686766,59.270360178935704],[6.139765412731446,59.27047005513132],[6.139585881815955,59.27055779986479],[6.139365532634749,59.2706164284625],[6.139121905415738,59.270641273929996],[6.13907310561545,59.27064196544492]]]},"id":"2_131","properties":{"object_type":"radial","radius_m":50,"validation_id":"radial_136"}},{"type":"Feature","geometry":{"type":"Polygon","coordinates":[[[6.1373994071901565,59.27036784784588],[6.1371534616391585,59.27034993987078],[6.136927094079247,59.2702976414742],[6.136738323867086,59.27021511575336],[6.136602177228451,59.270108931946325],[6.136529491134171,59.26998754246102],[6.136526050771387,59.269860610008465],[6.136592129238009,59.269738238417226],[6.136722466039714,59.269630168367016],[6.13690668602762,59.26954500206144],[6.137130125366077,59.26948951854644],[6.137374998750435,59.26946813415811],[6.137621814971669,59.26948255102966],[6.137850928194321,59.26953162162166],[6.138044101535408,59.269611440052564],[6.138185958555059,59.26971565296399],[6.138265207171801,59.269835965189074],[6.138275538594206,59.26996279999139],[6.138216129688404,59.27008606133669],[6.138091708734414,59.270195937532314],[6.137912179263785,59.27028368226575],[6.1376918318559675,59.27034231086346],[6.137448206597697,59.27036715633097],[6.1373994071901565,59.27036784784588]]]},"id":"2_132","properties":{"object_type":"radial","radius_m":50,"validation_id":"radial_137"}},{"type":"Feature","geometry":{"type":"Polygon","coordinates":[[[5.713122225467486,59.29662092816366],[5.712876090171446,59.29660302018832],[5.712649547971514,59.296550721791085],[5.712460632126609,59.29646819606939],[5.712324380455082,59.296362012261554],[5.7122516382878326,59.29624062277577],[5.7122481952742765,59.29611369032319],[5.712314324721948,59.29599131873239],[5.71244476207726,59.29588324868295],[5.7126291241866465,59.29579808237825],[5.712852735901721,59.29574259886394],[5.713097798197506,59.29572121447588],[5.713344804828919,59.295735631347235],[5.713574094805189,59.29578470193862],[5.713767417174705,59.29586452036869],[5.713909383635223,59.29596873327929],[5.713988693393298,59.29608904550385],[5.713999032789557,59.296215880306086],[5.71393957805405,59.29633914165179],[5.713815061113619,59.29644901784816],[5.7136353931396595,59.296536762582484],[5.713414875736538,59.296595391180894],[5.713171062523408,59.296620236648735],[5.713122225467486,59.29662092816366]]]},"id":"2_133","properties":{"object_type":"radial","radius_m":50,"validation_id":"radial_138"}},{"type":"Feature","geometry":{"type":"Polygon","coordinates":[[[5.71473155087642,59.29681814091172],[5.714485414153714,59.29680023293636],[5.714258870640689,59.29674793453913],[5.714069953700793,59.29666540881744],[5.713933701239538,59.29655922500958],[5.713860958650685,59.29643783552378],[5.713857515617198,59.296310903071216],[5.713923645448189,59.296188531480425],[5.714054083559549,59.296080461431],[5.714238446737526,59.295995295126296],[5.714462059748676,59.295939811611994],[5.714707123464858,59.29591842722394],[5.714954131527937,59.29593284409529],[5.715183422833192,59.295981914686664],[5.715376746323233,59.29606173311673],[5.71551871360662,59.296165946027315],[5.715598023824406,59.296286258251875],[5.715608363280621,59.29641309305411],[5.715548908200526,59.29653635439984],[5.715424390538389,59.2966462305962],[5.7152447215230415,59.296733975330525],[5.71502420284175,59.29679260392895],[5.714780388215415,59.29681744939679],[5.71473155087642,59.29681814091172]]]},"id":"2_134","properties":{"object_type":"radial","radius_m":50,"validation_id":"radial_139"}},{"type":"Feature","geometry":{"type":"Polygon","coordinates":[[[5.7144633299749295,59.29760150248383],[5.714217187585082,59.29758359450848],[5.713990638856058,59.29753129611122],[5.713801717566528,59.2974487703895],[5.71366546196824,59.29734258658162],[5.713592717704649,59.29722119709582],[5.713589274591989,59.29709426464324],[5.713655405945639,59.296971893052465],[5.713785847060247,59.29686382300305],[5.713970214482988,59.296778656698386],[5.714193832642534,59.2967231731841],[5.714438902000961,59.29670178879606],[5.71468591575105,59.29671620566741],[5.7149152123354305,59.29676527625875],[5.715108540276525,59.2968450946888],[5.715250510828598,59.29694930759937],[5.7153298228725005,59.2970696198239],[5.715340162566873,59.29719645462614],[5.7152807061179765,59.29731971597187],[5.715156185588998,59.297429592168264],[5.714976512436951,59.2975173369026],[5.714755988678385,59.29757596550105],[5.714512168438374,59.2976008109689],[5.7144633299749295,59.29760150248383]]]},"id":"2_135","properties":{"object_type":"radial","radius_m":50,"validation_id":"radial_140"}},{"type":"Feature","geometry":{"type":"Polygon","coordinates":[[[5.712875462238113,59.29744264040616],[5.71262932099756,59.29742473243081],[5.71240277332634,59.29737243403355],[5.712213852918913,59.29728990831183],[5.712077597956816,59.29718372450397],[5.71200485403286,59.29706233501817],[5.7120014109362565,59.29693540256559],[5.7120675419811135,59.2968130309748],[5.712197982486662,59.29670496092538],[5.712382349048567,59.29661979462072],[5.71260596616402,59.29656431110643],[5.712851034378201,59.29654292671839],[5.713098046974966,59.296557343589726],[5.713327342488741,59.296606414181085],[5.7135206695271625,59.29668623261113],[5.713662639416348,59.29679044552171],[5.713741951089915,59.29691075774625],[5.713752290735988,59.297037592548484],[5.713692834564684,59.29716085389422],[5.713568314617099,59.297270730090595],[5.713388642303973,59.29735847482495],[5.713168119575077,59.297417103423385],[5.71292430047352,59.29744194889123],[5.712875462238113,59.29744264040616]]]},"id":"2_136","properties":{"object_type":"radial","radius_m":50,"validation_id":"radial_141"}},{"type":"Feature","geometry":{"type":"Polygon","coordinates":[[[5.712532139484208,59.29825337703578],[5.712285992378211,59.2982354690604],[5.712059439308478,59.29818317066312],[5.711870514399219,59.298100644941385],[5.7117342561903195,59.29799446113349],[5.711661510533022,59.29787307164768],[5.711658067354479,59.2977461391951],[5.711724199975273,59.29762376760434],[5.711854643589159,59.29751569755495],[5.712039014544355,59.29743053125029],[5.7122626369883545,59.29737504773603],[5.71250771104221,59.29735366334799],[5.712754729524979,59.29736808021934],[5.712984030502603,59.29741715081067],[5.7131773621478255,59.297496969240676],[5.713319335420073,59.29760118215124],[5.713398648983656,59.29772149437576],[5.713408988876219,59.297848329177995],[5.713349531288216,59.29797159052374],[5.713225008373477,59.29808146672015],[5.713045331778903,59.29816921145452],[5.7128248037950735,59.298227840052974],[5.71258097888341,59.298252685520836],[5.712532139484208,59.29825337703578]]]},"id":"2_137","properties":{"object_type":"radial","radius_m":50,"validation_id":"radial_142"}},{"type":"Feature","geometry":{"type":"Polygon","coordinates":[[[5.714087820712845,59.298423191044925],[5.713841672378253,59.29840528306958],[5.713615118177725,59.298352984672285],[5.713426192325498,59.29827045895053],[5.713289933436513,59.29816427514264],[5.713217187416144,59.29804288565682],[5.713213744220435,59.297915953204246],[5.713279877171331,59.29779358161348],[5.7134103214363,59.2976855115641],[5.713594693311734,59.297600345259454],[5.713818316871869,59.297544861745195],[5.714063392148923,59.29752347735715],[5.714310411864595,59.29753789422849],[5.714539713986697,59.29758696481982],[5.7147330465968755,59.29766678324983],[5.714875020577751,59.29777099616039],[5.714954334537223,59.2978913083849],[5.714964674481416,59.298018143187136],[5.714905216596667,59.298141404532885],[5.714780693060417,59.29825128072931],[5.714601015569037,59.29833902546367],[5.7143804864844885,59.298397654062136],[5.714136660355821,59.29842249953],[5.714087820712845,59.298423191044925]]]},"id":"2_138","properties":{"object_type":"radial","radius_m":50,"validation_id":"radial_143"}},{"type":"Feature","geometry":{"type":"Polygon","coordinates":[[[5.713798142139238,59.29920103793103],[5.713551988176775,59.299183129955644],[5.713325428796395,59.299130831558344],[5.7131364986246735,59.29904830583657],[5.7130002366203945,59.29894212202865],[5.7129274889368915,59.298820732542815],[5.712924045662561,59.29869380009025],[5.712990180125565,59.29857142849949],[5.713120627372971,59.29846335845012],[5.713305003463749,59.2983781921455],[5.7135286321366054,59.29832270863127],[5.713773713016805,59.29830132424324],[5.714020738380077,59.29831574111458],[5.714250045744721,59.298364811705895],[5.7144433827751095,59.298444630135876],[5.714585360002021,59.2985488430464],[5.714664675774955,59.29866915527091],[5.714675015955654,59.29879599007313],[5.714615556711587,59.298919251418894],[5.714491030328363,59.29902912761532],[5.714311348728949,59.29911687234972],[5.7140908146023115,59.29917550094822],[5.713846982898869,59.299200346416086],[5.713798142139238,59.29920103793103]]]},"id":"2_139","properties":{"object_type":"radial","radius_m":50,"validation_id":"radial_144"}},{"type":"Feature","geometry":{"type":"Polygon","coordinates":[[[5.712231732074541,59.299036705563545],[5.711985579301078,59.29901879758818],[5.711759021015047,59.298966499190875],[5.711570091755906,59.29888397346912],[5.711433830409795,59.29877778966121],[5.711361083077664,59.298656400175375],[5.711357639819943,59.29852946772279],[5.711423773963483,59.29840709613204],[5.71155422058079,59.29829902608267],[5.711738595780991,59.298213859778045],[5.711962223373683,59.2981583762638],[5.712207303070105,59.29813699187577],[5.712454327240205,59.298151408747096],[5.7126836334972575,59.298200479338426],[5.712876969593786,59.29828029776841],[5.713018946134907,59.29838451067894],[5.713098261524712,59.29850482290345],[5.713108601655444,59.29863165770569],[5.713049142698561,59.29875491905144],[5.712924616916818,59.29886479524788],[5.712744936185309,59.29895253998227],[5.712524403123914,59.299011168580755],[5.712280572598257,59.29903601404862],[5.712231732074541,59.299036705563545]]]},"id":"2_140","properties":{"object_type":"radial","radius_m":50,"validation_id":"radial_145"}},{"type":"Feature","geometry":{"type":"Polygon","coordinates":[[[5.711952782336992,59.299787150244036],[5.711706624133694,59.29976924226867],[5.71148006085008,59.29971694387134],[5.711291127423443,59.29963441814955],[5.71115486307166,59.29952823434162],[5.711082114134915,59.299406844855774],[5.71107867080134,59.299279912403186],[5.711144806403778,59.299157540812445],[5.711275255898577,59.2990494707631],[5.711459635165796,59.29896430445851],[5.711683267691297,59.29890882094428],[5.7119283527937,59.29888743655626],[5.712175382412672,59.29890185342758],[5.712404693727791,59.29895092401889],[5.71259803408899,59.299030742448856],[5.712740013761923,59.29913495535936],[5.712819330901377,59.29925526758385],[5.712829671260294,59.29938210238609],[5.712770210991925,59.299505363731846],[5.712645682463388,59.2996152399283],[5.7124659977684,59.299702984662716],[5.712245459842337,59.29976161326123],[5.7120016239380735,59.29978645872911],[5.711952782336992,59.299787150244036]]]},"id":"2_141","properties":{"object_type":"radial","radius_m":50,"validation_id":"radial_146"}},{"type":"Feature","geometry":{"type":"Polygon","coordinates":[[[5.713454819385331,59.299989822245735],[5.713208659715553,59.29997191427035],[5.712982095082203,59.29991961587304],[5.712793160530014,59.299837090151236],[5.7126568953664645,59.29973090634329],[5.712584145996351,59.299609516857444],[5.71258070264229,59.29948258440486],[5.7126468386387455,59.299360212814136],[5.712777288910689,59.29925214276479],[5.71296166927632,59.29916697646019],[5.713185303134069,59.299111492945975],[5.713430389696506,59.29909010855795],[5.713677420787098,59.299104525429286],[5.713906733468289,59.29915359602059],[5.714100074981283,59.29923341445053],[5.714242055500051,59.299337627361055],[5.714321373112046,59.29945793958552],[5.714331713532591,59.29958477438776],[5.714272252910019,59.299708035733524],[5.714147723639632,59.29981791192999],[5.7139680378741975,59.299905656664414],[5.7137474986342935,59.29996428526293],[5.713503661277384,59.29998913073081],[5.713454819385331,59.299989822245735]]]},"id":"2_142","properties":{"object_type":"radial","radius_m":50,"validation_id":"radial_147"}},{"type":"Feature","geometry":{"type":"Polygon","coordinates":[[[5.934984327052373,59.297604377828186],[5.9347381846417235,59.29758646985283],[5.9345116358935535,59.29753417145556],[5.934322714588058,59.297451645733844],[5.934186458978255,59.29734546192598],[5.934113714708514,59.297224072440166],[5.934110271595567,59.2970971399876],[5.934176402954807,59.296974768396815],[5.934306844080436,59.296866698347394],[5.934491211518759,59.296781532042736],[5.934714829697203,59.296726048528456],[5.934959899076341,59.29670466414041],[5.935206912847304,59.29671908101176],[5.935436209451061,59.2967681516031],[5.935629537408494,59.296847970033134],[5.935771507972566,59.29695218294372],[5.935850820023172,59.297072495168244],[5.935861159718418,59.29719932997048],[5.935801703264496,59.29732259131622],[5.935677182724994,59.29743246751262],[5.935497509557763,59.29752021224695],[5.93527698578056,59.29757884084541],[5.935033165519945,59.29760368631326],[5.934984327052373,59.297604377828186]]]},"id":"2_143","properties":{"object_type":"radial","radius_m":50,"validation_id":"radial_148"}},{"type":"Feature","geometry":{"type":"Polygon","coordinates":[[[5.935713887904423,59.29678266949183],[5.935467751438325,59.296764761516485],[5.93524120816148,59.29671246311925],[5.935052291418532,59.29662993739755],[5.934916039099322,59.29652375358972],[5.934843296586301,59.29640236410392],[5.934839853556396,59.29627543165134],[5.934905983318444,59.29615306006055],[5.935036421293817,59.29604499001111],[5.935220784279594,59.295959823706426],[5.935444397057623,59.2959043401921],[5.935689460518327,59.29588295580406],[5.9359364683239,59.29589737267541],[5.936165759390116,59.295946443266786],[5.936359082678615,59.29602626169684],[5.936501049813997,59.29613047460744],[5.936580359949097,59.296250786832],[5.936590699394529,59.296377621634235],[5.936531244376413,59.29650088297995],[5.936406726844086,59.296610759176325],[5.936227058016046,59.29669850391065],[5.9360065395646515,59.29675713250907],[5.935762725192503,59.29678197797691],[5.935713887904423,59.29678266949183]]]},"id":"2_144","properties":{"object_type":"radial","radius_m":50,"validation_id":"radial_149"}},{"type":"Feature","geometry":{"type":"Polygon","coordinates":[[[5.936421991084356,59.29602668029524],[5.936175860087073,59.2960087723199],[5.935949321843688,59.29595647392267],[5.935760409298156,59.29587394820101],[5.935624160006194,59.29576776439318],[5.935551419109303,59.29564637490741],[5.9355479761558,59.29551944245483],[5.935614104448476,59.29539707086403],[5.935744539525701,59.29528900081458],[5.935928898415262,59.295203834509856],[5.936152506225069,59.29514835099552],[5.936397564240982,59.29512696660746],[5.936644566558569,59.295141383478814],[5.93687385253041,59.29519045407021],[5.937067171523622,59.2952702725003],[5.937209135504709,59.29537448541092],[5.937288443877599,59.29549479763549],[5.937298783093209,59.29562163243773],[5.937239329395992,59.295744893783436],[5.937114814630178,59.295854769979776],[5.93693514979407,59.29594251471407],[5.936714636242266,59.29600114331249],[5.936470827287337,59.296025988780315],[5.936421991084356,59.29602668029524]]]},"id":"2_145","properties":{"object_type":"radial","radius_m":50,"validation_id":"radial_150"}},{"type":"Feature","geometry":{"type":"Polygon","coordinates":[[[5.937173009608525,59.29519397710291],[5.936926884634675,59.295176069127585],[5.936700351935215,59.295123770730385],[5.936511444012779,59.29504124500873],[5.936375198055074,59.294935061200945],[5.936302458938211,59.29481367171517],[5.936299016068857,59.2946867392626],[5.936365142743145,59.29456436767178],[5.936495574628308,59.29445629762231],[5.936679929006242,59.294371131317554],[5.936903531343974,59.2943156478032],[5.937148583362918,59.29429426341514],[5.937395579635957,59.2943086802865],[5.937624859996775,59.29435775087791],[5.937818174259098,59.29443756930803],[5.937960134766,59.29454178221868],[5.938039441197964,59.29466209444326],[5.938049780160443,59.2947889292455],[5.9379903279180875,59.2949121905912],[5.937865816199349,59.295022066787524],[5.937686155760012,59.29510981152178],[5.937465647604689,59.29516844012016],[5.937221844616364,59.295193285587985],[5.937173009608525,59.29519397710291]]]},"id":"2_146","properties":{"object_type":"radial","radius_m":50,"validation_id":"radial_151"}},{"type":"Feature","geometry":{"type":"Polygon","coordinates":[[[5.940327287410037,59.29588424566763],[5.940081157443094,59.2958663376923],[5.939854620148024,59.29581403929508],[5.939665708393297,59.295731513573415],[5.939529459671675,59.295625329765585],[5.939456719079268,59.29550394027983],[5.939453276140159,59.29537700782725],[5.939519404156001,59.29525463623644],[5.939649838687208,59.29514656618698],[5.939834196805033,59.29506139988225],[5.9400578036788145,59.29500591636791],[5.9403028606689166,59.29498453197986],[5.940549861952554,59.29499894885122],[5.9407791469646,59.2950480194426],[5.94097246514857,59.2951278378727],[5.94111442853538,59.29523205078333],[5.941193736576266,59.29535236300789],[5.941204075748575,59.295479197810145],[5.94114462230022,59.295602459155845],[5.941020108055623,59.29571233535219],[5.940840443971607,59.29580008008648],[5.940619931342897,59.29585870868488],[5.940376123408585,59.2958835541527],[5.940327287410037,59.29588424566763]]]},"id":"2_147","properties":{"object_type":"radial","radius_m":50,"validation_id":"radial_152"}},{"type":"Feature","geometry":{"type":"Polygon","coordinates":[[[5.939597726557989,59.296727888230464],[5.939351590488186,59.29670998025512],[5.939125047576089,59.29665768185787],[5.938936131137308,59.296575156136186],[5.938799879037468,59.29646897232834],[5.938727136641557,59.29634758284256],[5.938723693617191,59.29622065038998],[5.93878982327276,59.296098278799185],[5.938920261038119,59.29599020874975],[5.939104623727063,59.29590504244506],[5.939328236145073,59.29584955893073],[5.9395732992112205,59.29582817454269],[5.939820306619107,59.295842591414036],[5.940049597316163,59.29589166200541],[5.940242920293403,59.29597148043548],[5.940384887200211,59.296075693346076],[5.940464197207612,59.296196005570636],[5.940474536636389,59.29632284037286],[5.940415081713993,59.29644610171859],[5.94029056438214,59.29655597791496],[5.9401108958433735,59.29664372264927],[5.939890377747028,59.2967023512477],[5.939646563767437,59.29672719671554],[5.939597726557989,59.296727888230464]]]},"id":"2_148","properties":{"object_type":"radial","radius_m":50,"validation_id":"radial_153"}},{"type":"Feature","geometry":{"type":"Polygon","coordinates":[[[5.938868165705936,59.29751672988448],[5.938622023929381,59.29749882190912],[5.938395475764828,59.29744652351186],[5.938206554946011,59.29736399779015],[5.93807029968721,59.29725781398228],[5.937997555604855,59.29713642449647],[5.937994112500767,59.2970094920439],[5.938060243689635,59.29688712045312],[5.938190684479235,59.296779050403714],[5.938375051442611,59.29669388409903],[5.938598669045004,59.29663840058475],[5.938843737792832,59.296617016196706],[5.939090750927478,59.29663143306805],[5.939320046940555,59.296680503659395],[5.93951337439996,59.29676032208944],[5.9396553445983,59.29686453500001],[5.939734656444584,59.296984847224564],[5.939744996113181,59.29711168202679],[5.939685539812415,59.29723494337252],[5.939561019593682,59.29734481956891],[5.939381346889305,59.29743256430325],[5.939160823680196,59.2974911929017],[5.938917004047694,59.29751603836955],[5.938868165705936,59.29751672988448]]]},"id":"2_149","properties":{"object_type":"radial","radius_m":50,"validation_id":"radial_154"}},{"type":"Feature","geometry":{"type":"Polygon","coordinates":[[[5.938117147181768,59.29836033197082],[5.93787099930196,59.29834242399546],[5.9376444455200135,59.298290125598164],[5.93745552001684,59.29820759987643],[5.937319261379599,59.29810141606853],[5.937246515493626,59.2979800265827],[5.937243072304272,59.297853094130126],[5.937309205132975,59.29773072253936],[5.9374396491569374,59.29762265248998],[5.93762402069173,59.297537486185334],[5.93784764383871,59.297482002671074],[5.938092718662977,59.29746061828303],[5.938339737922272,59.29747503515437],[5.938569039620726,59.297524105745715],[5.938762371873713,59.297603924175725],[5.938904345592279,59.29770813708627],[5.938983659405205,59.29782844931079],[5.938993999330287,59.29795528411303],[5.938934541555384,59.29807854545878],[5.938810018249196,59.29818842165519],[5.938630341089782,59.29827616638955],[5.938409812412682,59.298334794988016],[5.938165986734507,59.29835964045588],[5.938117147181768,59.29836033197082]]]},"id":"2_150","properties":{"object_type":"radial","radius_m":50,"validation_id":"radial_155"}},{"type":"Feature","geometry":{"type":"Polygon","coordinates":[[[5.678089245717243,59.29127102840675],[5.677843149115728,59.29125312043144],[5.677616642529969,59.29120082203435],[5.6774277563838105,59.291118296312824],[5.67729152613154,59.29101211250514],[5.677218795399198,59.290890723019466],[5.67721535292621,59.29076379056689],[5.677281471977367,59.29064141897601],[5.677411888826875,59.29053334892641],[5.677596221953566,59.290448182621525],[5.677819798516041,59.29039269910707],[5.6780648222873,59.29037131471897],[5.678311790088547,59.290385731590355],[5.678541044019622,59.29043480218187],[5.678734335997913,59.29051462061211],[5.67887628014026,59.29061883352286],[5.678955577429839,59.29073914574753],[5.678965915199999,59.29086598054978],[5.6789064698104985,59.290989241895424],[5.678781972444493,59.29109911809164],[5.678602332715382,59.29118686282577],[5.678381849979242,59.29124549142404],[5.678138075095568,59.29127033689182],[5.678089245717243,59.29127102840675]]]},"id":"2_151","properties":{"object_type":"radial","radius_m":50,"validation_id":"radial_156"}},{"type":"Feature","geometry":{"type":"Polygon","coordinates":[[[5.678078516881185,59.290460125399555],[5.677832426143487,59.290442217424264],[5.677605924954742,59.29038991902716],[5.677417043309168,59.290307393305696],[5.677280816302797,59.29020120949803],[5.677208087303315,59.29007982001236],[5.677204644912247,59.28995288755979],[5.6772707623879,59.28983051596888],[5.677401176129935,59.289722445919274],[5.677585504864553,59.289637279614375],[5.677809076099961,59.289581796099895],[5.678054094033166,59.28956041171177],[5.678301055950043,59.28957482858316],[5.678530304418784,59.2896238991747],[5.6787235917915515,59.289703717604965],[5.678865532551776,59.28980793051575],[5.678944827951866,59.28992824274044],[5.678955165475604,59.29005507754269],[5.678895721502409,59.29017833888831],[5.678771227102734,59.290288215084495],[5.678591591653882,59.290375959818604],[5.6783711141712185,59.290434588416865],[5.678127345096037,59.29045943388463],[5.678078516881185,59.290460125399555]]]},"id":"2_152","properties":{"object_type":"radial","radius_m":50,"validation_id":"radial_157"}},{"type":"Feature","geometry":{"type":"Polygon","coordinates":[[[5.676458462636189,59.291292944436066],[5.676212365876191,59.29127503646077],[5.675985859144565,59.29122273806367],[5.675796972876767,59.29114021234214],[5.675660742536766,59.29103402853447],[5.67558801175759,59.290912639048784],[5.675584569282389,59.29078570659622],[5.675650688376126,59.29066333500532],[5.675781105309623,59.29055526495572],[5.67596543855502,59.29047009865086],[5.676189015261473,59.2904146151364],[5.67643403919052,59.29039323074829],[5.6766810071508065,59.29040764761968],[5.676910261229514,59.290456718211175],[5.677103553332279,59.290536536641426],[5.677245497566038,59.2906407495522],[5.677324794906685,59.29076106177685],[5.677335132683505,59.290887896579115],[5.677275687255726,59.29101115792475],[5.677151189809546,59.29112103412096],[5.676971549964753,59.291208778855086],[5.676751067086622,59.29126740745337],[5.67650729204596,59.29129225292114],[5.676458462636189,59.291292944436066]]]},"id":"2_153","properties":{"object_type":"radial","radius_m":50,"validation_id":"radial_158"}},{"type":"Feature","geometry":{"type":"Polygon","coordinates":[[[5.676447733800127,59.29046012539954],[5.676201643062429,59.29044221742425],[5.675975141873685,59.29038991902716],[5.6757862602281115,59.29030739330568],[5.67565003322174,59.29020120949803],[5.675577304222258,59.290079820012345],[5.675573861831189,59.28995288755978],[5.675639979306843,59.28983051596888],[5.675770393048879,59.28972244591926],[5.675954721783496,59.28963727961436],[5.676178293018905,59.289581796099895],[5.676423310952109,59.28956041171177],[5.676670272868986,59.28957482858316],[5.676899521337727,59.28962389917469],[5.677092808710496,59.28970371760495],[5.6772347494707205,59.289807930515735],[5.677314044870808,59.289928242740416],[5.677324382394546,59.290055077542675],[5.677264938421351,59.29017833888831],[5.677140444021676,59.290288215084495],[5.676960808572828,59.290375959818604],[5.676740331090162,59.29043458841685],[5.676496562014979,59.290459433884614],[5.676447733800127,59.29046012539954]]]},"id":"2_154","properties":{"object_type":"radial","radius_m":50,"validation_id":"radial_159"}}]}