system:index,all_prototypes,aoi_crs,aoi_size_km,development_aoi_overlap_count,development_sampling_crs,development_year,evaluation_aef_dataset_versions,evaluation_aef_model_versions,evaluation_aef_processing_versions,evaluation_aef_utm_zones,evaluation_design,evaluation_year,feature,importance,land_water_mask,method,method_code,minimum_connected_pixels,object_overlap_definition,pixel_counting,region,rf_bag_fraction,rf_min_leaf_population,rf_number_of_trees,rf_seed,rf_variables_per_split,scale_m,selected_prototypes,similarity_definition,.geo
1_1_1_1_1_0,proto_1;proto_2;proto_3;proto_4;proto_5,EPSG:32632,30,0,EPSG:32632,2024,1.1,2.1,1.02,31N|32N,spatiotemporally held-out,2025,A00,37.850902741966664,ESA WorldCover 2021 class 80,Raw64 / Standard Random Forest,Raw64,5,predicted positive AND individual object truth / individual object truth,unweighted 10 m pixel counts,Norway,0.7,5,150,123,8,10,proto_1;proto_3;proto_4,true cosine similarity,"{""type"":""MultiPoint"",""coordinates"":[]}"
1_1_1_1_1_1,proto_1;proto_2;proto_3;proto_4;proto_5,EPSG:32632,30,0,EPSG:32632,2024,1.1,2.1,1.02,31N|32N,spatiotemporally held-out,2025,A01,27.66161839281718,ESA WorldCover 2021 class 80,Raw64 / Standard Random Forest,Raw64,5,predicted positive AND individual object truth / individual object truth,unweighted 10 m pixel counts,Norway,0.7,5,150,123,8,10,proto_1;proto_3;proto_4,true cosine similarity,"{""type"":""MultiPoint"",""coordinates"":[]}"
1_1_1_1_1_2,proto_1;proto_2;proto_3;proto_4;proto_5,EPSG:32632,30,0,EPSG:32632,2024,1.1,2.1,1.02,31N|32N,spatiotemporally held-out,2025,A02,33.68146167549262,ESA WorldCover 2021 class 80,Raw64 / Standard Random Forest,Raw64,5,predicted positive AND individual object truth / individual object truth,unweighted 10 m pixel counts,Norway,0.7,5,150,123,8,10,proto_1;proto_3;proto_4,true cosine similarity,"{""type"":""MultiPoint"",""coordinates"":[]}"
1_1_1_1_1_3,proto_1;proto_2;proto_3;proto_4;proto_5,EPSG:32632,30,0,EPSG:32632,2024,1.1,2.1,1.02,31N|32N,spatiotemporally held-out,2025,A03,16.522190136821024,ESA WorldCover 2021 class 80,Raw64 / Standard Random Forest,Raw64,5,predicted positive AND individual object truth / individual object truth,unweighted 10 m pixel counts,Norway,0.7,5,150,123,8,10,proto_1;proto_3;proto_4,true cosine similarity,"{""type"":""MultiPoint"",""coordinates"":[]}"
1_1_1_1_1_4,proto_1;proto_2;proto_3;proto_4;proto_5,EPSG:32632,30,0,EPSG:32632,2024,1.1,2.1,1.02,31N|32N,spatiotemporally held-out,2025,A04,11.963046084563464,ESA WorldCover 2021 class 80,Raw64 / Standard Random Forest,Raw64,5,predicted positive AND individual object truth / individual object truth,unweighted 10 m pixel counts,Norway,0.7,5,150,123,8,10,proto_1;proto_3;proto_4,true cosine similarity,"{""type"":""MultiPoint"",""coordinates"":[]}"
1_1_1_1_1_5,proto_1;proto_2;proto_3;proto_4;proto_5,EPSG:32632,30,0,EPSG:32632,2024,1.1,2.1,1.02,31N|32N,spatiotemporally held-out,2025,A05,33.77312283962012,ESA WorldCover 2021 class 80,Raw64 / Standard Random Forest,Raw64,5,predicted positive AND individual object truth / individual object truth,unweighted 10 m pixel counts,Norway,0.7,5,150,123,8,10,proto_1;proto_3;proto_4,true cosine similarity,"{""type"":""MultiPoint"",""coordinates"":[]}"
1_1_1_1_1_6,proto_1;proto_2;proto_3;proto_4;proto_5,EPSG:32632,30,0,EPSG:32632,2024,1.1,2.1,1.02,31N|32N,spatiotemporally held-out,2025,A06,22.124045223567407,ESA WorldCover 2021 class 80,Raw64 / Standard Random Forest,Raw64,5,predicted positive AND individual object truth / individual object truth,unweighted 10 m pixel counts,Norway,0.7,5,150,123,8,10,proto_1;proto_3;proto_4,true cosine similarity,"{""type"":""MultiPoint"",""coordinates"":[]}"
1_1_1_1_1_7,proto_1;proto_2;proto_3;proto_4;proto_5,EPSG:32632,30,0,EPSG:32632,2024,1.1,2.1,1.02,31N|32N,spatiotemporally held-out,2025,A07,16.866400519736036,ESA WorldCover 2021 class 80,Raw64 / Standard Random Forest,Raw64,5,predicted positive AND individual object truth / individual object truth,unweighted 10 m pixel counts,Norway,0.7,5,150,123,8,10,proto_1;proto_3;proto_4,true cosine similarity,"{""type"":""MultiPoint"",""coordinates"":[]}"
1_1_1_1_1_8,proto_1;proto_2;proto_3;proto_4;proto_5,EPSG:32632,30,0,EPSG:32632,2024,1.1,2.1,1.02,31N|32N,spatiotemporally held-out,2025,A08,18.53888332852132,ESA WorldCover 2021 class 80,Raw64 / Standard Random Forest,Raw64,5,predicted positive AND individual object truth / individual object truth,unweighted 10 m pixel counts,Norway,0.7,5,150,123,8,10,proto_1;proto_3;proto_4,true cosine similarity,"{""type"":""MultiPoint"",""coordinates"":[]}"
1_1_1_1_1_9,proto_1;proto_2;proto_3;proto_4;proto_5,EPSG:32632,30,0,EPSG:32632,2024,1.1,2.1,1.02,31N|32N,spatiotemporally held-out,2025,A09,8.47146755997859,ESA WorldCover 2021 class 80,Raw64 / Standard Random Forest,Raw64,5,predicted positive AND individual object truth / individual object truth,unweighted 10 m pixel counts,Norway,0.7,5,150,123,8,10,proto_1;proto_3;proto_4,true cosine similarity,"{""type"":""MultiPoint"",""coordinates"":[]}"
1_1_1_1_1_10,proto_1;proto_2;proto_3;proto_4;proto_5,EPSG:32632,30,0,EPSG:32632,2024,1.1,2.1,1.02,31N|32N,spatiotemporally held-out,2025,A10,19.1645215586585,ESA WorldCover 2021 class 80,Raw64 / Standard Random Forest,Raw64,5,predicted positive AND individual object truth / individual object truth,unweighted 10 m pixel counts,Norway,0.7,5,150,123,8,10,proto_1;proto_3;proto_4,true cosine similarity,"{""type"":""MultiPoint"",""coordinates"":[]}"
1_1_1_1_1_11,proto_1;proto_2;proto_3;proto_4;proto_5,EPSG:32632,30,0,EPSG:32632,2024,1.1,2.1,1.02,31N|32N,spatiotemporally held-out,2025,A11,17.77636734521428,ESA WorldCover 2021 class 80,Raw64 / Standard Random Forest,Raw64,5,predicted positive AND individual object truth / individual object truth,unweighted 10 m pixel counts,Norway,0.7,5,150,123,8,10,proto_1;proto_3;proto_4,true cosine similarity,"{""type"":""MultiPoint"",""coordinates"":[]}"
1_1_1_1_1_12,proto_1;proto_2;proto_3;proto_4;proto_5,EPSG:32632,30,0,EPSG:32632,2024,1.1,2.1,1.02,31N|32N,spatiotemporally held-out,2025,A12,25.47043217693362,ESA WorldCover 2021 class 80,Raw64 / Standard Random Forest,Raw64,5,predicted positive AND individual object truth / individual object truth,unweighted 10 m pixel counts,Norway,0.7,5,150,123,8,10,proto_1;proto_3;proto_4,true cosine similarity,"{""type"":""MultiPoint"",""coordinates"":[]}"
1_1_1_1_1_13,proto_1;proto_2;proto_3;proto_4;proto_5,EPSG:32632,30,0,EPSG:32632,2024,1.1,2.1,1.02,31N|32N,spatiotemporally held-out,2025,A13,17.768213752715557,ESA WorldCover 2021 class 80,Raw64 / Standard Random Forest,Raw64,5,predicted positive AND individual object truth / individual object truth,unweighted 10 m pixel counts,Norway,0.7,5,150,123,8,10,proto_1;proto_3;proto_4,true cosine similarity,"{""type"":""MultiPoint"",""coordinates"":[]}"
1_1_1_1_1_14,proto_1;proto_2;proto_3;proto_4;proto_5,EPSG:32632,30,0,EPSG:32632,2024,1.1,2.1,1.02,31N|32N,spatiotemporally held-out,2025,A14,20.94014003141282,ESA WorldCover 2021 class 80,Raw64 / Standard Random Forest,Raw64,5,predicted positive AND individual object truth / individual object truth,unweighted 10 m pixel counts,Norway,0.7,5,150,123,8,10,proto_1;proto_3;proto_4,true cosine similarity,"{""type"":""MultiPoint"",""coordinates"":[]}"
1_1_1_1_1_15,proto_1;proto_2;proto_3;proto_4;proto_5,EPSG:32632,30,0,EPSG:32632,2024,1.1,2.1,1.02,31N|32N,spatiotemporally held-out,2025,A15,25.144612114768588,ESA WorldCover 2021 class 80,Raw64 / Standard Random Forest,Raw64,5,predicted positive AND individual object truth / individual object truth,unweighted 10 m pixel counts,Norway,0.7,5,150,123,8,10,proto_1;proto_3;proto_4,true cosine similarity,"{""type"":""MultiPoint"",""coordinates"":[]}"
1_1_1_1_1_16,proto_1;proto_2;proto_3;proto_4;proto_5,EPSG:32632,30,0,EPSG:32632,2024,1.1,2.1,1.02,31N|32N,spatiotemporally held-out,2025,A16,26.21512259442805,ESA WorldCover 2021 class 80,Raw64 / Standard Random Forest,Raw64,5,predicted positive AND individual object truth / individual object truth,unweighted 10 m pixel counts,Norway,0.7,5,150,123,8,10,proto_1;proto_3;proto_4,true cosine similarity,"{""type"":""MultiPoint"",""coordinates"":[]}"
1_1_1_1_1_17,proto_1;proto_2;proto_3;proto_4;proto_5,EPSG:32632,30,0,EPSG:32632,2024,1.1,2.1,1.02,31N|32N,spatiotemporally held-out,2025,A17,17.553554143877555,ESA WorldCover 2021 class 80,Raw64 / Standard Random Forest,Raw64,5,predicted positive AND individual object truth / individual object truth,unweighted 10 m pixel counts,Norway,0.7,5,150,123,8,10,proto_1;proto_3;proto_4,true cosine similarity,"{""type"":""MultiPoint"",""coordinates"":[]}"
1_1_1_1_1_18,proto_1;proto_2;proto_3;proto_4;proto_5,EPSG:32632,30,0,EPSG:32632,2024,1.1,2.1,1.02,31N|32N,spatiotemporally held-out,2025,A18,19.38660581485693,ESA WorldCover 2021 class 80,Raw64 / Standard Random Forest,Raw64,5,predicted positive AND individual object truth / individual object truth,unweighted 10 m pixel counts,Norway,0.7,5,150,123,8,10,proto_1;proto_3;proto_4,true cosine similarity,"{""type"":""MultiPoint"",""coordinates"":[]}"
1_1_1_1_1_19,proto_1;proto_2;proto_3;proto_4;proto_5,EPSG:32632,30,0,EPSG:32632,2024,1.1,2.1,1.02,31N|32N,spatiotemporally held-out,2025,A19,15.487928472949967,ESA WorldCover 2021 class 80,Raw64 / Standard Random Forest,Raw64,5,predicted positive AND individual object truth / individual object truth,unweighted 10 m pixel counts,Norway,0.7,5,150,123,8,10,proto_1;proto_3;proto_4,true cosine similarity,"{""type"":""MultiPoint"",""coordinates"":[]}"
1_1_1_1_1_20,proto_1;proto_2;proto_3;proto_4;proto_5,EPSG:32632,30,0,EPSG:32632,2024,1.1,2.1,1.02,31N|32N,spatiotemporally held-out,2025,A20,17.959490118179577,ESA WorldCover 2021 class 80,Raw64 / Standard Random Forest,Raw64,5,predicted positive AND individual object truth / individual object truth,unweighted 10 m pixel counts,Norway,0.7,5,150,123,8,10,proto_1;proto_3;proto_4,true cosine similarity,"{""type"":""MultiPoint"",""coordinates"":[]}"
1_1_1_1_1_21,proto_1;proto_2;proto_3;proto_4;proto_5,EPSG:32632,30,0,EPSG:32632,2024,1.1,2.1,1.02,31N|32N,spatiotemporally held-out,2025,A21,23.949838270036096,ESA WorldCover 2021 class 80,Raw64 / Standard Random Forest,Raw64,5,predicted positive AND individual object truth / individual object truth,unweighted 10 m pixel counts,Norway,0.7,5,150,123,8,10,proto_1;proto_3;proto_4,true cosine similarity,"{""type"":""MultiPoint"",""coordinates"":[]}"
1_1_1_1_1_22,proto_1;proto_2;proto_3;proto_4;proto_5,EPSG:32632,30,0,EPSG:32632,2024,1.1,2.1,1.02,31N|32N,spatiotemporally held-out,2025,A22,16.572248787049443,ESA WorldCover 2021 class 80,Raw64 / Standard Random Forest,Raw64,5,predicted positive AND individual object truth / individual object truth,unweighted 10 m pixel counts,Norway,0.7,5,150,123,8,10,proto_1;proto_3;proto_4,true cosine similarity,"{""type"":""MultiPoint"",""coordinates"":[]}"
1_1_1_1_1_23,proto_1;proto_2;proto_3;proto_4;proto_5,EPSG:32632,30,0,EPSG:32632,2024,1.1,2.1,1.02,31N|32N,spatiotemporally held-out,2025,A23,17.850876188754395,ESA WorldCover 2021 class 80,Raw64 / Standard Random Forest,Raw64,5,predicted positive AND individual object truth / individual object truth,unweighted 10 m pixel counts,Norway,0.7,5,150,123,8,10,proto_1;proto_3;proto_4,true cosine similarity,"{""type"":""MultiPoint"",""coordinates"":[]}"
1_1_1_1_1_24,proto_1;proto_2;proto_3;proto_4;proto_5,EPSG:32632,30,0,EPSG:32632,2024,1.1,2.1,1.02,31N|32N,spatiotemporally held-out,2025,A24,13.912777449228024,ESA WorldCover 2021 class 80,Raw64 / Standard Random Forest,Raw64,5,predicted positive AND individual object truth / individual object truth,unweighted 10 m pixel counts,Norway,0.7,5,150,123,8,10,proto_1;proto_3;proto_4,true cosine similarity,"{""type"":""MultiPoint"",""coordinates"":[]}"
1_1_1_1_1_25,proto_1;proto_2;proto_3;proto_4;proto_5,EPSG:32632,30,0,EPSG:32632,2024,1.1,2.1,1.02,31N|32N,spatiotemporally held-out,2025,A25,18.826407146726613,ESA WorldCover 2021 class 80,Raw64 / Standard Random Forest,Raw64,5,predicted positive AND individual object truth / individual object truth,unweighted 10 m pixel counts,Norway,0.7,5,150,123,8,10,proto_1;proto_3;proto_4,true cosine similarity,"{""type"":""MultiPoint"",""coordinates"":[]}"
1_1_1_1_1_26,proto_1;proto_2;proto_3;proto_4;proto_5,EPSG:32632,30,0,EPSG:32632,2024,1.1,2.1,1.02,31N|32N,spatiotemporally held-out,2025,A26,28.12895039317845,ESA WorldCover 2021 class 80,Raw64 / Standard Random Forest,Raw64,5,predicted positive AND individual object truth / individual object truth,unweighted 10 m pixel counts,Norway,0.7,5,150,123,8,10,proto_1;proto_3;proto_4,true cosine similarity,"{""type"":""MultiPoint"",""coordinates"":[]}"
1_1_1_1_1_27,proto_1;proto_2;proto_3;proto_4;proto_5,EPSG:32632,30,0,EPSG:32632,2024,1.1,2.1,1.02,31N|32N,spatiotemporally held-out,2025,A27,15.883783965429272,ESA WorldCover 2021 class 80,Raw64 / Standard Random Forest,Raw64,5,predicted positive AND individual object truth / individual object truth,unweighted 10 m pixel counts,Norway,0.7,5,150,123,8,10,proto_1;proto_3;proto_4,true cosine similarity,"{""type"":""MultiPoint"",""coordinates"":[]}"
1_1_1_1_1_28,proto_1;proto_2;proto_3;proto_4;proto_5,EPSG:32632,30,0,EPSG:32632,2024,1.1,2.1,1.02,31N|32N,spatiotemporally held-out,2025,A28,19.66817757299265,ESA WorldCover 2021 class 80,Raw64 / Standard Random Forest,Raw64,5,predicted positive AND individual object truth / individual object truth,unweighted 10 m pixel counts,Norway,0.7,5,150,123,8,10,proto_1;proto_3;proto_4,true cosine similarity,"{""type"":""MultiPoint"",""coordinates"":[]}"
1_1_1_1_1_29,proto_1;proto_2;proto_3;proto_4;proto_5,EPSG:32632,30,0,EPSG:32632,2024,1.1,2.1,1.02,31N|32N,spatiotemporally held-out,2025,A29,10.419443059226909,ESA WorldCover 2021 class 80,Raw64 / Standard Random Forest,Raw64,5,predicted positive AND individual object truth / individual object truth,unweighted 10 m pixel counts,Norway,0.7,5,150,123,8,10,proto_1;proto_3;proto_4,true cosine similarity,"{""type"":""MultiPoint"",""coordinates"":[]}"
1_1_1_1_1_30,proto_1;proto_2;proto_3;proto_4;proto_5,EPSG:32632,30,0,EPSG:32632,2024,1.1,2.1,1.02,31N|32N,spatiotemporally held-out,2025,A30,21.56192051305863,ESA WorldCover 2021 class 80,Raw64 / Standard Random Forest,Raw64,5,predicted positive AND individual object truth / individual object truth,unweighted 10 m pixel counts,Norway,0.7,5,150,123,8,10,proto_1;proto_3;proto_4,true cosine similarity,"{""type"":""MultiPoint"",""coordinates"":[]}"
1_1_1_1_1_31,proto_1;proto_2;proto_3;proto_4;proto_5,EPSG:32632,30,0,EPSG:32632,2024,1.1,2.1,1.02,31N|32N,spatiotemporally held-out,2025,A31,18.339344564962694,ESA WorldCover 2021 class 80,Raw64 / Standard Random Forest,Raw64,5,predicted positive AND individual object truth / individual object truth,unweighted 10 m pixel counts,Norway,0.7,5,150,123,8,10,proto_1;proto_3;proto_4,true cosine similarity,"{""type"":""MultiPoint"",""coordinates"":[]}"
1_1_1_1_1_32,proto_1;proto_2;proto_3;proto_4;proto_5,EPSG:32632,30,0,EPSG:32632,2024,1.1,2.1,1.02,31N|32N,spatiotemporally held-out,2025,A32,21.88439467366618,ESA WorldCover 2021 class 80,Raw64 / Standard Random Forest,Raw64,5,predicted positive AND individual object truth / individual object truth,unweighted 10 m pixel counts,Norway,0.7,5,150,123,8,10,proto_1;proto_3;proto_4,true cosine similarity,"{""type"":""MultiPoint"",""coordinates"":[]}"
1_1_1_1_1_33,proto_1;proto_2;proto_3;proto_4;proto_5,EPSG:32632,30,0,EPSG:32632,2024,1.1,2.1,1.02,31N|32N,spatiotemporally held-out,2025,A33,18.626171696854932,ESA WorldCover 2021 class 80,Raw64 / Standard Random Forest,Raw64,5,predicted positive AND individual object truth / individual object truth,unweighted 10 m pixel counts,Norway,0.7,5,150,123,8,10,proto_1;proto_3;proto_4,true cosine similarity,"{""type"":""MultiPoint"",""coordinates"":[]}"
1_1_1_1_1_34,proto_1;proto_2;proto_3;proto_4;proto_5,EPSG:32632,30,0,EPSG:32632,2024,1.1,2.1,1.02,31N|32N,spatiotemporally held-out,2025,A34,18.053392763353088,ESA WorldCover 2021 class 80,Raw64 / Standard Random Forest,Raw64,5,predicted positive AND individual object truth / individual object truth,unweighted 10 m pixel counts,Norway,0.7,5,150,123,8,10,proto_1;proto_3;proto_4,true cosine similarity,"{""type"":""MultiPoint"",""coordinates"":[]}"
1_1_1_1_1_35,proto_1;proto_2;proto_3;proto_4;proto_5,EPSG:32632,30,0,EPSG:32632,2024,1.1,2.1,1.02,31N|32N,spatiotemporally held-out,2025,A35,22.47847320758789,ESA WorldCover 2021 class 80,Raw64 / Standard Random Forest,Raw64,5,predicted positive AND individual object truth / individual object truth,unweighted 10 m pixel counts,Norway,0.7,5,150,123,8,10,proto_1;proto_3;proto_4,true cosine similarity,"{""type"":""MultiPoint"",""coordinates"":[]}"
1_1_1_1_1_36,proto_1;proto_2;proto_3;proto_4;proto_5,EPSG:32632,30,0,EPSG:32632,2024,1.1,2.1,1.02,31N|32N,spatiotemporally held-out,2025,A36,46.447698781048786,ESA WorldCover 2021 class 80,Raw64 / Standard Random Forest,Raw64,5,predicted positive AND individual object truth / individual object truth,unweighted 10 m pixel counts,Norway,0.7,5,150,123,8,10,proto_1;proto_3;proto_4,true cosine similarity,"{""type"":""MultiPoint"",""coordinates"":[]}"
1_1_1_1_1_37,proto_1;proto_2;proto_3;proto_4;proto_5,EPSG:32632,30,0,EPSG:32632,2024,1.1,2.1,1.02,31N|32N,spatiotemporally held-out,2025,A37,22.245572874449344,ESA WorldCover 2021 class 80,Raw64 / Standard Random Forest,Raw64,5,predicted positive AND individual object truth / individual object truth,unweighted 10 m pixel counts,Norway,0.7,5,150,123,8,10,proto_1;proto_3;proto_4,true cosine similarity,"{""type"":""MultiPoint"",""coordinates"":[]}"
1_1_1_1_1_38,proto_1;proto_2;proto_3;proto_4;proto_5,EPSG:32632,30,0,EPSG:32632,2024,1.1,2.1,1.02,31N|32N,spatiotemporally held-out,2025,A38,23.20733447342057,ESA WorldCover 2021 class 80,Raw64 / Standard Random Forest,Raw64,5,predicted positive AND individual object truth / individual object truth,unweighted 10 m pixel counts,Norway,0.7,5,150,123,8,10,proto_1;proto_3;proto_4,true cosine similarity,"{""type"":""MultiPoint"",""coordinates"":[]}"
1_1_1_1_1_39,proto_1;proto_2;proto_3;proto_4;proto_5,EPSG:32632,30,0,EPSG:32632,2024,1.1,2.1,1.02,31N|32N,spatiotemporally held-out,2025,A39,13.602019864901116,ESA WorldCover 2021 class 80,Raw64 / Standard Random Forest,Raw64,5,predicted positive AND individual object truth / individual object truth,unweighted 10 m pixel counts,Norway,0.7,5,150,123,8,10,proto_1;proto_3;proto_4,true cosine similarity,"{""type"":""MultiPoint"",""coordinates"":[]}"
1_1_1_1_1_40,proto_1;proto_2;proto_3;proto_4;proto_5,EPSG:32632,30,0,EPSG:32632,2024,1.1,2.1,1.02,31N|32N,spatiotemporally held-out,2025,A40,15.646659308070753,ESA WorldCover 2021 class 80,Raw64 / Standard Random Forest,Raw64,5,predicted positive AND individual object truth / individual object truth,unweighted 10 m pixel counts,Norway,0.7,5,150,123,8,10,proto_1;proto_3;proto_4,true cosine similarity,"{""type"":""MultiPoint"",""coordinates"":[]}"
1_1_1_1_1_41,proto_1;proto_2;proto_3;proto_4;proto_5,EPSG:32632,30,0,EPSG:32632,2024,1.1,2.1,1.02,31N|32N,spatiotemporally held-out,2025,A41,20.80230859451892,ESA WorldCover 2021 class 80,Raw64 / Standard Random Forest,Raw64,5,predicted positive AND individual object truth / individual object truth,unweighted 10 m pixel counts,Norway,0.7,5,150,123,8,10,proto_1;proto_3;proto_4,true cosine similarity,"{""type"":""MultiPoint"",""coordinates"":[]}"
1_1_1_1_1_42,proto_1;proto_2;proto_3;proto_4;proto_5,EPSG:32632,30,0,EPSG:32632,2024,1.1,2.1,1.02,31N|32N,spatiotemporally held-out,2025,A42,17.46588265493616,ESA WorldCover 2021 class 80,Raw64 / Standard Random Forest,Raw64,5,predicted positive AND individual object truth / individual object truth,unweighted 10 m pixel counts,Norway,0.7,5,150,123,8,10,proto_1;proto_3;proto_4,true cosine similarity,"{""type"":""MultiPoint"",""coordinates"":[]}"
1_1_1_1_1_43,proto_1;proto_2;proto_3;proto_4;proto_5,EPSG:32632,30,0,EPSG:32632,2024,1.1,2.1,1.02,31N|32N,spatiotemporally held-out,2025,A43,27.078105438578373,ESA WorldCover 2021 class 80,Raw64 / Standard Random Forest,Raw64,5,predicted positive AND individual object truth / individual object truth,unweighted 10 m pixel counts,Norway,0.7,5,150,123,8,10,proto_1;proto_3;proto_4,true cosine similarity,"{""type"":""MultiPoint"",""coordinates"":[]}"
1_1_1_1_1_44,proto_1;proto_2;proto_3;proto_4;proto_5,EPSG:32632,30,0,EPSG:32632,2024,1.1,2.1,1.02,31N|32N,spatiotemporally held-out,2025,A44,32.44853011860623,ESA WorldCover 2021 class 80,Raw64 / Standard Random Forest,Raw64,5,predicted positive AND individual object truth / individual object truth,unweighted 10 m pixel counts,Norway,0.7,5,150,123,8,10,proto_1;proto_3;proto_4,true cosine similarity,"{""type"":""MultiPoint"",""coordinates"":[]}"
1_1_1_1_1_45,proto_1;proto_2;proto_3;proto_4;proto_5,EPSG:32632,30,0,EPSG:32632,2024,1.1,2.1,1.02,31N|32N,spatiotemporally held-out,2025,A45,16.264220202791776,ESA WorldCover 2021 class 80,Raw64 / Standard Random Forest,Raw64,5,predicted positive AND individual object truth / individual object truth,unweighted 10 m pixel counts,Norway,0.7,5,150,123,8,10,proto_1;proto_3;proto_4,true cosine similarity,"{""type"":""MultiPoint"",""coordinates"":[]}"
1_1_1_1_1_46,proto_1;proto_2;proto_3;proto_4;proto_5,EPSG:32632,30,0,EPSG:32632,2024,1.1,2.1,1.02,31N|32N,spatiotemporally held-out,2025,A46,21.025952521175846,ESA WorldCover 2021 class 80,Raw64 / Standard Random Forest,Raw64,5,predicted positive AND individual object truth / individual object truth,unweighted 10 m pixel counts,Norway,0.7,5,150,123,8,10,proto_1;proto_3;proto_4,true cosine similarity,"{""type"":""MultiPoint"",""coordinates"":[]}"
1_1_1_1_1_47,proto_1;proto_2;proto_3;proto_4;proto_5,EPSG:32632,30,0,EPSG:32632,2024,1.1,2.1,1.02,31N|32N,spatiotemporally held-out,2025,A47,27.382378418871674,ESA WorldCover 2021 class 80,Raw64 / Standard Random Forest,Raw64,5,predicted positive AND individual object truth / individual object truth,unweighted 10 m pixel counts,Norway,0.7,5,150,123,8,10,proto_1;proto_3;proto_4,true cosine similarity,"{""type"":""MultiPoint"",""coordinates"":[]}"
1_1_1_1_1_48,proto_1;proto_2;proto_3;proto_4;proto_5,EPSG:32632,30,0,EPSG:32632,2024,1.1,2.1,1.02,31N|32N,spatiotemporally held-out,2025,A48,25.683942437574053,ESA WorldCover 2021 class 80,Raw64 / Standard Random Forest,Raw64,5,predicted positive AND individual object truth / individual object truth,unweighted 10 m pixel counts,Norway,0.7,5,150,123,8,10,proto_1;proto_3;proto_4,true cosine similarity,"{""type"":""MultiPoint"",""coordinates"":[]}"
1_1_1_1_1_49,proto_1;proto_2;proto_3;proto_4;proto_5,EPSG:32632,30,0,EPSG:32632,2024,1.1,2.1,1.02,31N|32N,spatiotemporally held-out,2025,A49,16.90780246212086,ESA WorldCover 2021 class 80,Raw64 / Standard Random Forest,Raw64,5,predicted positive AND individual object truth / individual object truth,unweighted 10 m pixel counts,Norway,0.7,5,150,123,8,10,proto_1;proto_3;proto_4,true cosine similarity,"{""type"":""MultiPoint"",""coordinates"":[]}"
1_1_1_1_1_50,proto_1;proto_2;proto_3;proto_4;proto_5,EPSG:32632,30,0,EPSG:32632,2024,1.1,2.1,1.02,31N|32N,spatiotemporally held-out,2025,A50,34.94133733853654,ESA WorldCover 2021 class 80,Raw64 / Standard Random Forest,Raw64,5,predicted positive AND individual object truth / individual object truth,unweighted 10 m pixel counts,Norway,0.7,5,150,123,8,10,proto_1;proto_3;proto_4,true cosine similarity,"{""type"":""MultiPoint"",""coordinates"":[]}"
1_1_1_1_1_51,proto_1;proto_2;proto_3;proto_4;proto_5,EPSG:32632,30,0,EPSG:32632,2024,1.1,2.1,1.02,31N|32N,spatiotemporally held-out,2025,A51,12.892123986307258,ESA WorldCover 2021 class 80,Raw64 / Standard Random Forest,Raw64,5,predicted positive AND individual object truth / individual object truth,unweighted 10 m pixel counts,Norway,0.7,5,150,123,8,10,proto_1;proto_3;proto_4,true cosine similarity,"{""type"":""MultiPoint"",""coordinates"":[]}"
1_1_1_1_1_52,proto_1;proto_2;proto_3;proto_4;proto_5,EPSG:32632,30,0,EPSG:32632,2024,1.1,2.1,1.02,31N|32N,spatiotemporally held-out,2025,A52,33.194123955576096,ESA WorldCover 2021 class 80,Raw64 / Standard Random Forest,Raw64,5,predicted positive AND individual object truth / individual object truth,unweighted 10 m pixel counts,Norway,0.7,5,150,123,8,10,proto_1;proto_3;proto_4,true cosine similarity,"{""type"":""MultiPoint"",""coordinates"":[]}"
1_1_1_1_1_53,proto_1;proto_2;proto_3;proto_4;proto_5,EPSG:32632,30,0,EPSG:32632,2024,1.1,2.1,1.02,31N|32N,spatiotemporally held-out,2025,A53,15.01384928987243,ESA WorldCover 2021 class 80,Raw64 / Standard Random Forest,Raw64,5,predicted positive AND individual object truth / individual object truth,unweighted 10 m pixel counts,Norway,0.7,5,150,123,8,10,proto_1;proto_3;proto_4,true cosine similarity,"{""type"":""MultiPoint"",""coordinates"":[]}"
1_1_1_1_1_54,proto_1;proto_2;proto_3;proto_4;proto_5,EPSG:32632,30,0,EPSG:32632,2024,1.1,2.1,1.02,31N|32N,spatiotemporally held-out,2025,A54,20.572105315941027,ESA WorldCover 2021 class 80,Raw64 / Standard Random Forest,Raw64,5,predicted positive AND individual object truth / individual object truth,unweighted 10 m pixel counts,Norway,0.7,5,150,123,8,10,proto_1;proto_3;proto_4,true cosine similarity,"{""type"":""MultiPoint"",""coordinates"":[]}"
1_1_1_1_1_55,proto_1;proto_2;proto_3;proto_4;proto_5,EPSG:32632,30,0,EPSG:32632,2024,1.1,2.1,1.02,31N|32N,spatiotemporally held-out,2025,A55,35.60524427770869,ESA WorldCover 2021 class 80,Raw64 / Standard Random Forest,Raw64,5,predicted positive AND individual object truth / individual object truth,unweighted 10 m pixel counts,Norway,0.7,5,150,123,8,10,proto_1;proto_3;proto_4,true cosine similarity,"{""type"":""MultiPoint"",""coordinates"":[]}"
1_1_1_1_1_56,proto_1;proto_2;proto_3;proto_4;proto_5,EPSG:32632,30,0,EPSG:32632,2024,1.1,2.1,1.02,31N|32N,spatiotemporally held-out,2025,A56,18.62552203917695,ESA WorldCover 2021 class 80,Raw64 / Standard Random Forest,Raw64,5,predicted positive AND individual object truth / individual object truth,unweighted 10 m pixel counts,Norway,0.7,5,150,123,8,10,proto_1;proto_3;proto_4,true cosine similarity,"{""type"":""MultiPoint"",""coordinates"":[]}"
1_1_1_1_1_57,proto_1;proto_2;proto_3;proto_4;proto_5,EPSG:32632,30,0,EPSG:32632,2024,1.1,2.1,1.02,31N|32N,spatiotemporally held-out,2025,A57,28.327023682639,ESA WorldCover 2021 class 80,Raw64 / Standard Random Forest,Raw64,5,predicted positive AND individual object truth / individual object truth,unweighted 10 m pixel counts,Norway,0.7,5,150,123,8,10,proto_1;proto_3;proto_4,true cosine similarity,"{""type"":""MultiPoint"",""coordinates"":[]}"
1_1_1_1_1_58,proto_1;proto_2;proto_3;proto_4;proto_5,EPSG:32632,30,0,EPSG:32632,2024,1.1,2.1,1.02,31N|32N,spatiotemporally held-out,2025,A58,20.91126193371887,ESA WorldCover 2021 class 80,Raw64 / Standard Random Forest,Raw64,5,predicted positive AND individual object truth / individual object truth,unweighted 10 m pixel counts,Norway,0.7,5,150,123,8,10,proto_1;proto_3;proto_4,true cosine similarity,"{""type"":""MultiPoint"",""coordinates"":[]}"
1_1_1_1_1_59,proto_1;proto_2;proto_3;proto_4;proto_5,EPSG:32632,30,0,EPSG:32632,2024,1.1,2.1,1.02,31N|32N,spatiotemporally held-out,2025,A59,35.15634329149415,ESA WorldCover 2021 class 80,Raw64 / Standard Random Forest,Raw64,5,predicted positive AND individual object truth / individual object truth,unweighted 10 m pixel counts,Norway,0.7,5,150,123,8,10,proto_1;proto_3;proto_4,true cosine similarity,"{""type"":""MultiPoint"",""coordinates"":[]}"
1_1_1_1_1_60,proto_1;proto_2;proto_3;proto_4;proto_5,EPSG:32632,30,0,EPSG:32632,2024,1.1,2.1,1.02,31N|32N,spatiotemporally held-out,2025,A60,19.99177273665185,ESA WorldCover 2021 class 80,Raw64 / Standard Random Forest,Raw64,5,predicted positive AND individual object truth / individual object truth,unweighted 10 m pixel counts,Norway,0.7,5,150,123,8,10,proto_1;proto_3;proto_4,true cosine similarity,"{""type"":""MultiPoint"",""coordinates"":[]}"
1_1_1_1_1_61,proto_1;proto_2;proto_3;proto_4;proto_5,EPSG:32632,30,0,EPSG:32632,2024,1.1,2.1,1.02,31N|32N,spatiotemporally held-out,2025,A61,27.68853334612646,ESA WorldCover 2021 class 80,Raw64 / Standard Random Forest,Raw64,5,predicted positive AND individual object truth / individual object truth,unweighted 10 m pixel counts,Norway,0.7,5,150,123,8,10,proto_1;proto_3;proto_4,true cosine similarity,"{""type"":""MultiPoint"",""coordinates"":[]}"
1_1_1_1_1_62,proto_1;proto_2;proto_3;proto_4;proto_5,EPSG:32632,30,0,EPSG:32632,2024,1.1,2.1,1.02,31N|32N,spatiotemporally held-out,2025,A62,28.580172360429543,ESA WorldCover 2021 class 80,Raw64 / Standard Random Forest,Raw64,5,predicted positive AND individual object truth / individual object truth,unweighted 10 m pixel counts,Norway,0.7,5,150,123,8,10,proto_1;proto_3;proto_4,true cosine similarity,"{""type"":""MultiPoint"",""coordinates"":[]}"
1_1_1_1_1_63,proto_1;proto_2;proto_3;proto_4;proto_5,EPSG:32632,30,0,EPSG:32632,2024,1.1,2.1,1.02,31N|32N,spatiotemporally held-out,2025,A63,15.251143107298176,ESA WorldCover 2021 class 80,Raw64 / Standard Random Forest,Raw64,5,predicted positive AND individual object truth / individual object truth,unweighted 10 m pixel counts,Norway,0.7,5,150,123,8,10,proto_1;proto_3;proto_4,true cosine similarity,"{""type"":""MultiPoint"",""coordinates"":[]}"
1_1_1_1_2_0,proto_1;proto_2;proto_3;proto_4;proto_5,EPSG:32632,30,0,EPSG:32632,2024,1.1,2.1,1.02,31N|32N,spatiotemporally held-out,2025,A00,31.548067381322138,ESA WorldCover 2021 class 80,Raw64 + class similarities,Raw64_ClassSimilarity,5,predicted positive AND individual object truth / individual object truth,unweighted 10 m pixel counts,Norway,0.7,5,150,123,8,10,proto_1;proto_3;proto_4,true cosine similarity,"{""type"":""MultiPoint"",""coordinates"":[]}"
1_1_1_1_2_1,proto_1;proto_2;proto_3;proto_4;proto_5,EPSG:32632,30,0,EPSG:32632,2024,1.1,2.1,1.02,31N|32N,spatiotemporally held-out,2025,A01,18.2616172192838,ESA WorldCover 2021 class 80,Raw64 + class similarities,Raw64_ClassSimilarity,5,predicted positive AND individual object truth / individual object truth,unweighted 10 m pixel counts,Norway,0.7,5,150,123,8,10,proto_1;proto_3;proto_4,true cosine similarity,"{""type"":""MultiPoint"",""coordinates"":[]}"
1_1_1_1_2_2,proto_1;proto_2;proto_3;proto_4;proto_5,EPSG:32632,30,0,EPSG:32632,2024,1.1,2.1,1.02,31N|32N,spatiotemporally held-out,2025,A02,29.253687777659582,ESA WorldCover 2021 class 80,Raw64 + class similarities,Raw64_ClassSimilarity,5,predicted positive AND individual object truth / individual object truth,unweighted 10 m pixel counts,Norway,0.7,5,150,123,8,10,proto_1;proto_3;proto_4,true cosine similarity,"{""type"":""MultiPoint"",""coordinates"":[]}"
1_1_1_1_2_3,proto_1;proto_2;proto_3;proto_4;proto_5,EPSG:32632,30,0,EPSG:32632,2024,1.1,2.1,1.02,31N|32N,spatiotemporally held-out,2025,A03,12.005856298624982,ESA WorldCover 2021 class 80,Raw64 + class similarities,Raw64_ClassSimilarity,5,predicted positive AND individual object truth / individual object truth,unweighted 10 m pixel counts,Norway,0.7,5,150,123,8,10,proto_1;proto_3;proto_4,true cosine similarity,"{""type"":""MultiPoint"",""coordinates"":[]}"
1_1_1_1_2_4,proto_1;proto_2;proto_3;proto_4;proto_5,EPSG:32632,30,0,EPSG:32632,2024,1.1,2.1,1.02,31N|32N,spatiotemporally held-out,2025,A04,17.174007782140478,ESA WorldCover 2021 class 80,Raw64 + class similarities,Raw64_ClassSimilarity,5,predicted positive AND individual object truth / individual object truth,unweighted 10 m pixel counts,Norway,0.7,5,150,123,8,10,proto_1;proto_3;proto_4,true cosine similarity,"{""type"":""MultiPoint"",""coordinates"":[]}"
1_1_1_1_2_5,proto_1;proto_2;proto_3;proto_4;proto_5,EPSG:32632,30,0,EPSG:32632,2024,1.1,2.1,1.02,31N|32N,spatiotemporally held-out,2025,A05,31.72652636050385,ESA WorldCover 2021 class 80,Raw64 + class similarities,Raw64_ClassSimilarity,5,predicted positive AND individual object truth / individual object truth,unweighted 10 m pixel counts,Norway,0.7,5,150,123,8,10,proto_1;proto_3;proto_4,true cosine similarity,"{""type"":""MultiPoint"",""coordinates"":[]}"
1_1_1_1_2_6,proto_1;proto_2;proto_3;proto_4;proto_5,EPSG:32632,30,0,EPSG:32632,2024,1.1,2.1,1.02,31N|32N,spatiotemporally held-out,2025,A06,14.835747113316307,ESA WorldCover 2021 class 80,Raw64 + class similarities,Raw64_ClassSimilarity,5,predicted positive AND individual object truth / individual object truth,unweighted 10 m pixel counts,Norway,0.7,5,150,123,8,10,proto_1;proto_3;proto_4,true cosine similarity,"{""type"":""MultiPoint"",""coordinates"":[]}"
1_1_1_1_2_7,proto_1;proto_2;proto_3;proto_4;proto_5,EPSG:32632,30,0,EPSG:32632,2024,1.1,2.1,1.02,31N|32N,spatiotemporally held-out,2025,A07,19.517095871068125,ESA WorldCover 2021 class 80,Raw64 + class similarities,Raw64_ClassSimilarity,5,predicted positive AND individual object truth / individual object truth,unweighted 10 m pixel counts,Norway,0.7,5,150,123,8,10,proto_1;proto_3;proto_4,true cosine similarity,"{""type"":""MultiPoint"",""coordinates"":[]}"
1_1_1_1_2_8,proto_1;proto_2;proto_3;proto_4;proto_5,EPSG:32632,30,0,EPSG:32632,2024,1.1,2.1,1.02,31N|32N,spatiotemporally held-out,2025,A08,17.988474777449674,ESA WorldCover 2021 class 80,Raw64 + class similarities,Raw64_ClassSimilarity,5,predicted positive AND individual object truth / individual object truth,unweighted 10 m pixel counts,Norway,0.7,5,150,123,8,10,proto_1;proto_3;proto_4,true cosine similarity,"{""type"":""MultiPoint"",""coordinates"":[]}"
1_1_1_1_2_9,proto_1;proto_2;proto_3;proto_4;proto_5,EPSG:32632,30,0,EPSG:32632,2024,1.1,2.1,1.02,31N|32N,spatiotemporally held-out,2025,A09,5.77744145571345,ESA WorldCover 2021 class 80,Raw64 + class similarities,Raw64_ClassSimilarity,5,predicted positive AND individual object truth / individual object truth,unweighted 10 m pixel counts,Norway,0.7,5,150,123,8,10,proto_1;proto_3;proto_4,true cosine similarity,"{""type"":""MultiPoint"",""coordinates"":[]}"
1_1_1_1_2_10,proto_1;proto_2;proto_3;proto_4;proto_5,EPSG:32632,30,0,EPSG:32632,2024,1.1,2.1,1.02,31N|32N,spatiotemporally held-out,2025,A10,12.039166303166185,ESA WorldCover 2021 class 80,Raw64 + class similarities,Raw64_ClassSimilarity,5,predicted positive AND individual object truth / individual object truth,unweighted 10 m pixel counts,Norway,0.7,5,150,123,8,10,proto_1;proto_3;proto_4,true cosine similarity,"{""type"":""MultiPoint"",""coordinates"":[]}"
1_1_1_1_2_11,proto_1;proto_2;proto_3;proto_4;proto_5,EPSG:32632,30,0,EPSG:32632,2024,1.1,2.1,1.02,31N|32N,spatiotemporally held-out,2025,A11,18.255067994222877,ESA WorldCover 2021 class 80,Raw64 + class similarities,Raw64_ClassSimilarity,5,predicted positive AND individual object truth / individual object truth,unweighted 10 m pixel counts,Norway,0.7,5,150,123,8,10,proto_1;proto_3;proto_4,true cosine similarity,"{""type"":""MultiPoint"",""coordinates"":[]}"
1_1_1_1_2_12,proto_1;proto_2;proto_3;proto_4;proto_5,EPSG:32632,30,0,EPSG:32632,2024,1.1,2.1,1.02,31N|32N,spatiotemporally held-out,2025,A12,21.230122065748773,ESA WorldCover 2021 class 80,Raw64 + class similarities,Raw64_ClassSimilarity,5,predicted positive AND individual object truth / individual object truth,unweighted 10 m pixel counts,Norway,0.7,5,150,123,8,10,proto_1;proto_3;proto_4,true cosine similarity,"{""type"":""MultiPoint"",""coordinates"":[]}"
1_1_1_1_2_13,proto_1;proto_2;proto_3;proto_4;proto_5,EPSG:32632,30,0,EPSG:32632,2024,1.1,2.1,1.02,31N|32N,spatiotemporally held-out,2025,A13,15.569532696834772,ESA WorldCover 2021 class 80,Raw64 + class similarities,Raw64_ClassSimilarity,5,predicted positive AND individual object truth / individual object truth,unweighted 10 m pixel counts,Norway,0.7,5,150,123,8,10,proto_1;proto_3;proto_4,true cosine similarity,"{""type"":""MultiPoint"",""coordinates"":[]}"
1_1_1_1_2_14,proto_1;proto_2;proto_3;proto_4;proto_5,EPSG:32632,30,0,EPSG:32632,2024,1.1,2.1,1.02,31N|32N,spatiotemporally held-out,2025,A14,19.922079016570578,ESA WorldCover 2021 class 80,Raw64 + class similarities,Raw64_ClassSimilarity,5,predicted positive AND individual object truth / individual object truth,unweighted 10 m pixel counts,Norway,0.7,5,150,123,8,10,proto_1;proto_3;proto_4,true cosine similarity,"{""type"":""MultiPoint"",""coordinates"":[]}"
1_1_1_1_2_15,proto_1;proto_2;proto_3;proto_4;proto_5,EPSG:32632,30,0,EPSG:32632,2024,1.1,2.1,1.02,31N|32N,spatiotemporally held-out,2025,A15,23.20958304698971,ESA WorldCover 2021 class 80,Raw64 + class similarities,Raw64_ClassSimilarity,5,predicted positive AND individual object truth / individual object truth,unweighted 10 m pixel counts,Norway,0.7,5,150,123,8,10,proto_1;proto_3;proto_4,true cosine similarity,"{""type"":""MultiPoint"",""coordinates"":[]}"
1_1_1_1_2_16,proto_1;proto_2;proto_3;proto_4;proto_5,EPSG:32632,30,0,EPSG:32632,2024,1.1,2.1,1.02,31N|32N,spatiotemporally held-out,2025,A16,22.18925832126814,ESA WorldCover 2021 class 80,Raw64 + class similarities,Raw64_ClassSimilarity,5,predicted positive AND individual object truth / individual object truth,unweighted 10 m pixel counts,Norway,0.7,5,150,123,8,10,proto_1;proto_3;proto_4,true cosine similarity,"{""type"":""MultiPoint"",""coordinates"":[]}"
1_1_1_1_2_17,proto_1;proto_2;proto_3;proto_4;proto_5,EPSG:32632,30,0,EPSG:32632,2024,1.1,2.1,1.02,31N|32N,spatiotemporally held-out,2025,A17,15.182179091903366,ESA WorldCover 2021 class 80,Raw64 + class similarities,Raw64_ClassSimilarity,5,predicted positive AND individual object truth / individual object truth,unweighted 10 m pixel counts,Norway,0.7,5,150,123,8,10,proto_1;proto_3;proto_4,true cosine similarity,"{""type"":""MultiPoint"",""coordinates"":[]}"
1_1_1_1_2_18,proto_1;proto_2;proto_3;proto_4;proto_5,EPSG:32632,30,0,EPSG:32632,2024,1.1,2.1,1.02,31N|32N,spatiotemporally held-out,2025,A18,19.247589720891142,ESA WorldCover 2021 class 80,Raw64 + class similarities,Raw64_ClassSimilarity,5,predicted positive AND individual object truth / individual object truth,unweighted 10 m pixel counts,Norway,0.7,5,150,123,8,10,proto_1;proto_3;proto_4,true cosine similarity,"{""type"":""MultiPoint"",""coordinates"":[]}"
1_1_1_1_2_19,proto_1;proto_2;proto_3;proto_4;proto_5,EPSG:32632,30,0,EPSG:32632,2024,1.1,2.1,1.02,31N|32N,spatiotemporally held-out,2025,A19,14.712562158722658,ESA WorldCover 2021 class 80,Raw64 + class similarities,Raw64_ClassSimilarity,5,predicted positive AND individual object truth / individual object truth,unweighted 10 m pixel counts,Norway,0.7,5,150,123,8,10,proto_1;proto_3;proto_4,true cosine similarity,"{""type"":""MultiPoint"",""coordinates"":[]}"
1_1_1_1_2_20,proto_1;proto_2;proto_3;proto_4;proto_5,EPSG:32632,30,0,EPSG:32632,2024,1.1,2.1,1.02,31N|32N,spatiotemporally held-out,2025,A20,19.909402427306247,ESA WorldCover 2021 class 80,Raw64 + class similarities,Raw64_ClassSimilarity,5,predicted positive AND individual object truth / individual object truth,unweighted 10 m pixel counts,Norway,0.7,5,150,123,8,10,proto_1;proto_3;proto_4,true cosine similarity,"{""type"":""MultiPoint"",""coordinates"":[]}"
1_1_1_1_2_21,proto_1;proto_2;proto_3;proto_4;proto_5,EPSG:32632,30,0,EPSG:32632,2024,1.1,2.1,1.02,31N|32N,spatiotemporally held-out,2025,A21,24.080298304458264,ESA WorldCover 2021 class 80,Raw64 + class similarities,Raw64_ClassSimilarity,5,predicted positive AND individual object truth / individual object truth,unweighted 10 m pixel counts,Norway,0.7,5,150,123,8,10,proto_1;proto_3;proto_4,true cosine similarity,"{""type"":""MultiPoint"",""coordinates"":[]}"
1_1_1_1_2_22,proto_1;proto_2;proto_3;proto_4;proto_5,EPSG:32632,30,0,EPSG:32632,2024,1.1,2.1,1.02,31N|32N,spatiotemporally held-out,2025,A22,17.577402530512583,ESA WorldCover 2021 class 80,Raw64 + class similarities,Raw64_ClassSimilarity,5,predicted positive AND individual object truth / individual object truth,unweighted 10 m pixel counts,Norway,0.7,5,150,123,8,10,proto_1;proto_3;proto_4,true cosine similarity,"{""type"":""MultiPoint"",""coordinates"":[]}"
1_1_1_1_2_23,proto_1;proto_2;proto_3;proto_4;proto_5,EPSG:32632,30,0,EPSG:32632,2024,1.1,2.1,1.02,31N|32N,spatiotemporally held-out,2025,A23,23.3047394322332,ESA WorldCover 2021 class 80,Raw64 + class similarities,Raw64_ClassSimilarity,5,predicted positive AND individual object truth / individual object truth,unweighted 10 m pixel counts,Norway,0.7,5,150,123,8,10,proto_1;proto_3;proto_4,true cosine similarity,"{""type"":""MultiPoint"",""coordinates"":[]}"
1_1_1_1_2_24,proto_1;proto_2;proto_3;proto_4;proto_5,EPSG:32632,30,0,EPSG:32632,2024,1.1,2.1,1.02,31N|32N,spatiotemporally held-out,2025,A24,12.704365689636095,ESA WorldCover 2021 class 80,Raw64 + class similarities,Raw64_ClassSimilarity,5,predicted positive AND individual object truth / individual object truth,unweighted 10 m pixel counts,Norway,0.7,5,150,123,8,10,proto_1;proto_3;proto_4,true cosine similarity,"{""type"":""MultiPoint"",""coordinates"":[]}"
1_1_1_1_2_25,proto_1;proto_2;proto_3;proto_4;proto_5,EPSG:32632,30,0,EPSG:32632,2024,1.1,2.1,1.02,31N|32N,spatiotemporally held-out,2025,A25,13.323458098107858,ESA WorldCover 2021 class 80,Raw64 + class similarities,Raw64_ClassSimilarity,5,predicted positive AND individual object truth / individual object truth,unweighted 10 m pixel counts,Norway,0.7,5,150,123,8,10,proto_1;proto_3;proto_4,true cosine similarity,"{""type"":""MultiPoint"",""coordinates"":[]}"
1_1_1_1_2_26,proto_1;proto_2;proto_3;proto_4;proto_5,EPSG:32632,30,0,EPSG:32632,2024,1.1,2.1,1.02,31N|32N,spatiotemporally held-out,2025,A26,25.360474564219924,ESA WorldCover 2021 class 80,Raw64 + class similarities,Raw64_ClassSimilarity,5,predicted positive AND individual object truth / individual object truth,unweighted 10 m pixel counts,Norway,0.7,5,150,123,8,10,proto_1;proto_3;proto_4,true cosine similarity,"{""type"":""MultiPoint"",""coordinates"":[]}"
1_1_1_1_2_27,proto_1;proto_2;proto_3;proto_4;proto_5,EPSG:32632,30,0,EPSG:32632,2024,1.1,2.1,1.02,31N|32N,spatiotemporally held-out,2025,A27,16.420719908427174,ESA WorldCover 2021 class 80,Raw64 + class similarities,Raw64_ClassSimilarity,5,predicted positive AND individual object truth / individual object truth,unweighted 10 m pixel counts,Norway,0.7,5,150,123,8,10,proto_1;proto_3;proto_4,true cosine similarity,"{""type"":""MultiPoint"",""coordinates"":[]}"
1_1_1_1_2_28,proto_1;proto_2;proto_3;proto_4;proto_5,EPSG:32632,30,0,EPSG:32632,2024,1.1,2.1,1.02,31N|32N,spatiotemporally held-out,2025,A28,14.293803864702415,ESA WorldCover 2021 class 80,Raw64 + class similarities,Raw64_ClassSimilarity,5,predicted positive AND individual object truth / individual object truth,unweighted 10 m pixel counts,Norway,0.7,5,150,123,8,10,proto_1;proto_3;proto_4,true cosine similarity,"{""type"":""MultiPoint"",""coordinates"":[]}"
1_1_1_1_2_29,proto_1;proto_2;proto_3;proto_4;proto_5,EPSG:32632,30,0,EPSG:32632,2024,1.1,2.1,1.02,31N|32N,spatiotemporally held-out,2025,A29,9.047940789427097,ESA WorldCover 2021 class 80,Raw64 + class similarities,Raw64_ClassSimilarity,5,predicted positive AND individual object truth / individual object truth,unweighted 10 m pixel counts,Norway,0.7,5,150,123,8,10,proto_1;proto_3;proto_4,true cosine similarity,"{""type"":""MultiPoint"",""coordinates"":[]}"
1_1_1_1_2_30,proto_1;proto_2;proto_3;proto_4;proto_5,EPSG:32632,30,0,EPSG:32632,2024,1.1,2.1,1.02,31N|32N,spatiotemporally held-out,2025,A30,22.050947034654882,ESA WorldCover 2021 class 80,Raw64 + class similarities,Raw64_ClassSimilarity,5,predicted positive AND individual object truth / individual object truth,unweighted 10 m pixel counts,Norway,0.7,5,150,123,8,10,proto_1;proto_3;proto_4,true cosine similarity,"{""type"":""MultiPoint"",""coordinates"":[]}"
1_1_1_1_2_31,proto_1;proto_2;proto_3;proto_4;proto_5,EPSG:32632,30,0,EPSG:32632,2024,1.1,2.1,1.02,31N|32N,spatiotemporally held-out,2025,A31,14.154658890804814,ESA WorldCover 2021 class 80,Raw64 + class similarities,Raw64_ClassSimilarity,5,predicted positive AND individual object truth / individual object truth,unweighted 10 m pixel counts,Norway,0.7,5,150,123,8,10,proto_1;proto_3;proto_4,true cosine similarity,"{""type"":""MultiPoint"",""coordinates"":[]}"
1_1_1_1_2_32,proto_1;proto_2;proto_3;proto_4;proto_5,EPSG:32632,30,0,EPSG:32632,2024,1.1,2.1,1.02,31N|32N,spatiotemporally held-out,2025,A32,18.08094761073923,ESA WorldCover 2021 class 80,Raw64 + class similarities,Raw64_ClassSimilarity,5,predicted positive AND individual object truth / individual object truth,unweighted 10 m pixel counts,Norway,0.7,5,150,123,8,10,proto_1;proto_3;proto_4,true cosine similarity,"{""type"":""MultiPoint"",""coordinates"":[]}"
1_1_1_1_2_33,proto_1;proto_2;proto_3;proto_4;proto_5,EPSG:32632,30,0,EPSG:32632,2024,1.1,2.1,1.02,31N|32N,spatiotemporally held-out,2025,A33,18.316786632818726,ESA WorldCover 2021 class 80,Raw64 + class similarities,Raw64_ClassSimilarity,5,predicted positive AND individual object truth / individual object truth,unweighted 10 m pixel counts,Norway,0.7,5,150,123,8,10,proto_1;proto_3;proto_4,true cosine similarity,"{""type"":""MultiPoint"",""coordinates"":[]}"
1_1_1_1_2_34,proto_1;proto_2;proto_3;proto_4;proto_5,EPSG:32632,30,0,EPSG:32632,2024,1.1,2.1,1.02,31N|32N,spatiotemporally held-out,2025,A34,12.838524844796087,ESA WorldCover 2021 class 80,Raw64 + class similarities,Raw64_ClassSimilarity,5,predicted positive AND individual object truth / individual object truth,unweighted 10 m pixel counts,Norway,0.7,5,150,123,8,10,proto_1;proto_3;proto_4,true cosine similarity,"{""type"":""MultiPoint"",""coordinates"":[]}"
1_1_1_1_2_35,proto_1;proto_2;proto_3;proto_4;proto_5,EPSG:32632,30,0,EPSG:32632,2024,1.1,2.1,1.02,31N|32N,spatiotemporally held-out,2025,A35,21.17630947777338,ESA WorldCover 2021 class 80,Raw64 + class similarities,Raw64_ClassSimilarity,5,predicted positive AND individual object truth / individual object truth,unweighted 10 m pixel counts,Norway,0.7,5,150,123,8,10,proto_1;proto_3;proto_4,true cosine similarity,"{""type"":""MultiPoint"",""coordinates"":[]}"
1_1_1_1_2_36,proto_1;proto_2;proto_3;proto_4;proto_5,EPSG:32632,30,0,EPSG:32632,2024,1.1,2.1,1.02,31N|32N,spatiotemporally held-out,2025,A36,38.03043320678634,ESA WorldCover 2021 class 80,Raw64 + class similarities,Raw64_ClassSimilarity,5,predicted positive AND individual object truth / individual object truth,unweighted 10 m pixel counts,Norway,0.7,5,150,123,8,10,proto_1;proto_3;proto_4,true cosine similarity,"{""type"":""MultiPoint"",""coordinates"":[]}"
1_1_1_1_2_37,proto_1;proto_2;proto_3;proto_4;proto_5,EPSG:32632,30,0,EPSG:32632,2024,1.1,2.1,1.02,31N|32N,spatiotemporally held-out,2025,A37,21.397121352598838,ESA WorldCover 2021 class 80,Raw64 + class similarities,Raw64_ClassSimilarity,5,predicted positive AND individual object truth / individual object truth,unweighted 10 m pixel counts,Norway,0.7,5,150,123,8,10,proto_1;proto_3;proto_4,true cosine similarity,"{""type"":""MultiPoint"",""coordinates"":[]}"
1_1_1_1_2_38,proto_1;proto_2;proto_3;proto_4;proto_5,EPSG:32632,30,0,EPSG:32632,2024,1.1,2.1,1.02,31N|32N,spatiotemporally held-out,2025,A38,21.169051317200328,ESA WorldCover 2021 class 80,Raw64 + class similarities,Raw64_ClassSimilarity,5,predicted positive AND individual object truth / individual object truth,unweighted 10 m pixel counts,Norway,0.7,5,150,123,8,10,proto_1;proto_3;proto_4,true cosine similarity,"{""type"":""MultiPoint"",""coordinates"":[]}"
1_1_1_1_2_39,proto_1;proto_2;proto_3;proto_4;proto_5,EPSG:32632,30,0,EPSG:32632,2024,1.1,2.1,1.02,31N|32N,spatiotemporally held-out,2025,A39,10.504906662000353,ESA WorldCover 2021 class 80,Raw64 + class similarities,Raw64_ClassSimilarity,5,predicted positive AND individual object truth / individual object truth,unweighted 10 m pixel counts,Norway,0.7,5,150,123,8,10,proto_1;proto_3;proto_4,true cosine similarity,"{""type"":""MultiPoint"",""coordinates"":[]}"
1_1_1_1_2_40,proto_1;proto_2;proto_3;proto_4;proto_5,EPSG:32632,30,0,EPSG:32632,2024,1.1,2.1,1.02,31N|32N,spatiotemporally held-out,2025,A40,15.369312375336273,ESA WorldCover 2021 class 80,Raw64 + class similarities,Raw64_ClassSimilarity,5,predicted positive AND individual object truth / individual object truth,unweighted 10 m pixel counts,Norway,0.7,5,150,123,8,10,proto_1;proto_3;proto_4,true cosine similarity,"{""type"":""MultiPoint"",""coordinates"":[]}"
1_1_1_1_2_41,proto_1;proto_2;proto_3;proto_4;proto_5,EPSG:32632,30,0,EPSG:32632,2024,1.1,2.1,1.02,31N|32N,spatiotemporally held-out,2025,A41,14.160662281257277,ESA WorldCover 2021 class 80,Raw64 + class similarities,Raw64_ClassSimilarity,5,predicted positive AND individual object truth / individual object truth,unweighted 10 m pixel counts,Norway,0.7,5,150,123,8,10,proto_1;proto_3;proto_4,true cosine similarity,"{""type"":""MultiPoint"",""coordinates"":[]}"
1_1_1_1_2_42,proto_1;proto_2;proto_3;proto_4;proto_5,EPSG:32632,30,0,EPSG:32632,2024,1.1,2.1,1.02,31N|32N,spatiotemporally held-out,2025,A42,18.038818628117923,ESA WorldCover 2021 class 80,Raw64 + class similarities,Raw64_ClassSimilarity,5,predicted positive AND individual object truth / individual object truth,unweighted 10 m pixel counts,Norway,0.7,5,150,123,8,10,proto_1;proto_3;proto_4,true cosine similarity,"{""type"":""MultiPoint"",""coordinates"":[]}"
1_1_1_1_2_43,proto_1;proto_2;proto_3;proto_4;proto_5,EPSG:32632,30,0,EPSG:32632,2024,1.1,2.1,1.02,31N|32N,spatiotemporally held-out,2025,A43,25.658783347273268,ESA WorldCover 2021 class 80,Raw64 + class similarities,Raw64_ClassSimilarity,5,predicted positive AND individual object truth / individual object truth,unweighted 10 m pixel counts,Norway,0.7,5,150,123,8,10,proto_1;proto_3;proto_4,true cosine similarity,"{""type"":""MultiPoint"",""coordinates"":[]}"
1_1_1_1_2_44,proto_1;proto_2;proto_3;proto_4;proto_5,EPSG:32632,30,0,EPSG:32632,2024,1.1,2.1,1.02,31N|32N,spatiotemporally held-out,2025,A44,27.486056816552292,ESA WorldCover 2021 class 80,Raw64 + class similarities,Raw64_ClassSimilarity,5,predicted positive AND individual object truth / individual object truth,unweighted 10 m pixel counts,Norway,0.7,5,150,123,8,10,proto_1;proto_3;proto_4,true cosine similarity,"{""type"":""MultiPoint"",""coordinates"":[]}"
1_1_1_1_2_45,proto_1;proto_2;proto_3;proto_4;proto_5,EPSG:32632,30,0,EPSG:32632,2024,1.1,2.1,1.02,31N|32N,spatiotemporally held-out,2025,A45,15.365778755364843,ESA WorldCover 2021 class 80,Raw64 + class similarities,Raw64_ClassSimilarity,5,predicted positive AND individual object truth / individual object truth,unweighted 10 m pixel counts,Norway,0.7,5,150,123,8,10,proto_1;proto_3;proto_4,true cosine similarity,"{""type"":""MultiPoint"",""coordinates"":[]}"
1_1_1_1_2_46,proto_1;proto_2;proto_3;proto_4;proto_5,EPSG:32632,30,0,EPSG:32632,2024,1.1,2.1,1.02,31N|32N,spatiotemporally held-out,2025,A46,16.233346573509973,ESA WorldCover 2021 class 80,Raw64 + class similarities,Raw64_ClassSimilarity,5,predicted positive AND individual object truth / individual object truth,unweighted 10 m pixel counts,Norway,0.7,5,150,123,8,10,proto_1;proto_3;proto_4,true cosine similarity,"{""type"":""MultiPoint"",""coordinates"":[]}"
1_1_1_1_2_47,proto_1;proto_2;proto_3;proto_4;proto_5,EPSG:32632,30,0,EPSG:32632,2024,1.1,2.1,1.02,31N|32N,spatiotemporally held-out,2025,A47,18.22033252755386,ESA WorldCover 2021 class 80,Raw64 + class similarities,Raw64_ClassSimilarity,5,predicted positive AND individual object truth / individual object truth,unweighted 10 m pixel counts,Norway,0.7,5,150,123,8,10,proto_1;proto_3;proto_4,true cosine similarity,"{""type"":""MultiPoint"",""coordinates"":[]}"
1_1_1_1_2_48,proto_1;proto_2;proto_3;proto_4;proto_5,EPSG:32632,30,0,EPSG:32632,2024,1.1,2.1,1.02,31N|32N,spatiotemporally held-out,2025,A48,22.89357484952454,ESA WorldCover 2021 class 80,Raw64 + class similarities,Raw64_ClassSimilarity,5,predicted positive AND individual object truth / individual object truth,unweighted 10 m pixel counts,Norway,0.7,5,150,123,8,10,proto_1;proto_3;proto_4,true cosine similarity,"{""type"":""MultiPoint"",""coordinates"":[]}"
1_1_1_1_2_49,proto_1;proto_2;proto_3;proto_4;proto_5,EPSG:32632,30,0,EPSG:32632,2024,1.1,2.1,1.02,31N|32N,spatiotemporally held-out,2025,A49,13.24437235592236,ESA WorldCover 2021 class 80,Raw64 + class similarities,Raw64_ClassSimilarity,5,predicted positive AND individual object truth / individual object truth,unweighted 10 m pixel counts,Norway,0.7,5,150,123,8,10,proto_1;proto_3;proto_4,true cosine similarity,"{""type"":""MultiPoint"",""coordinates"":[]}"
1_1_1_1_2_50,proto_1;proto_2;proto_3;proto_4;proto_5,EPSG:32632,30,0,EPSG:32632,2024,1.1,2.1,1.02,31N|32N,spatiotemporally held-out,2025,A50,27.66509638172707,ESA WorldCover 2021 class 80,Raw64 + class similarities,Raw64_ClassSimilarity,5,predicted positive AND individual object truth / individual object truth,unweighted 10 m pixel counts,Norway,0.7,5,150,123,8,10,proto_1;proto_3;proto_4,true cosine similarity,"{""type"":""MultiPoint"",""coordinates"":[]}"
1_1_1_1_2_51,proto_1;proto_2;proto_3;proto_4;proto_5,EPSG:32632,30,0,EPSG:32632,2024,1.1,2.1,1.02,31N|32N,spatiotemporally held-out,2025,A51,9.099873450169154,ESA WorldCover 2021 class 80,Raw64 + class similarities,Raw64_ClassSimilarity,5,predicted positive AND individual object truth / individual object truth,unweighted 10 m pixel counts,Norway,0.7,5,150,123,8,10,proto_1;proto_3;proto_4,true cosine similarity,"{""type"":""MultiPoint"",""coordinates"":[]}"
1_1_1_1_2_52,proto_1;proto_2;proto_3;proto_4;proto_5,EPSG:32632,30,0,EPSG:32632,2024,1.1,2.1,1.02,31N|32N,spatiotemporally held-out,2025,A52,27.71846028181767,ESA WorldCover 2021 class 80,Raw64 + class similarities,Raw64_ClassSimilarity,5,predicted positive AND individual object truth / individual object truth,unweighted 10 m pixel counts,Norway,0.7,5,150,123,8,10,proto_1;proto_3;proto_4,true cosine similarity,"{""type"":""MultiPoint"",""coordinates"":[]}"
1_1_1_1_2_53,proto_1;proto_2;proto_3;proto_4;proto_5,EPSG:32632,30,0,EPSG:32632,2024,1.1,2.1,1.02,31N|32N,spatiotemporally held-out,2025,A53,13.80572810742034,ESA WorldCover 2021 class 80,Raw64 + class similarities,Raw64_ClassSimilarity,5,predicted positive AND individual object truth / individual object truth,unweighted 10 m pixel counts,Norway,0.7,5,150,123,8,10,proto_1;proto_3;proto_4,true cosine similarity,"{""type"":""MultiPoint"",""coordinates"":[]}"
1_1_1_1_2_54,proto_1;proto_2;proto_3;proto_4;proto_5,EPSG:32632,30,0,EPSG:32632,2024,1.1,2.1,1.02,31N|32N,spatiotemporally held-out,2025,A54,16.799782121376722,ESA WorldCover 2021 class 80,Raw64 + class similarities,Raw64_ClassSimilarity,5,predicted positive AND individual object truth / individual object truth,unweighted 10 m pixel counts,Norway,0.7,5,150,123,8,10,proto_1;proto_3;proto_4,true cosine similarity,"{""type"":""MultiPoint"",""coordinates"":[]}"
1_1_1_1_2_55,proto_1;proto_2;proto_3;proto_4;proto_5,EPSG:32632,30,0,EPSG:32632,2024,1.1,2.1,1.02,31N|32N,spatiotemporally held-out,2025,A55,34.02734835790098,ESA WorldCover 2021 class 80,Raw64 + class similarities,Raw64_ClassSimilarity,5,predicted positive AND individual object truth / individual object truth,unweighted 10 m pixel counts,Norway,0.7,5,150,123,8,10,proto_1;proto_3;proto_4,true cosine similarity,"{""type"":""MultiPoint"",""coordinates"":[]}"
1_1_1_1_2_56,proto_1;proto_2;proto_3;proto_4;proto_5,EPSG:32632,30,0,EPSG:32632,2024,1.1,2.1,1.02,31N|32N,spatiotemporally held-out,2025,A56,15.308134519399648,ESA WorldCover 2021 class 80,Raw64 + class similarities,Raw64_ClassSimilarity,5,predicted positive AND individual object truth / individual object truth,unweighted 10 m pixel counts,Norway,0.7,5,150,123,8,10,proto_1;proto_3;proto_4,true cosine similarity,"{""type"":""MultiPoint"",""coordinates"":[]}"
1_1_1_1_2_57,proto_1;proto_2;proto_3;proto_4;proto_5,EPSG:32632,30,0,EPSG:32632,2024,1.1,2.1,1.02,31N|32N,spatiotemporally held-out,2025,A57,25.538182618449063,ESA WorldCover 2021 class 80,Raw64 + class similarities,Raw64_ClassSimilarity,5,predicted positive AND individual object truth / individual object truth,unweighted 10 m pixel counts,Norway,0.7,5,150,123,8,10,proto_1;proto_3;proto_4,true cosine similarity,"{""type"":""MultiPoint"",""coordinates"":[]}"
1_1_1_1_2_58,proto_1;proto_2;proto_3;proto_4;proto_5,EPSG:32632,30,0,EPSG:32632,2024,1.1,2.1,1.02,31N|32N,spatiotemporally held-out,2025,A58,19.921235264425707,ESA WorldCover 2021 class 80,Raw64 + class similarities,Raw64_ClassSimilarity,5,predicted positive AND individual object truth / individual object truth,unweighted 10 m pixel counts,Norway,0.7,5,150,123,8,10,proto_1;proto_3;proto_4,true cosine similarity,"{""type"":""MultiPoint"",""coordinates"":[]}"
1_1_1_1_2_59,proto_1;proto_2;proto_3;proto_4;proto_5,EPSG:32632,30,0,EPSG:32632,2024,1.1,2.1,1.02,31N|32N,spatiotemporally held-out,2025,A59,29.056539271149674,ESA WorldCover 2021 class 80,Raw64 + class similarities,Raw64_ClassSimilarity,5,predicted positive AND individual object truth / individual object truth,unweighted 10 m pixel counts,Norway,0.7,5,150,123,8,10,proto_1;proto_3;proto_4,true cosine similarity,"{""type"":""MultiPoint"",""coordinates"":[]}"
1_1_1_1_2_60,proto_1;proto_2;proto_3;proto_4;proto_5,EPSG:32632,30,0,EPSG:32632,2024,1.1,2.1,1.02,31N|32N,spatiotemporally held-out,2025,A60,14.537846257703647,ESA WorldCover 2021 class 80,Raw64 + class similarities,Raw64_ClassSimilarity,5,predicted positive AND individual object truth / individual object truth,unweighted 10 m pixel counts,Norway,0.7,5,150,123,8,10,proto_1;proto_3;proto_4,true cosine similarity,"{""type"":""MultiPoint"",""coordinates"":[]}"
1_1_1_1_2_61,proto_1;proto_2;proto_3;proto_4;proto_5,EPSG:32632,30,0,EPSG:32632,2024,1.1,2.1,1.02,31N|32N,spatiotemporally held-out,2025,A61,22.801050941080103,ESA WorldCover 2021 class 80,Raw64 + class similarities,Raw64_ClassSimilarity,5,predicted positive AND individual object truth / individual object truth,unweighted 10 m pixel counts,Norway,0.7,5,150,123,8,10,proto_1;proto_3;proto_4,true cosine similarity,"{""type"":""MultiPoint"",""coordinates"":[]}"
1_1_1_1_2_62,proto_1;proto_2;proto_3;proto_4;proto_5,EPSG:32632,30,0,EPSG:32632,2024,1.1,2.1,1.02,31N|32N,spatiotemporally held-out,2025,A62,23.719784812170715,ESA WorldCover 2021 class 80,Raw64 + class similarities,Raw64_ClassSimilarity,5,predicted positive AND individual object truth / individual object truth,unweighted 10 m pixel counts,Norway,0.7,5,150,123,8,10,proto_1;proto_3;proto_4,true cosine similarity,"{""type"":""MultiPoint"",""coordinates"":[]}"
1_1_1_1_2_63,proto_1;proto_2;proto_3;proto_4;proto_5,EPSG:32632,30,0,EPSG:32632,2024,1.1,2.1,1.02,31N|32N,spatiotemporally held-out,2025,A63,10.172226306354814,ESA WorldCover 2021 class 80,Raw64 + class similarities,Raw64_ClassSimilarity,5,predicted positive AND individual object truth / individual object truth,unweighted 10 m pixel counts,Norway,0.7,5,150,123,8,10,proto_1;proto_3;proto_4,true cosine similarity,"{""type"":""MultiPoint"",""coordinates"":[]}"
1_1_1_1_2_64,proto_1;proto_2;proto_3;proto_4;proto_5,EPSG:32632,30,0,EPSG:32632,2024,1.1,2.1,1.02,31N|32N,spatiotemporally held-out,2025,conf_sim,36.68899277308654,ESA WorldCover 2021 class 80,Raw64 + class similarities,Raw64_ClassSimilarity,5,predicted positive AND individual object truth / individual object truth,unweighted 10 m pixel counts,Norway,0.7,5,150,123,8,10,proto_1;proto_3;proto_4,true cosine similarity,"{""type"":""MultiPoint"",""coordinates"":[]}"
1_1_1_1_2_65,proto_1;proto_2;proto_3;proto_4;proto_5,EPSG:32632,30,0,EPSG:32632,2024,1.1,2.1,1.02,31N|32N,spatiotemporally held-out,2025,farm_sim,49.94418409389613,ESA WorldCover 2021 class 80,Raw64 + class similarities,Raw64_ClassSimilarity,5,predicted positive AND individual object truth / individual object truth,unweighted 10 m pixel counts,Norway,0.7,5,150,123,8,10,proto_1;proto_3;proto_4,true cosine similarity,"{""type"":""MultiPoint"",""coordinates"":[]}"
1_1_1_1_2_66,proto_1;proto_2;proto_3;proto_4;proto_5,EPSG:32632,30,0,EPSG:32632,2024,1.1,2.1,1.02,31N|32N,spatiotemporally held-out,2025,ocean_sim,28.134079089785903,ESA WorldCover 2021 class 80,Raw64 + class similarities,Raw64_ClassSimilarity,5,predicted positive AND individual object truth / individual object truth,unweighted 10 m pixel counts,Norway,0.7,5,150,123,8,10,proto_1;proto_3;proto_4,true cosine similarity,"{""type"":""MultiPoint"",""coordinates"":[]}"
1_1_1_2_0,proto_1;proto_2;proto_3;proto_4;proto_5,EPSG:32632,30,0,EPSG:32632,2024,1.1,2.1,1.02,31N|32N,spatiotemporally held-out,2025,A00,22.755214980399465,ESA WorldCover 2021 class 80,Raw64 + class similarities + margins,Raw64_ClassSimilarity_Margins,5,predicted positive AND individual object truth / individual object truth,unweighted 10 m pixel counts,Norway,0.7,5,150,123,8,10,proto_1;proto_3;proto_4,true cosine similarity,"{""type"":""MultiPoint"",""coordinates"":[]}"
1_1_1_2_1,proto_1;proto_2;proto_3;proto_4;proto_5,EPSG:32632,30,0,EPSG:32632,2024,1.1,2.1,1.02,31N|32N,spatiotemporally held-out,2025,A01,16.91184019698773,ESA WorldCover 2021 class 80,Raw64 + class similarities + margins,Raw64_ClassSimilarity_Margins,5,predicted positive AND individual object truth / individual object truth,unweighted 10 m pixel counts,Norway,0.7,5,150,123,8,10,proto_1;proto_3;proto_4,true cosine similarity,"{""type"":""MultiPoint"",""coordinates"":[]}"
1_1_1_2_2,proto_1;proto_2;proto_3;proto_4;proto_5,EPSG:32632,30,0,EPSG:32632,2024,1.1,2.1,1.02,31N|32N,spatiotemporally held-out,2025,A02,17.948154768310758,ESA WorldCover 2021 class 80,Raw64 + class similarities + margins,Raw64_ClassSimilarity_Margins,5,predicted positive AND individual object truth / individual object truth,unweighted 10 m pixel counts,Norway,0.7,5,150,123,8,10,proto_1;proto_3;proto_4,true cosine similarity,"{""type"":""MultiPoint"",""coordinates"":[]}"
1_1_1_2_3,proto_1;proto_2;proto_3;proto_4;proto_5,EPSG:32632,30,0,EPSG:32632,2024,1.1,2.1,1.02,31N|32N,spatiotemporally held-out,2025,A03,12.901449197546926,ESA WorldCover 2021 class 80,Raw64 + class similarities + margins,Raw64_ClassSimilarity_Margins,5,predicted positive AND individual object truth / individual object truth,unweighted 10 m pixel counts,Norway,0.7,5,150,123,8,10,proto_1;proto_3;proto_4,true cosine similarity,"{""type"":""MultiPoint"",""coordinates"":[]}"
1_1_1_2_4,proto_1;proto_2;proto_3;proto_4;proto_5,EPSG:32632,30,0,EPSG:32632,2024,1.1,2.1,1.02,31N|32N,spatiotemporally held-out,2025,A04,12.169615062493257,ESA WorldCover 2021 class 80,Raw64 + class similarities + margins,Raw64_ClassSimilarity_Margins,5,predicted positive AND individual object truth / individual object truth,unweighted 10 m pixel counts,Norway,0.7,5,150,123,8,10,proto_1;proto_3;proto_4,true cosine similarity,"{""type"":""MultiPoint"",""coordinates"":[]}"
1_1_1_2_5,proto_1;proto_2;proto_3;proto_4;proto_5,EPSG:32632,30,0,EPSG:32632,2024,1.1,2.1,1.02,31N|32N,spatiotemporally held-out,2025,A05,23.14895795882953,ESA WorldCover 2021 class 80,Raw64 + class similarities + margins,Raw64_ClassSimilarity_Margins,5,predicted positive AND individual object truth / individual object truth,unweighted 10 m pixel counts,Norway,0.7,5,150,123,8,10,proto_1;proto_3;proto_4,true cosine similarity,"{""type"":""MultiPoint"",""coordinates"":[]}"
1_1_1_2_6,proto_1;proto_2;proto_3;proto_4;proto_5,EPSG:32632,30,0,EPSG:32632,2024,1.1,2.1,1.02,31N|32N,spatiotemporally held-out,2025,A06,19.677632595354602,ESA WorldCover 2021 class 80,Raw64 + class similarities + margins,Raw64_ClassSimilarity_Margins,5,predicted positive AND individual object truth / individual object truth,unweighted 10 m pixel counts,Norway,0.7,5,150,123,8,10,proto_1;proto_3;proto_4,true cosine similarity,"{""type"":""MultiPoint"",""coordinates"":[]}"
1_1_1_2_7,proto_1;proto_2;proto_3;proto_4;proto_5,EPSG:32632,30,0,EPSG:32632,2024,1.1,2.1,1.02,31N|32N,spatiotemporally held-out,2025,A07,10.735682901333425,ESA WorldCover 2021 class 80,Raw64 + class similarities + margins,Raw64_ClassSimilarity_Margins,5,predicted positive AND individual object truth / individual object truth,unweighted 10 m pixel counts,Norway,0.7,5,150,123,8,10,proto_1;proto_3;proto_4,true cosine similarity,"{""type"":""MultiPoint"",""coordinates"":[]}"
1_1_1_2_8,proto_1;proto_2;proto_3;proto_4;proto_5,EPSG:32632,30,0,EPSG:32632,2024,1.1,2.1,1.02,31N|32N,spatiotemporally held-out,2025,A08,12.875210926206222,ESA WorldCover 2021 class 80,Raw64 + class similarities + margins,Raw64_ClassSimilarity_Margins,5,predicted positive AND individual object truth / individual object truth,unweighted 10 m pixel counts,Norway,0.7,5,150,123,8,10,proto_1;proto_3;proto_4,true cosine similarity,"{""type"":""MultiPoint"",""coordinates"":[]}"
1_1_1_2_9,proto_1;proto_2;proto_3;proto_4;proto_5,EPSG:32632,30,0,EPSG:32632,2024,1.1,2.1,1.02,31N|32N,spatiotemporally held-out,2025,A09,3.557152227325756,ESA WorldCover 2021 class 80,Raw64 + class similarities + margins,Raw64_ClassSimilarity_Margins,5,predicted positive AND individual object truth / individual object truth,unweighted 10 m pixel counts,Norway,0.7,5,150,123,8,10,proto_1;proto_3;proto_4,true cosine similarity,"{""type"":""MultiPoint"",""coordinates"":[]}"
1_1_1_2_10,proto_1;proto_2;proto_3;proto_4;proto_5,EPSG:32632,30,0,EPSG:32632,2024,1.1,2.1,1.02,31N|32N,spatiotemporally held-out,2025,A10,15.497939670027204,ESA WorldCover 2021 class 80,Raw64 + class similarities + margins,Raw64_ClassSimilarity_Margins,5,predicted positive AND individual object truth / individual object truth,unweighted 10 m pixel counts,Norway,0.7,5,150,123,8,10,proto_1;proto_3;proto_4,true cosine similarity,"{""type"":""MultiPoint"",""coordinates"":[]}"
1_1_1_2_11,proto_1;proto_2;proto_3;proto_4;proto_5,EPSG:32632,30,0,EPSG:32632,2024,1.1,2.1,1.02,31N|32N,spatiotemporally held-out,2025,A11,16.09427571193187,ESA WorldCover 2021 class 80,Raw64 + class similarities + margins,Raw64_ClassSimilarity_Margins,5,predicted positive AND individual object truth / individual object truth,unweighted 10 m pixel counts,Norway,0.7,5,150,123,8,10,proto_1;proto_3;proto_4,true cosine similarity,"{""type"":""MultiPoint"",""coordinates"":[]}"
1_1_1_2_12,proto_1;proto_2;proto_3;proto_4;proto_5,EPSG:32632,30,0,EPSG:32632,2024,1.1,2.1,1.02,31N|32N,spatiotemporally held-out,2025,A12,16.75608509712139,ESA WorldCover 2021 class 80,Raw64 + class similarities + margins,Raw64_ClassSimilarity_Margins,5,predicted positive AND individual object truth / individual object truth,unweighted 10 m pixel counts,Norway,0.7,5,150,123,8,10,proto_1;proto_3;proto_4,true cosine similarity,"{""type"":""MultiPoint"",""coordinates"":[]}"
1_1_1_2_13,proto_1;proto_2;proto_3;proto_4;proto_5,EPSG:32632,30,0,EPSG:32632,2024,1.1,2.1,1.02,31N|32N,spatiotemporally held-out,2025,A13,18.4829278505708,ESA WorldCover 2021 class 80,Raw64 + class similarities + margins,Raw64_ClassSimilarity_Margins,5,predicted positive AND individual object truth / individual object truth,unweighted 10 m pixel counts,Norway,0.7,5,150,123,8,10,proto_1;proto_3;proto_4,true cosine similarity,"{""type"":""MultiPoint"",""coordinates"":[]}"
1_1_1_2_14,proto_1;proto_2;proto_3;proto_4;proto_5,EPSG:32632,30,0,EPSG:32632,2024,1.1,2.1,1.02,31N|32N,spatiotemporally held-out,2025,A14,17.172497179767305,ESA WorldCover 2021 class 80,Raw64 + class similarities + margins,Raw64_ClassSimilarity_Margins,5,predicted positive AND individual object truth / individual object truth,unweighted 10 m pixel counts,Norway,0.7,5,150,123,8,10,proto_1;proto_3;proto_4,true cosine similarity,"{""type"":""MultiPoint"",""coordinates"":[]}"
1_1_1_2_15,proto_1;proto_2;proto_3;proto_4;proto_5,EPSG:32632,30,0,EPSG:32632,2024,1.1,2.1,1.02,31N|32N,spatiotemporally held-out,2025,A15,19.61135168203962,ESA WorldCover 2021 class 80,Raw64 + class similarities + margins,Raw64_ClassSimilarity_Margins,5,predicted positive AND individual object truth / individual object truth,unweighted 10 m pixel counts,Norway,0.7,5,150,123,8,10,proto_1;proto_3;proto_4,true cosine similarity,"{""type"":""MultiPoint"",""coordinates"":[]}"
1_1_1_2_16,proto_1;proto_2;proto_3;proto_4;proto_5,EPSG:32632,30,0,EPSG:32632,2024,1.1,2.1,1.02,31N|32N,spatiotemporally held-out,2025,A16,20.702205896199175,ESA WorldCover 2021 class 80,Raw64 + class similarities + margins,Raw64_ClassSimilarity_Margins,5,predicted positive AND individual object truth / individual object truth,unweighted 10 m pixel counts,Norway,0.7,5,150,123,8,10,proto_1;proto_3;proto_4,true cosine similarity,"{""type"":""MultiPoint"",""coordinates"":[]}"
1_1_1_2_17,proto_1;proto_2;proto_3;proto_4;proto_5,EPSG:32632,30,0,EPSG:32632,2024,1.1,2.1,1.02,31N|32N,spatiotemporally held-out,2025,A17,13.310053405949963,ESA WorldCover 2021 class 80,Raw64 + class similarities + margins,Raw64_ClassSimilarity_Margins,5,predicted positive AND individual object truth / individual object truth,unweighted 10 m pixel counts,Norway,0.7,5,150,123,8,10,proto_1;proto_3;proto_4,true cosine similarity,"{""type"":""MultiPoint"",""coordinates"":[]}"
1_1_1_2_18,proto_1;proto_2;proto_3;proto_4;proto_5,EPSG:32632,30,0,EPSG:32632,2024,1.1,2.1,1.02,31N|32N,spatiotemporally held-out,2025,A18,10.66453301513021,ESA WorldCover 2021 class 80,Raw64 + class similarities + margins,Raw64_ClassSimilarity_Margins,5,predicted positive AND individual object truth / individual object truth,unweighted 10 m pixel counts,Norway,0.7,5,150,123,8,10,proto_1;proto_3;proto_4,true cosine similarity,"{""type"":""MultiPoint"",""coordinates"":[]}"
1_1_1_2_19,proto_1;proto_2;proto_3;proto_4;proto_5,EPSG:32632,30,0,EPSG:32632,2024,1.1,2.1,1.02,31N|32N,spatiotemporally held-out,2025,A19,11.14869386079408,ESA WorldCover 2021 class 80,Raw64 + class similarities + margins,Raw64_ClassSimilarity_Margins,5,predicted positive AND individual object truth / individual object truth,unweighted 10 m pixel counts,Norway,0.7,5,150,123,8,10,proto_1;proto_3;proto_4,true cosine similarity,"{""type"":""MultiPoint"",""coordinates"":[]}"
1_1_1_2_20,proto_1;proto_2;proto_3;proto_4;proto_5,EPSG:32632,30,0,EPSG:32632,2024,1.1,2.1,1.02,31N|32N,spatiotemporally held-out,2025,A20,12.712584059682024,ESA WorldCover 2021 class 80,Raw64 + class similarities + margins,Raw64_ClassSimilarity_Margins,5,predicted positive AND individual object truth / individual object truth,unweighted 10 m pixel counts,Norway,0.7,5,150,123,8,10,proto_1;proto_3;proto_4,true cosine similarity,"{""type"":""MultiPoint"",""coordinates"":[]}"
1_1_1_2_21,proto_1;proto_2;proto_3;proto_4;proto_5,EPSG:32632,30,0,EPSG:32632,2024,1.1,2.1,1.02,31N|32N,spatiotemporally held-out,2025,A21,18.971750131802015,ESA WorldCover 2021 class 80,Raw64 + class similarities + margins,Raw64_ClassSimilarity_Margins,5,predicted positive AND individual object truth / individual object truth,unweighted 10 m pixel counts,Norway,0.7,5,150,123,8,10,proto_1;proto_3;proto_4,true cosine similarity,"{""type"":""MultiPoint"",""coordinates"":[]}"
1_1_1_2_22,proto_1;proto_2;proto_3;proto_4;proto_5,EPSG:32632,30,0,EPSG:32632,2024,1.1,2.1,1.02,31N|32N,spatiotemporally held-out,2025,A22,15.566299658201737,ESA WorldCover 2021 class 80,Raw64 + class similarities + margins,Raw64_ClassSimilarity_Margins,5,predicted positive AND individual object truth / individual object truth,unweighted 10 m pixel counts,Norway,0.7,5,150,123,8,10,proto_1;proto_3;proto_4,true cosine similarity,"{""type"":""MultiPoint"",""coordinates"":[]}"
1_1_1_2_23,proto_1;proto_2;proto_3;proto_4;proto_5,EPSG:32632,30,0,EPSG:32632,2024,1.1,2.1,1.02,31N|32N,spatiotemporally held-out,2025,A23,20.22672891312661,ESA WorldCover 2021 class 80,Raw64 + class similarities + margins,Raw64_ClassSimilarity_Margins,5,predicted positive AND individual object truth / individual object truth,unweighted 10 m pixel counts,Norway,0.7,5,150,123,8,10,proto_1;proto_3;proto_4,true cosine similarity,"{""type"":""MultiPoint"",""coordinates"":[]}"
1_1_1_2_24,proto_1;proto_2;proto_3;proto_4;proto_5,EPSG:32632,30,0,EPSG:32632,2024,1.1,2.1,1.02,31N|32N,spatiotemporally held-out,2025,A24,13.435624214655755,ESA WorldCover 2021 class 80,Raw64 + class similarities + margins,Raw64_ClassSimilarity_Margins,5,predicted positive AND individual object truth / individual object truth,unweighted 10 m pixel counts,Norway,0.7,5,150,123,8,10,proto_1;proto_3;proto_4,true cosine similarity,"{""type"":""MultiPoint"",""coordinates"":[]}"
1_1_1_2_25,proto_1;proto_2;proto_3;proto_4;proto_5,EPSG:32632,30,0,EPSG:32632,2024,1.1,2.1,1.02,31N|32N,spatiotemporally held-out,2025,A25,11.513264173951072,ESA WorldCover 2021 class 80,Raw64 + class similarities + margins,Raw64_ClassSimilarity_Margins,5,predicted positive AND individual object truth / individual object truth,unweighted 10 m pixel counts,Norway,0.7,5,150,123,8,10,proto_1;proto_3;proto_4,true cosine similarity,"{""type"":""MultiPoint"",""coordinates"":[]}"
1_1_1_2_26,proto_1;proto_2;proto_3;proto_4;proto_5,EPSG:32632,30,0,EPSG:32632,2024,1.1,2.1,1.02,31N|32N,spatiotemporally held-out,2025,A26,19.469776225632945,ESA WorldCover 2021 class 80,Raw64 + class similarities + margins,Raw64_ClassSimilarity_Margins,5,predicted positive AND individual object truth / individual object truth,unweighted 10 m pixel counts,Norway,0.7,5,150,123,8,10,proto_1;proto_3;proto_4,true cosine similarity,"{""type"":""MultiPoint"",""coordinates"":[]}"
1_1_1_2_27,proto_1;proto_2;proto_3;proto_4;proto_5,EPSG:32632,30,0,EPSG:32632,2024,1.1,2.1,1.02,31N|32N,spatiotemporally held-out,2025,A27,12.384921376599767,ESA WorldCover 2021 class 80,Raw64 + class similarities + margins,Raw64_ClassSimilarity_Margins,5,predicted positive AND individual object truth / individual object truth,unweighted 10 m pixel counts,Norway,0.7,5,150,123,8,10,proto_1;proto_3;proto_4,true cosine similarity,"{""type"":""MultiPoint"",""coordinates"":[]}"
1_1_1_2_28,proto_1;proto_2;proto_3;proto_4;proto_5,EPSG:32632,30,0,EPSG:32632,2024,1.1,2.1,1.02,31N|32N,spatiotemporally held-out,2025,A28,11.396361132885415,ESA WorldCover 2021 class 80,Raw64 + class similarities + margins,Raw64_ClassSimilarity_Margins,5,predicted positive AND individual object truth / individual object truth,unweighted 10 m pixel counts,Norway,0.7,5,150,123,8,10,proto_1;proto_3;proto_4,true cosine similarity,"{""type"":""MultiPoint"",""coordinates"":[]}"
1_1_1_2_29,proto_1;proto_2;proto_3;proto_4;proto_5,EPSG:32632,30,0,EPSG:32632,2024,1.1,2.1,1.02,31N|32N,spatiotemporally held-out,2025,A29,7.945284434975096,ESA WorldCover 2021 class 80,Raw64 + class similarities + margins,Raw64_ClassSimilarity_Margins,5,predicted positive AND individual object truth / individual object truth,unweighted 10 m pixel counts,Norway,0.7,5,150,123,8,10,proto_1;proto_3;proto_4,true cosine similarity,"{""type"":""MultiPoint"",""coordinates"":[]}"
1_1_1_2_30,proto_1;proto_2;proto_3;proto_4;proto_5,EPSG:32632,30,0,EPSG:32632,2024,1.1,2.1,1.02,31N|32N,spatiotemporally held-out,2025,A30,21.091747323533433,ESA WorldCover 2021 class 80,Raw64 + class similarities + margins,Raw64_ClassSimilarity_Margins,5,predicted positive AND individual object truth / individual object truth,unweighted 10 m pixel counts,Norway,0.7,5,150,123,8,10,proto_1;proto_3;proto_4,true cosine similarity,"{""type"":""MultiPoint"",""coordinates"":[]}"
1_1_1_2_31,proto_1;proto_2;proto_3;proto_4;proto_5,EPSG:32632,30,0,EPSG:32632,2024,1.1,2.1,1.02,31N|32N,spatiotemporally held-out,2025,A31,11.258166026867565,ESA WorldCover 2021 class 80,Raw64 + class similarities + margins,Raw64_ClassSimilarity_Margins,5,predicted positive AND individual object truth / individual object truth,unweighted 10 m pixel counts,Norway,0.7,5,150,123,8,10,proto_1;proto_3;proto_4,true cosine similarity,"{""type"":""MultiPoint"",""coordinates"":[]}"
1_1_1_2_32,proto_1;proto_2;proto_3;proto_4;proto_5,EPSG:32632,30,0,EPSG:32632,2024,1.1,2.1,1.02,31N|32N,spatiotemporally held-out,2025,A32,15.125359811744332,ESA WorldCover 2021 class 80,Raw64 + class similarities + margins,Raw64_ClassSimilarity_Margins,5,predicted positive AND individual object truth / individual object truth,unweighted 10 m pixel counts,Norway,0.7,5,150,123,8,10,proto_1;proto_3;proto_4,true cosine similarity,"{""type"":""MultiPoint"",""coordinates"":[]}"
1_1_1_2_33,proto_1;proto_2;proto_3;proto_4;proto_5,EPSG:32632,30,0,EPSG:32632,2024,1.1,2.1,1.02,31N|32N,spatiotemporally held-out,2025,A33,19.868616548225535,ESA WorldCover 2021 class 80,Raw64 + class similarities + margins,Raw64_ClassSimilarity_Margins,5,predicted positive AND individual object truth / individual object truth,unweighted 10 m pixel counts,Norway,0.7,5,150,123,8,10,proto_1;proto_3;proto_4,true cosine similarity,"{""type"":""MultiPoint"",""coordinates"":[]}"
1_1_1_2_34,proto_1;proto_2;proto_3;proto_4;proto_5,EPSG:32632,30,0,EPSG:32632,2024,1.1,2.1,1.02,31N|32N,spatiotemporally held-out,2025,A34,16.277315932908973,ESA WorldCover 2021 class 80,Raw64 + class similarities + margins,Raw64_ClassSimilarity_Margins,5,predicted positive AND individual object truth / individual object truth,unweighted 10 m pixel counts,Norway,0.7,5,150,123,8,10,proto_1;proto_3;proto_4,true cosine similarity,"{""type"":""MultiPoint"",""coordinates"":[]}"
1_1_1_2_35,proto_1;proto_2;proto_3;proto_4;proto_5,EPSG:32632,30,0,EPSG:32632,2024,1.1,2.1,1.02,31N|32N,spatiotemporally held-out,2025,A35,18.144549480010173,ESA WorldCover 2021 class 80,Raw64 + class similarities + margins,Raw64_ClassSimilarity_Margins,5,predicted positive AND individual object truth / individual object truth,unweighted 10 m pixel counts,Norway,0.7,5,150,123,8,10,proto_1;proto_3;proto_4,true cosine similarity,"{""type"":""MultiPoint"",""coordinates"":[]}"
1_1_1_2_36,proto_1;proto_2;proto_3;proto_4;proto_5,EPSG:32632,30,0,EPSG:32632,2024,1.1,2.1,1.02,31N|32N,spatiotemporally held-out,2025,A36,28.077317767375536,ESA WorldCover 2021 class 80,Raw64 + class similarities + margins,Raw64_ClassSimilarity_Margins,5,predicted positive AND individual object truth / individual object truth,unweighted 10 m pixel counts,Norway,0.7,5,150,123,8,10,proto_1;proto_3;proto_4,true cosine similarity,"{""type"":""MultiPoint"",""coordinates"":[]}"
1_1_1_2_37,proto_1;proto_2;proto_3;proto_4;proto_5,EPSG:32632,30,0,EPSG:32632,2024,1.1,2.1,1.02,31N|32N,spatiotemporally held-out,2025,A37,18.180809688132946,ESA WorldCover 2021 class 80,Raw64 + class similarities + margins,Raw64_ClassSimilarity_Margins,5,predicted positive AND individual object truth / individual object truth,unweighted 10 m pixel counts,Norway,0.7,5,150,123,8,10,proto_1;proto_3;proto_4,true cosine similarity,"{""type"":""MultiPoint"",""coordinates"":[]}"
1_1_1_2_38,proto_1;proto_2;proto_3;proto_4;proto_5,EPSG:32632,30,0,EPSG:32632,2024,1.1,2.1,1.02,31N|32N,spatiotemporally held-out,2025,A38,22.669879990768013,ESA WorldCover 2021 class 80,Raw64 + class similarities + margins,Raw64_ClassSimilarity_Margins,5,predicted positive AND individual object truth / individual object truth,unweighted 10 m pixel counts,Norway,0.7,5,150,123,8,10,proto_1;proto_3;proto_4,true cosine similarity,"{""type"":""MultiPoint"",""coordinates"":[]}"
1_1_1_2_39,proto_1;proto_2;proto_3;proto_4;proto_5,EPSG:32632,30,0,EPSG:32632,2024,1.1,2.1,1.02,31N|32N,spatiotemporally held-out,2025,A39,10.532807241545237,ESA WorldCover 2021 class 80,Raw64 + class similarities + margins,Raw64_ClassSimilarity_Margins,5,predicted positive AND individual object truth / individual object truth,unweighted 10 m pixel counts,Norway,0.7,5,150,123,8,10,proto_1;proto_3;proto_4,true cosine similarity,"{""type"":""MultiPoint"",""coordinates"":[]}"
1_1_1_2_40,proto_1;proto_2;proto_3;proto_4;proto_5,EPSG:32632,30,0,EPSG:32632,2024,1.1,2.1,1.02,31N|32N,spatiotemporally held-out,2025,A40,12.536863135524957,ESA WorldCover 2021 class 80,Raw64 + class similarities + margins,Raw64_ClassSimilarity_Margins,5,predicted positive AND individual object truth / individual object truth,unweighted 10 m pixel counts,Norway,0.7,5,150,123,8,10,proto_1;proto_3;proto_4,true cosine similarity,"{""type"":""MultiPoint"",""coordinates"":[]}"
1_1_1_2_41,proto_1;proto_2;proto_3;proto_4;proto_5,EPSG:32632,30,0,EPSG:32632,2024,1.1,2.1,1.02,31N|32N,spatiotemporally held-out,2025,A41,11.75977361512361,ESA WorldCover 2021 class 80,Raw64 + class similarities + margins,Raw64_ClassSimilarity_Margins,5,predicted positive AND individual object truth / individual object truth,unweighted 10 m pixel counts,Norway,0.7,5,150,123,8,10,proto_1;proto_3;proto_4,true cosine similarity,"{""type"":""MultiPoint"",""coordinates"":[]}"
1_1_1_2_42,proto_1;proto_2;proto_3;proto_4;proto_5,EPSG:32632,30,0,EPSG:32632,2024,1.1,2.1,1.02,31N|32N,spatiotemporally held-out,2025,A42,15.198739250124165,ESA WorldCover 2021 class 80,Raw64 + class similarities + margins,Raw64_ClassSimilarity_Margins,5,predicted positive AND individual object truth / individual object truth,unweighted 10 m pixel counts,Norway,0.7,5,150,123,8,10,proto_1;proto_3;proto_4,true cosine similarity,"{""type"":""MultiPoint"",""coordinates"":[]}"
1_1_1_2_43,proto_1;proto_2;proto_3;proto_4;proto_5,EPSG:32632,30,0,EPSG:32632,2024,1.1,2.1,1.02,31N|32N,spatiotemporally held-out,2025,A43,26.19126428787432,ESA WorldCover 2021 class 80,Raw64 + class similarities + margins,Raw64_ClassSimilarity_Margins,5,predicted positive AND individual object truth / individual object truth,unweighted 10 m pixel counts,Norway,0.7,5,150,123,8,10,proto_1;proto_3;proto_4,true cosine similarity,"{""type"":""MultiPoint"",""coordinates"":[]}"
1_1_1_2_44,proto_1;proto_2;proto_3;proto_4;proto_5,EPSG:32632,30,0,EPSG:32632,2024,1.1,2.1,1.02,31N|32N,spatiotemporally held-out,2025,A44,21.317108621767325,ESA WorldCover 2021 class 80,Raw64 + class similarities + margins,Raw64_ClassSimilarity_Margins,5,predicted positive AND individual object truth / individual object truth,unweighted 10 m pixel counts,Norway,0.7,5,150,123,8,10,proto_1;proto_3;proto_4,true cosine similarity,"{""type"":""MultiPoint"",""coordinates"":[]}"
1_1_1_2_45,proto_1;proto_2;proto_3;proto_4;proto_5,EPSG:32632,30,0,EPSG:32632,2024,1.1,2.1,1.02,31N|32N,spatiotemporally held-out,2025,A45,13.040738304137193,ESA WorldCover 2021 class 80,Raw64 + class similarities + margins,Raw64_ClassSimilarity_Margins,5,predicted positive AND individual object truth / individual object truth,unweighted 10 m pixel counts,Norway,0.7,5,150,123,8,10,proto_1;proto_3;proto_4,true cosine similarity,"{""type"":""MultiPoint"",""coordinates"":[]}"
1_1_1_2_46,proto_1;proto_2;proto_3;proto_4;proto_5,EPSG:32632,30,0,EPSG:32632,2024,1.1,2.1,1.02,31N|32N,spatiotemporally held-out,2025,A46,10.05513434707364,ESA WorldCover 2021 class 80,Raw64 + class similarities + margins,Raw64_ClassSimilarity_Margins,5,predicted positive AND individual object truth / individual object truth,unweighted 10 m pixel counts,Norway,0.7,5,150,123,8,10,proto_1;proto_3;proto_4,true cosine similarity,"{""type"":""MultiPoint"",""coordinates"":[]}"
1_1_1_2_47,proto_1;proto_2;proto_3;proto_4;proto_5,EPSG:32632,30,0,EPSG:32632,2024,1.1,2.1,1.02,31N|32N,spatiotemporally held-out,2025,A47,18.985934969173353,ESA WorldCover 2021 class 80,Raw64 + class similarities + margins,Raw64_ClassSimilarity_Margins,5,predicted positive AND individual object truth / individual object truth,unweighted 10 m pixel counts,Norway,0.7,5,150,123,8,10,proto_1;proto_3;proto_4,true cosine similarity,"{""type"":""MultiPoint"",""coordinates"":[]}"
1_1_1_2_48,proto_1;proto_2;proto_3;proto_4;proto_5,EPSG:32632,30,0,EPSG:32632,2024,1.1,2.1,1.02,31N|32N,spatiotemporally held-out,2025,A48,29.582929021095374,ESA WorldCover 2021 class 80,Raw64 + class similarities + margins,Raw64_ClassSimilarity_Margins,5,predicted positive AND individual object truth / individual object truth,unweighted 10 m pixel counts,Norway,0.7,5,150,123,8,10,proto_1;proto_3;proto_4,true cosine similarity,"{""type"":""MultiPoint"",""coordinates"":[]}"
1_1_1_2_49,proto_1;proto_2;proto_3;proto_4;proto_5,EPSG:32632,30,0,EPSG:32632,2024,1.1,2.1,1.02,31N|32N,spatiotemporally held-out,2025,A49,8.978905943304012,ESA WorldCover 2021 class 80,Raw64 + class similarities + margins,Raw64_ClassSimilarity_Margins,5,predicted positive AND individual object truth / individual object truth,unweighted 10 m pixel counts,Norway,0.7,5,150,123,8,10,proto_1;proto_3;proto_4,true cosine similarity,"{""type"":""MultiPoint"",""coordinates"":[]}"
1_1_1_2_50,proto_1;proto_2;proto_3;proto_4;proto_5,EPSG:32632,30,0,EPSG:32632,2024,1.1,2.1,1.02,31N|32N,spatiotemporally held-out,2025,A50,25.820069472010783,ESA WorldCover 2021 class 80,Raw64 + class similarities + margins,Raw64_ClassSimilarity_Margins,5,predicted positive AND individual object truth / individual object truth,unweighted 10 m pixel counts,Norway,0.7,5,150,123,8,10,proto_1;proto_3;proto_4,true cosine similarity,"{""type"":""MultiPoint"",""coordinates"":[]}"
1_1_1_2_51,proto_1;proto_2;proto_3;proto_4;proto_5,EPSG:32632,30,0,EPSG:32632,2024,1.1,2.1,1.02,31N|32N,spatiotemporally held-out,2025,A51,9.32513435276161,ESA WorldCover 2021 class 80,Raw64 + class similarities + margins,Raw64_ClassSimilarity_Margins,5,predicted positive AND individual object truth / individual object truth,unweighted 10 m pixel counts,Norway,0.7,5,150,123,8,10,proto_1;proto_3;proto_4,true cosine similarity,"{""type"":""MultiPoint"",""coordinates"":[]}"
1_1_1_2_52,proto_1;proto_2;proto_3;proto_4;proto_5,EPSG:32632,30,0,EPSG:32632,2024,1.1,2.1,1.02,31N|32N,spatiotemporally held-out,2025,A52,22.18184294994657,ESA WorldCover 2021 class 80,Raw64 + class similarities + margins,Raw64_ClassSimilarity_Margins,5,predicted positive AND individual object truth / individual object truth,unweighted 10 m pixel counts,Norway,0.7,5,150,123,8,10,proto_1;proto_3;proto_4,true cosine similarity,"{""type"":""MultiPoint"",""coordinates"":[]}"
1_1_1_2_53,proto_1;proto_2;proto_3;proto_4;proto_5,EPSG:32632,30,0,EPSG:32632,2024,1.1,2.1,1.02,31N|32N,spatiotemporally held-out,2025,A53,12.298787912162354,ESA WorldCover 2021 class 80,Raw64 + class similarities + margins,Raw64_ClassSimilarity_Margins,5,predicted positive AND individual object truth / individual object truth,unweighted 10 m pixel counts,Norway,0.7,5,150,123,8,10,proto_1;proto_3;proto_4,true cosine similarity,"{""type"":""MultiPoint"",""coordinates"":[]}"
1_1_1_2_54,proto_1;proto_2;proto_3;proto_4;proto_5,EPSG:32632,30,0,EPSG:32632,2024,1.1,2.1,1.02,31N|32N,spatiotemporally held-out,2025,A54,16.53499845792939,ESA WorldCover 2021 class 80,Raw64 + class similarities + margins,Raw64_ClassSimilarity_Margins,5,predicted positive AND individual object truth / individual object truth,unweighted 10 m pixel counts,Norway,0.7,5,150,123,8,10,proto_1;proto_3;proto_4,true cosine similarity,"{""type"":""MultiPoint"",""coordinates"":[]}"
1_1_1_2_55,proto_1;proto_2;proto_3;proto_4;proto_5,EPSG:32632,30,0,EPSG:32632,2024,1.1,2.1,1.02,31N|32N,spatiotemporally held-out,2025,A55,29.752616037032617,ESA WorldCover 2021 class 80,Raw64 + class similarities + margins,Raw64_ClassSimilarity_Margins,5,predicted positive AND individual object truth / individual object truth,unweighted 10 m pixel counts,Norway,0.7,5,150,123,8,10,proto_1;proto_3;proto_4,true cosine similarity,"{""type"":""MultiPoint"",""coordinates"":[]}"
1_1_1_2_56,proto_1;proto_2;proto_3;proto_4;proto_5,EPSG:32632,30,0,EPSG:32632,2024,1.1,2.1,1.02,31N|32N,spatiotemporally held-out,2025,A56,12.668500098360688,ESA WorldCover 2021 class 80,Raw64 + class similarities + margins,Raw64_ClassSimilarity_Margins,5,predicted positive AND individual object truth / individual object truth,unweighted 10 m pixel counts,Norway,0.7,5,150,123,8,10,proto_1;proto_3;proto_4,true cosine similarity,"{""type"":""MultiPoint"",""coordinates"":[]}"
1_1_1_2_57,proto_1;proto_2;proto_3;proto_4;proto_5,EPSG:32632,30,0,EPSG:32632,2024,1.1,2.1,1.02,31N|32N,spatiotemporally held-out,2025,A57,18.55364059730896,ESA WorldCover 2021 class 80,Raw64 + class similarities + margins,Raw64_ClassSimilarity_Margins,5,predicted positive AND individual object truth / individual object truth,unweighted 10 m pixel counts,Norway,0.7,5,150,123,8,10,proto_1;proto_3;proto_4,true cosine similarity,"{""type"":""MultiPoint"",""coordinates"":[]}"
1_1_1_2_58,proto_1;proto_2;proto_3;proto_4;proto_5,EPSG:32632,30,0,EPSG:32632,2024,1.1,2.1,1.02,31N|32N,spatiotemporally held-out,2025,A58,21.821704012015367,ESA WorldCover 2021 class 80,Raw64 + class similarities + margins,Raw64_ClassSimilarity_Margins,5,predicted positive AND individual object truth / individual object truth,unweighted 10 m pixel counts,Norway,0.7,5,150,123,8,10,proto_1;proto_3;proto_4,true cosine similarity,"{""type"":""MultiPoint"",""coordinates"":[]}"
1_1_1_2_59,proto_1;proto_2;proto_3;proto_4;proto_5,EPSG:32632,30,0,EPSG:32632,2024,1.1,2.1,1.02,31N|32N,spatiotemporally held-out,2025,A59,33.673665373285985,ESA WorldCover 2021 class 80,Raw64 + class similarities + margins,Raw64_ClassSimilarity_Margins,5,predicted positive AND individual object truth / individual object truth,unweighted 10 m pixel counts,Norway,0.7,5,150,123,8,10,proto_1;proto_3;proto_4,true cosine similarity,"{""type"":""MultiPoint"",""coordinates"":[]}"
1_1_1_2_60,proto_1;proto_2;proto_3;proto_4;proto_5,EPSG:32632,30,0,EPSG:32632,2024,1.1,2.1,1.02,31N|32N,spatiotemporally held-out,2025,A60,15.21069762165669,ESA WorldCover 2021 class 80,Raw64 + class similarities + margins,Raw64_ClassSimilarity_Margins,5,predicted positive AND individual object truth / individual object truth,unweighted 10 m pixel counts,Norway,0.7,5,150,123,8,10,proto_1;proto_3;proto_4,true cosine similarity,"{""type"":""MultiPoint"",""coordinates"":[]}"
1_1_1_2_61,proto_1;proto_2;proto_3;proto_4;proto_5,EPSG:32632,30,0,EPSG:32632,2024,1.1,2.1,1.02,31N|32N,spatiotemporally held-out,2025,A61,18.174651758630755,ESA WorldCover 2021 class 80,Raw64 + class similarities + margins,Raw64_ClassSimilarity_Margins,5,predicted positive AND individual object truth / individual object truth,unweighted 10 m pixel counts,Norway,0.7,5,150,123,8,10,proto_1;proto_3;proto_4,true cosine similarity,"{""type"":""MultiPoint"",""coordinates"":[]}"
1_1_1_2_62,proto_1;proto_2;proto_3;proto_4;proto_5,EPSG:32632,30,0,EPSG:32632,2024,1.1,2.1,1.02,31N|32N,spatiotemporally held-out,2025,A62,19.471855239167297,ESA WorldCover 2021 class 80,Raw64 + class similarities + margins,Raw64_ClassSimilarity_Margins,5,predicted positive AND individual object truth / individual object truth,unweighted 10 m pixel counts,Norway,0.7,5,150,123,8,10,proto_1;proto_3;proto_4,true cosine similarity,"{""type"":""MultiPoint"",""coordinates"":[]}"
1_1_1_2_63,proto_1;proto_2;proto_3;proto_4;proto_5,EPSG:32632,30,0,EPSG:32632,2024,1.1,2.1,1.02,31N|32N,spatiotemporally held-out,2025,A63,10.926253071705835,ESA WorldCover 2021 class 80,Raw64 + class similarities + margins,Raw64_ClassSimilarity_Margins,5,predicted positive AND individual object truth / individual object truth,unweighted 10 m pixel counts,Norway,0.7,5,150,123,8,10,proto_1;proto_3;proto_4,true cosine similarity,"{""type"":""MultiPoint"",""coordinates"":[]}"
1_1_1_2_64,proto_1;proto_2;proto_3;proto_4;proto_5,EPSG:32632,30,0,EPSG:32632,2024,1.1,2.1,1.02,31N|32N,spatiotemporally held-out,2025,conf_sim,27.478367560069,ESA WorldCover 2021 class 80,Raw64 + class similarities + margins,Raw64_ClassSimilarity_Margins,5,predicted positive AND individual object truth / individual object truth,unweighted 10 m pixel counts,Norway,0.7,5,150,123,8,10,proto_1;proto_3;proto_4,true cosine similarity,"{""type"":""MultiPoint"",""coordinates"":[]}"
1_1_1_2_65,proto_1;proto_2;proto_3;proto_4;proto_5,EPSG:32632,30,0,EPSG:32632,2024,1.1,2.1,1.02,31N|32N,spatiotemporally held-out,2025,farm_sim,40.25495814815046,ESA WorldCover 2021 class 80,Raw64 + class similarities + margins,Raw64_ClassSimilarity_Margins,5,predicted positive AND individual object truth / individual object truth,unweighted 10 m pixel counts,Norway,0.7,5,150,123,8,10,proto_1;proto_3;proto_4,true cosine similarity,"{""type"":""MultiPoint"",""coordinates"":[]}"
1_1_1_2_66,proto_1;proto_2;proto_3;proto_4;proto_5,EPSG:32632,30,0,EPSG:32632,2024,1.1,2.1,1.02,31N|32N,spatiotemporally held-out,2025,margin_best_noise,39.015225940195236,ESA WorldCover 2021 class 80,Raw64 + class similarities + margins,Raw64_ClassSimilarity_Margins,5,predicted positive AND individual object truth / individual object truth,unweighted 10 m pixel counts,Norway,0.7,5,150,123,8,10,proto_1;proto_3;proto_4,true cosine similarity,"{""type"":""MultiPoint"",""coordinates"":[]}"
1_1_1_2_67,proto_1;proto_2;proto_3;proto_4;proto_5,EPSG:32632,30,0,EPSG:32632,2024,1.1,2.1,1.02,31N|32N,spatiotemporally held-out,2025,margin_conf,36.02892649894247,ESA WorldCover 2021 class 80,Raw64 + class similarities + margins,Raw64_ClassSimilarity_Margins,5,predicted positive AND individual object truth / individual object truth,unweighted 10 m pixel counts,Norway,0.7,5,150,123,8,10,proto_1;proto_3;proto_4,true cosine similarity,"{""type"":""MultiPoint"",""coordinates"":[]}"
1_1_1_2_68,proto_1;proto_2;proto_3;proto_4;proto_5,EPSG:32632,30,0,EPSG:32632,2024,1.1,2.1,1.02,31N|32N,spatiotemporally held-out,2025,margin_ocean,31.011162901089417,ESA WorldCover 2021 class 80,Raw64 + class similarities + margins,Raw64_ClassSimilarity_Margins,5,predicted positive AND individual object truth / individual object truth,unweighted 10 m pixel counts,Norway,0.7,5,150,123,8,10,proto_1;proto_3;proto_4,true cosine similarity,"{""type"":""MultiPoint"",""coordinates"":[]}"
1_1_1_2_69,proto_1;proto_2;proto_3;proto_4;proto_5,EPSG:32632,30,0,EPSG:32632,2024,1.1,2.1,1.02,31N|32N,spatiotemporally held-out,2025,ocean_sim,26.47133569423335,ESA WorldCover 2021 class 80,Raw64 + class similarities + margins,Raw64_ClassSimilarity_Margins,5,predicted positive AND individual object truth / individual object truth,unweighted 10 m pixel counts,Norway,0.7,5,150,123,8,10,proto_1;proto_3;proto_4,true cosine similarity,"{""type"":""MultiPoint"",""coordinates"":[]}"
1_1_2_0,proto_1;proto_2;proto_3;proto_4;proto_5,EPSG:32632,30,0,EPSG:32632,2024,1.1,2.1,1.02,31N|32N,spatiotemporally held-out,2025,A00,22.149592742687677,ESA WorldCover 2021 class 80,Raw64 + class similarities + margins + all prototypes,Raw64_ClassSimilarity_Margins_AllPrototypes,5,predicted positive AND individual object truth / individual object truth,unweighted 10 m pixel counts,Norway,0.7,5,150,123,8,10,proto_1;proto_3;proto_4,true cosine similarity,"{""type"":""MultiPoint"",""coordinates"":[]}"
1_1_2_1,proto_1;proto_2;proto_3;proto_4;proto_5,EPSG:32632,30,0,EPSG:32632,2024,1.1,2.1,1.02,31N|32N,spatiotemporally held-out,2025,A01,15.56500544977359,ESA WorldCover 2021 class 80,Raw64 + class similarities + margins + all prototypes,Raw64_ClassSimilarity_Margins_AllPrototypes,5,predicted positive AND individual object truth / individual object truth,unweighted 10 m pixel counts,Norway,0.7,5,150,123,8,10,proto_1;proto_3;proto_4,true cosine similarity,"{""type"":""MultiPoint"",""coordinates"":[]}"
1_1_2_2,proto_1;proto_2;proto_3;proto_4;proto_5,EPSG:32632,30,0,EPSG:32632,2024,1.1,2.1,1.02,31N|32N,spatiotemporally held-out,2025,A02,19.531226228963508,ESA WorldCover 2021 class 80,Raw64 + class similarities + margins + all prototypes,Raw64_ClassSimilarity_Margins_AllPrototypes,5,predicted positive AND individual object truth / individual object truth,unweighted 10 m pixel counts,Norway,0.7,5,150,123,8,10,proto_1;proto_3;proto_4,true cosine similarity,"{""type"":""MultiPoint"",""coordinates"":[]}"
1_1_2_3,proto_1;proto_2;proto_3;proto_4;proto_5,EPSG:32632,30,0,EPSG:32632,2024,1.1,2.1,1.02,31N|32N,spatiotemporally held-out,2025,A03,10.598398608799577,ESA WorldCover 2021 class 80,Raw64 + class similarities + margins + all prototypes,Raw64_ClassSimilarity_Margins_AllPrototypes,5,predicted positive AND individual object truth / individual object truth,unweighted 10 m pixel counts,Norway,0.7,5,150,123,8,10,proto_1;proto_3;proto_4,true cosine similarity,"{""type"":""MultiPoint"",""coordinates"":[]}"
1_1_2_4,proto_1;proto_2;proto_3;proto_4;proto_5,EPSG:32632,30,0,EPSG:32632,2024,1.1,2.1,1.02,31N|32N,spatiotemporally held-out,2025,A04,18.067904777881633,ESA WorldCover 2021 class 80,Raw64 + class similarities + margins + all prototypes,Raw64_ClassSimilarity_Margins_AllPrototypes,5,predicted positive AND individual object truth / individual object truth,unweighted 10 m pixel counts,Norway,0.7,5,150,123,8,10,proto_1;proto_3;proto_4,true cosine similarity,"{""type"":""MultiPoint"",""coordinates"":[]}"
1_1_2_5,proto_1;proto_2;proto_3;proto_4;proto_5,EPSG:32632,30,0,EPSG:32632,2024,1.1,2.1,1.02,31N|32N,spatiotemporally held-out,2025,A05,23.47378555654739,ESA WorldCover 2021 class 80,Raw64 + class similarities + margins + all prototypes,Raw64_ClassSimilarity_Margins_AllPrototypes,5,predicted positive AND individual object truth / individual object truth,unweighted 10 m pixel counts,Norway,0.7,5,150,123,8,10,proto_1;proto_3;proto_4,true cosine similarity,"{""type"":""MultiPoint"",""coordinates"":[]}"
1_1_2_6,proto_1;proto_2;proto_3;proto_4;proto_5,EPSG:32632,30,0,EPSG:32632,2024,1.1,2.1,1.02,31N|32N,spatiotemporally held-out,2025,A06,15.879711778548502,ESA WorldCover 2021 class 80,Raw64 + class similarities + margins + all prototypes,Raw64_ClassSimilarity_Margins_AllPrototypes,5,predicted positive AND individual object truth / individual object truth,unweighted 10 m pixel counts,Norway,0.7,5,150,123,8,10,proto_1;proto_3;proto_4,true cosine similarity,"{""type"":""MultiPoint"",""coordinates"":[]}"
1_1_2_7,proto_1;proto_2;proto_3;proto_4;proto_5,EPSG:32632,30,0,EPSG:32632,2024,1.1,2.1,1.02,31N|32N,spatiotemporally held-out,2025,A07,13.904956117485575,ESA WorldCover 2021 class 80,Raw64 + class similarities + margins + all prototypes,Raw64_ClassSimilarity_Margins_AllPrototypes,5,predicted positive AND individual object truth / individual object truth,unweighted 10 m pixel counts,Norway,0.7,5,150,123,8,10,proto_1;proto_3;proto_4,true cosine similarity,"{""type"":""MultiPoint"",""coordinates"":[]}"
1_1_2_8,proto_1;proto_2;proto_3;proto_4;proto_5,EPSG:32632,30,0,EPSG:32632,2024,1.1,2.1,1.02,31N|32N,spatiotemporally held-out,2025,A08,11.01408034137343,ESA WorldCover 2021 class 80,Raw64 + class similarities + margins + all prototypes,Raw64_ClassSimilarity_Margins_AllPrototypes,5,predicted positive AND individual object truth / individual object truth,unweighted 10 m pixel counts,Norway,0.7,5,150,123,8,10,proto_1;proto_3;proto_4,true cosine similarity,"{""type"":""MultiPoint"",""coordinates"":[]}"
1_1_2_9,proto_1;proto_2;proto_3;proto_4;proto_5,EPSG:32632,30,0,EPSG:32632,2024,1.1,2.1,1.02,31N|32N,spatiotemporally held-out,2025,A09,5.579199544162138,ESA WorldCover 2021 class 80,Raw64 + class similarities + margins + all prototypes,Raw64_ClassSimilarity_Margins_AllPrototypes,5,predicted positive AND individual object truth / individual object truth,unweighted 10 m pixel counts,Norway,0.7,5,150,123,8,10,proto_1;proto_3;proto_4,true cosine similarity,"{""type"":""MultiPoint"",""coordinates"":[]}"
1_1_2_10,proto_1;proto_2;proto_3;proto_4;proto_5,EPSG:32632,30,0,EPSG:32632,2024,1.1,2.1,1.02,31N|32N,spatiotemporally held-out,2025,A10,13.045408633329961,ESA WorldCover 2021 class 80,Raw64 + class similarities + margins + all prototypes,Raw64_ClassSimilarity_Margins_AllPrototypes,5,predicted positive AND individual object truth / individual object truth,unweighted 10 m pixel counts,Norway,0.7,5,150,123,8,10,proto_1;proto_3;proto_4,true cosine similarity,"{""type"":""MultiPoint"",""coordinates"":[]}"
1_1_2_11,proto_1;proto_2;proto_3;proto_4;proto_5,EPSG:32632,30,0,EPSG:32632,2024,1.1,2.1,1.02,31N|32N,spatiotemporally held-out,2025,A11,12.04796218160701,ESA WorldCover 2021 class 80,Raw64 + class similarities + margins + all prototypes,Raw64_ClassSimilarity_Margins_AllPrototypes,5,predicted positive AND individual object truth / individual object truth,unweighted 10 m pixel counts,Norway,0.7,5,150,123,8,10,proto_1;proto_3;proto_4,true cosine similarity,"{""type"":""MultiPoint"",""coordinates"":[]}"
1_1_2_12,proto_1;proto_2;proto_3;proto_4;proto_5,EPSG:32632,30,0,EPSG:32632,2024,1.1,2.1,1.02,31N|32N,spatiotemporally held-out,2025,A12,17.85064381034295,ESA WorldCover 2021 class 80,Raw64 + class similarities + margins + all prototypes,Raw64_ClassSimilarity_Margins_AllPrototypes,5,predicted positive AND individual object truth / individual object truth,unweighted 10 m pixel counts,Norway,0.7,5,150,123,8,10,proto_1;proto_3;proto_4,true cosine similarity,"{""type"":""MultiPoint"",""coordinates"":[]}"
1_1_2_13,proto_1;proto_2;proto_3;proto_4;proto_5,EPSG:32632,30,0,EPSG:32632,2024,1.1,2.1,1.02,31N|32N,spatiotemporally held-out,2025,A13,16.20979337653376,ESA WorldCover 2021 class 80,Raw64 + class similarities + margins + all prototypes,Raw64_ClassSimilarity_Margins_AllPrototypes,5,predicted positive AND individual object truth / individual object truth,unweighted 10 m pixel counts,Norway,0.7,5,150,123,8,10,proto_1;proto_3;proto_4,true cosine similarity,"{""type"":""MultiPoint"",""coordinates"":[]}"
1_1_2_14,proto_1;proto_2;proto_3;proto_4;proto_5,EPSG:32632,30,0,EPSG:32632,2024,1.1,2.1,1.02,31N|32N,spatiotemporally held-out,2025,A14,15.655270256952731,ESA WorldCover 2021 class 80,Raw64 + class similarities + margins + all prototypes,Raw64_ClassSimilarity_Margins_AllPrototypes,5,predicted positive AND individual object truth / individual object truth,unweighted 10 m pixel counts,Norway,0.7,5,150,123,8,10,proto_1;proto_3;proto_4,true cosine similarity,"{""type"":""MultiPoint"",""coordinates"":[]}"
1_1_2_15,proto_1;proto_2;proto_3;proto_4;proto_5,EPSG:32632,30,0,EPSG:32632,2024,1.1,2.1,1.02,31N|32N,spatiotemporally held-out,2025,A15,16.463108936091043,ESA WorldCover 2021 class 80,Raw64 + class similarities + margins + all prototypes,Raw64_ClassSimilarity_Margins_AllPrototypes,5,predicted positive AND individual object truth / individual object truth,unweighted 10 m pixel counts,Norway,0.7,5,150,123,8,10,proto_1;proto_3;proto_4,true cosine similarity,"{""type"":""MultiPoint"",""coordinates"":[]}"
1_1_2_16,proto_1;proto_2;proto_3;proto_4;proto_5,EPSG:32632,30,0,EPSG:32632,2024,1.1,2.1,1.02,31N|32N,spatiotemporally held-out,2025,A16,18.502716321567934,ESA WorldCover 2021 class 80,Raw64 + class similarities + margins + all prototypes,Raw64_ClassSimilarity_Margins_AllPrototypes,5,predicted positive AND individual object truth / individual object truth,unweighted 10 m pixel counts,Norway,0.7,5,150,123,8,10,proto_1;proto_3;proto_4,true cosine similarity,"{""type"":""MultiPoint"",""coordinates"":[]}"
1_1_2_17,proto_1;proto_2;proto_3;proto_4;proto_5,EPSG:32632,30,0,EPSG:32632,2024,1.1,2.1,1.02,31N|32N,spatiotemporally held-out,2025,A17,9.793764390494346,ESA WorldCover 2021 class 80,Raw64 + class similarities + margins + all prototypes,Raw64_ClassSimilarity_Margins_AllPrototypes,5,predicted positive AND individual object truth / individual object truth,unweighted 10 m pixel counts,Norway,0.7,5,150,123,8,10,proto_1;proto_3;proto_4,true cosine similarity,"{""type"":""MultiPoint"",""coordinates"":[]}"
1_1_2_18,proto_1;proto_2;proto_3;proto_4;proto_5,EPSG:32632,30,0,EPSG:32632,2024,1.1,2.1,1.02,31N|32N,spatiotemporally held-out,2025,A18,10.412464221575393,ESA WorldCover 2021 class 80,Raw64 + class similarities + margins + all prototypes,Raw64_ClassSimilarity_Margins_AllPrototypes,5,predicted positive AND individual object truth / individual object truth,unweighted 10 m pixel counts,Norway,0.7,5,150,123,8,10,proto_1;proto_3;proto_4,true cosine similarity,"{""type"":""MultiPoint"",""coordinates"":[]}"
1_1_2_19,proto_1;proto_2;proto_3;proto_4;proto_5,EPSG:32632,30,0,EPSG:32632,2024,1.1,2.1,1.02,31N|32N,spatiotemporally held-out,2025,A19,11.9634466243019,ESA WorldCover 2021 class 80,Raw64 + class similarities + margins + all prototypes,Raw64_ClassSimilarity_Margins_AllPrototypes,5,predicted positive AND individual object truth / individual object truth,unweighted 10 m pixel counts,Norway,0.7,5,150,123,8,10,proto_1;proto_3;proto_4,true cosine similarity,"{""type"":""MultiPoint"",""coordinates"":[]}"
1_1_2_20,proto_1;proto_2;proto_3;proto_4;proto_5,EPSG:32632,30,0,EPSG:32632,2024,1.1,2.1,1.02,31N|32N,spatiotemporally held-out,2025,A20,17.674439465619916,ESA WorldCover 2021 class 80,Raw64 + class similarities + margins + all prototypes,Raw64_ClassSimilarity_Margins_AllPrototypes,5,predicted positive AND individual object truth / individual object truth,unweighted 10 m pixel counts,Norway,0.7,5,150,123,8,10,proto_1;proto_3;proto_4,true cosine similarity,"{""type"":""MultiPoint"",""coordinates"":[]}"
1_1_2_21,proto_1;proto_2;proto_3;proto_4;proto_5,EPSG:32632,30,0,EPSG:32632,2024,1.1,2.1,1.02,31N|32N,spatiotemporally held-out,2025,A21,18.068262434970013,ESA WorldCover 2021 class 80,Raw64 + class similarities + margins + all prototypes,Raw64_ClassSimilarity_Margins_AllPrototypes,5,predicted positive AND individual object truth / individual object truth,unweighted 10 m pixel counts,Norway,0.7,5,150,123,8,10,proto_1;proto_3;proto_4,true cosine similarity,"{""type"":""MultiPoint"",""coordinates"":[]}"
1_1_2_22,proto_1;proto_2;proto_3;proto_4;proto_5,EPSG:32632,30,0,EPSG:32632,2024,1.1,2.1,1.02,31N|32N,spatiotemporally held-out,2025,A22,12.325560940232375,ESA WorldCover 2021 class 80,Raw64 + class similarities + margins + all prototypes,Raw64_ClassSimilarity_Margins_AllPrototypes,5,predicted positive AND individual object truth / individual object truth,unweighted 10 m pixel counts,Norway,0.7,5,150,123,8,10,proto_1;proto_3;proto_4,true cosine similarity,"{""type"":""MultiPoint"",""coordinates"":[]}"
1_1_2_23,proto_1;proto_2;proto_3;proto_4;proto_5,EPSG:32632,30,0,EPSG:32632,2024,1.1,2.1,1.02,31N|32N,spatiotemporally held-out,2025,A23,20.283945520991406,ESA WorldCover 2021 class 80,Raw64 + class similarities + margins + all prototypes,Raw64_ClassSimilarity_Margins_AllPrototypes,5,predicted positive AND individual object truth / individual object truth,unweighted 10 m pixel counts,Norway,0.7,5,150,123,8,10,proto_1;proto_3;proto_4,true cosine similarity,"{""type"":""MultiPoint"",""coordinates"":[]}"
1_1_2_24,proto_1;proto_2;proto_3;proto_4;proto_5,EPSG:32632,30,0,EPSG:32632,2024,1.1,2.1,1.02,31N|32N,spatiotemporally held-out,2025,A24,11.632883946367542,ESA WorldCover 2021 class 80,Raw64 + class similarities + margins + all prototypes,Raw64_ClassSimilarity_Margins_AllPrototypes,5,predicted positive AND individual object truth / individual object truth,unweighted 10 m pixel counts,Norway,0.7,5,150,123,8,10,proto_1;proto_3;proto_4,true cosine similarity,"{""type"":""MultiPoint"",""coordinates"":[]}"
1_1_2_25,proto_1;proto_2;proto_3;proto_4;proto_5,EPSG:32632,30,0,EPSG:32632,2024,1.1,2.1,1.02,31N|32N,spatiotemporally held-out,2025,A25,9.948187572349763,ESA WorldCover 2021 class 80,Raw64 + class similarities + margins + all prototypes,Raw64_ClassSimilarity_Margins_AllPrototypes,5,predicted positive AND individual object truth / individual object truth,unweighted 10 m pixel counts,Norway,0.7,5,150,123,8,10,proto_1;proto_3;proto_4,true cosine similarity,"{""type"":""MultiPoint"",""coordinates"":[]}"
1_1_2_26,proto_1;proto_2;proto_3;proto_4;proto_5,EPSG:32632,30,0,EPSG:32632,2024,1.1,2.1,1.02,31N|32N,spatiotemporally held-out,2025,A26,14.2170781926401,ESA WorldCover 2021 class 80,Raw64 + class similarities + margins + all prototypes,Raw64_ClassSimilarity_Margins_AllPrototypes,5,predicted positive AND individual object truth / individual object truth,unweighted 10 m pixel counts,Norway,0.7,5,150,123,8,10,proto_1;proto_3;proto_4,true cosine similarity,"{""type"":""MultiPoint"",""coordinates"":[]}"
1_1_2_27,proto_1;proto_2;proto_3;proto_4;proto_5,EPSG:32632,30,0,EPSG:32632,2024,1.1,2.1,1.02,31N|32N,spatiotemporally held-out,2025,A27,14.116213774087225,ESA WorldCover 2021 class 80,Raw64 + class similarities + margins + all prototypes,Raw64_ClassSimilarity_Margins_AllPrototypes,5,predicted positive AND individual object truth / individual object truth,unweighted 10 m pixel counts,Norway,0.7,5,150,123,8,10,proto_1;proto_3;proto_4,true cosine similarity,"{""type"":""MultiPoint"",""coordinates"":[]}"
1_1_2_28,proto_1;proto_2;proto_3;proto_4;proto_5,EPSG:32632,30,0,EPSG:32632,2024,1.1,2.1,1.02,31N|32N,spatiotemporally held-out,2025,A28,14.72828319081689,ESA WorldCover 2021 class 80,Raw64 + class similarities + margins + all prototypes,Raw64_ClassSimilarity_Margins_AllPrototypes,5,predicted positive AND individual object truth / individual object truth,unweighted 10 m pixel counts,Norway,0.7,5,150,123,8,10,proto_1;proto_3;proto_4,true cosine similarity,"{""type"":""MultiPoint"",""coordinates"":[]}"
1_1_2_29,proto_1;proto_2;proto_3;proto_4;proto_5,EPSG:32632,30,0,EPSG:32632,2024,1.1,2.1,1.02,31N|32N,spatiotemporally held-out,2025,A29,8.514239562325843,ESA WorldCover 2021 class 80,Raw64 + class similarities + margins + all prototypes,Raw64_ClassSimilarity_Margins_AllPrototypes,5,predicted positive AND individual object truth / individual object truth,unweighted 10 m pixel counts,Norway,0.7,5,150,123,8,10,proto_1;proto_3;proto_4,true cosine similarity,"{""type"":""MultiPoint"",""coordinates"":[]}"
1_1_2_30,proto_1;proto_2;proto_3;proto_4;proto_5,EPSG:32632,30,0,EPSG:32632,2024,1.1,2.1,1.02,31N|32N,spatiotemporally held-out,2025,A30,17.664003632177966,ESA WorldCover 2021 class 80,Raw64 + class similarities + margins + all prototypes,Raw64_ClassSimilarity_Margins_AllPrototypes,5,predicted positive AND individual object truth / individual object truth,unweighted 10 m pixel counts,Norway,0.7,5,150,123,8,10,proto_1;proto_3;proto_4,true cosine similarity,"{""type"":""MultiPoint"",""coordinates"":[]}"
1_1_2_31,proto_1;proto_2;proto_3;proto_4;proto_5,EPSG:32632,30,0,EPSG:32632,2024,1.1,2.1,1.02,31N|32N,spatiotemporally held-out,2025,A31,9.002360747701427,ESA WorldCover 2021 class 80,Raw64 + class similarities + margins + all prototypes,Raw64_ClassSimilarity_Margins_AllPrototypes,5,predicted positive AND individual object truth / individual object truth,unweighted 10 m pixel counts,Norway,0.7,5,150,123,8,10,proto_1;proto_3;proto_4,true cosine similarity,"{""type"":""MultiPoint"",""coordinates"":[]}"
1_1_2_32,proto_1;proto_2;proto_3;proto_4;proto_5,EPSG:32632,30,0,EPSG:32632,2024,1.1,2.1,1.02,31N|32N,spatiotemporally held-out,2025,A32,16.587859432423116,ESA WorldCover 2021 class 80,Raw64 + class similarities + margins + all prototypes,Raw64_ClassSimilarity_Margins_AllPrototypes,5,predicted positive AND individual object truth / individual object truth,unweighted 10 m pixel counts,Norway,0.7,5,150,123,8,10,proto_1;proto_3;proto_4,true cosine similarity,"{""type"":""MultiPoint"",""coordinates"":[]}"
1_1_2_33,proto_1;proto_2;proto_3;proto_4;proto_5,EPSG:32632,30,0,EPSG:32632,2024,1.1,2.1,1.02,31N|32N,spatiotemporally held-out,2025,A33,13.073446852772074,ESA WorldCover 2021 class 80,Raw64 + class similarities + margins + all prototypes,Raw64_ClassSimilarity_Margins_AllPrototypes,5,predicted positive AND individual object truth / individual object truth,unweighted 10 m pixel counts,Norway,0.7,5,150,123,8,10,proto_1;proto_3;proto_4,true cosine similarity,"{""type"":""MultiPoint"",""coordinates"":[]}"
1_1_2_34,proto_1;proto_2;proto_3;proto_4;proto_5,EPSG:32632,30,0,EPSG:32632,2024,1.1,2.1,1.02,31N|32N,spatiotemporally held-out,2025,A34,10.705260950942824,ESA WorldCover 2021 class 80,Raw64 + class similarities + margins + all prototypes,Raw64_ClassSimilarity_Margins_AllPrototypes,5,predicted positive AND individual object truth / individual object truth,unweighted 10 m pixel counts,Norway,0.7,5,150,123,8,10,proto_1;proto_3;proto_4,true cosine similarity,"{""type"":""MultiPoint"",""coordinates"":[]}"
1_1_2_35,proto_1;proto_2;proto_3;proto_4;proto_5,EPSG:32632,30,0,EPSG:32632,2024,1.1,2.1,1.02,31N|32N,spatiotemporally held-out,2025,A35,15.385215534718398,ESA WorldCover 2021 class 80,Raw64 + class similarities + margins + all prototypes,Raw64_ClassSimilarity_Margins_AllPrototypes,5,predicted positive AND individual object truth / individual object truth,unweighted 10 m pixel counts,Norway,0.7,5,150,123,8,10,proto_1;proto_3;proto_4,true cosine similarity,"{""type"":""MultiPoint"",""coordinates"":[]}"
1_1_2_36,proto_1;proto_2;proto_3;proto_4;proto_5,EPSG:32632,30,0,EPSG:32632,2024,1.1,2.1,1.02,31N|32N,spatiotemporally held-out,2025,A36,26.7640986897748,ESA WorldCover 2021 class 80,Raw64 + class similarities + margins + all prototypes,Raw64_ClassSimilarity_Margins_AllPrototypes,5,predicted positive AND individual object truth / individual object truth,unweighted 10 m pixel counts,Norway,0.7,5,150,123,8,10,proto_1;proto_3;proto_4,true cosine similarity,"{""type"":""MultiPoint"",""coordinates"":[]}"
1_1_2_37,proto_1;proto_2;proto_3;proto_4;proto_5,EPSG:32632,30,0,EPSG:32632,2024,1.1,2.1,1.02,31N|32N,spatiotemporally held-out,2025,A37,12.672210443914079,ESA WorldCover 2021 class 80,Raw64 + class similarities + margins + all prototypes,Raw64_ClassSimilarity_Margins_AllPrototypes,5,predicted positive AND individual object truth / individual object truth,unweighted 10 m pixel counts,Norway,0.7,5,150,123,8,10,proto_1;proto_3;proto_4,true cosine similarity,"{""type"":""MultiPoint"",""coordinates"":[]}"
1_1_2_38,proto_1;proto_2;proto_3;proto_4;proto_5,EPSG:32632,30,0,EPSG:32632,2024,1.1,2.1,1.02,31N|32N,spatiotemporally held-out,2025,A38,15.529257454629413,ESA WorldCover 2021 class 80,Raw64 + class similarities + margins + all prototypes,Raw64_ClassSimilarity_Margins_AllPrototypes,5,predicted positive AND individual object truth / individual object truth,unweighted 10 m pixel counts,Norway,0.7,5,150,123,8,10,proto_1;proto_3;proto_4,true cosine similarity,"{""type"":""MultiPoint"",""coordinates"":[]}"
1_1_2_39,proto_1;proto_2;proto_3;proto_4;proto_5,EPSG:32632,30,0,EPSG:32632,2024,1.1,2.1,1.02,31N|32N,spatiotemporally held-out,2025,A39,7.348454263726835,ESA WorldCover 2021 class 80,Raw64 + class similarities + margins + all prototypes,Raw64_ClassSimilarity_Margins_AllPrototypes,5,predicted positive AND individual object truth / individual object truth,unweighted 10 m pixel counts,Norway,0.7,5,150,123,8,10,proto_1;proto_3;proto_4,true cosine similarity,"{""type"":""MultiPoint"",""coordinates"":[]}"
1_1_2_40,proto_1;proto_2;proto_3;proto_4;proto_5,EPSG:32632,30,0,EPSG:32632,2024,1.1,2.1,1.02,31N|32N,spatiotemporally held-out,2025,A40,14.254818082551154,ESA WorldCover 2021 class 80,Raw64 + class similarities + margins + all prototypes,Raw64_ClassSimilarity_Margins_AllPrototypes,5,predicted positive AND individual object truth / individual object truth,unweighted 10 m pixel counts,Norway,0.7,5,150,123,8,10,proto_1;proto_3;proto_4,true cosine similarity,"{""type"":""MultiPoint"",""coordinates"":[]}"
1_1_2_41,proto_1;proto_2;proto_3;proto_4;proto_5,EPSG:32632,30,0,EPSG:32632,2024,1.1,2.1,1.02,31N|32N,spatiotemporally held-out,2025,A41,11.034643319965912,ESA WorldCover 2021 class 80,Raw64 + class similarities + margins + all prototypes,Raw64_ClassSimilarity_Margins_AllPrototypes,5,predicted positive AND individual object truth / individual object truth,unweighted 10 m pixel counts,Norway,0.7,5,150,123,8,10,proto_1;proto_3;proto_4,true cosine similarity,"{""type"":""MultiPoint"",""coordinates"":[]}"
1_1_2_42,proto_1;proto_2;proto_3;proto_4;proto_5,EPSG:32632,30,0,EPSG:32632,2024,1.1,2.1,1.02,31N|32N,spatiotemporally held-out,2025,A42,11.01433107497543,ESA WorldCover 2021 class 80,Raw64 + class similarities + margins + all prototypes,Raw64_ClassSimilarity_Margins_AllPrototypes,5,predicted positive AND individual object truth / individual object truth,unweighted 10 m pixel counts,Norway,0.7,5,150,123,8,10,proto_1;proto_3;proto_4,true cosine similarity,"{""type"":""MultiPoint"",""coordinates"":[]}"
1_1_2_43,proto_1;proto_2;proto_3;proto_4;proto_5,EPSG:32632,30,0,EPSG:32632,2024,1.1,2.1,1.02,31N|32N,spatiotemporally held-out,2025,A43,20.395833395762576,ESA WorldCover 2021 class 80,Raw64 + class similarities + margins + all prototypes,Raw64_ClassSimilarity_Margins_AllPrototypes,5,predicted positive AND individual object truth / individual object truth,unweighted 10 m pixel counts,Norway,0.7,5,150,123,8,10,proto_1;proto_3;proto_4,true cosine similarity,"{""type"":""MultiPoint"",""coordinates"":[]}"
1_1_2_44,proto_1;proto_2;proto_3;proto_4;proto_5,EPSG:32632,30,0,EPSG:32632,2024,1.1,2.1,1.02,31N|32N,spatiotemporally held-out,2025,A44,21.398971201287925,ESA WorldCover 2021 class 80,Raw64 + class similarities + margins + all prototypes,Raw64_ClassSimilarity_Margins_AllPrototypes,5,predicted positive AND individual object truth / individual object truth,unweighted 10 m pixel counts,Norway,0.7,5,150,123,8,10,proto_1;proto_3;proto_4,true cosine similarity,"{""type"":""MultiPoint"",""coordinates"":[]}"
1_1_2_45,proto_1;proto_2;proto_3;proto_4;proto_5,EPSG:32632,30,0,EPSG:32632,2024,1.1,2.1,1.02,31N|32N,spatiotemporally held-out,2025,A45,10.350692061499807,ESA WorldCover 2021 class 80,Raw64 + class similarities + margins + all prototypes,Raw64_ClassSimilarity_Margins_AllPrototypes,5,predicted positive AND individual object truth / individual object truth,unweighted 10 m pixel counts,Norway,0.7,5,150,123,8,10,proto_1;proto_3;proto_4,true cosine similarity,"{""type"":""MultiPoint"",""coordinates"":[]}"
1_1_2_46,proto_1;proto_2;proto_3;proto_4;proto_5,EPSG:32632,30,0,EPSG:32632,2024,1.1,2.1,1.02,31N|32N,spatiotemporally held-out,2025,A46,14.183825203205439,ESA WorldCover 2021 class 80,Raw64 + class similarities + margins + all prototypes,Raw64_ClassSimilarity_Margins_AllPrototypes,5,predicted positive AND individual object truth / individual object truth,unweighted 10 m pixel counts,Norway,0.7,5,150,123,8,10,proto_1;proto_3;proto_4,true cosine similarity,"{""type"":""MultiPoint"",""coordinates"":[]}"
1_1_2_47,proto_1;proto_2;proto_3;proto_4;proto_5,EPSG:32632,30,0,EPSG:32632,2024,1.1,2.1,1.02,31N|32N,spatiotemporally held-out,2025,A47,14.284121421730589,ESA WorldCover 2021 class 80,Raw64 + class similarities + margins + all prototypes,Raw64_ClassSimilarity_Margins_AllPrototypes,5,predicted positive AND individual object truth / individual object truth,unweighted 10 m pixel counts,Norway,0.7,5,150,123,8,10,proto_1;proto_3;proto_4,true cosine similarity,"{""type"":""MultiPoint"",""coordinates"":[]}"
1_1_2_48,proto_1;proto_2;proto_3;proto_4;proto_5,EPSG:32632,30,0,EPSG:32632,2024,1.1,2.1,1.02,31N|32N,spatiotemporally held-out,2025,A48,23.82224796706247,ESA WorldCover 2021 class 80,Raw64 + class similarities + margins + all prototypes,Raw64_ClassSimilarity_Margins_AllPrototypes,5,predicted positive AND individual object truth / individual object truth,unweighted 10 m pixel counts,Norway,0.7,5,150,123,8,10,proto_1;proto_3;proto_4,true cosine similarity,"{""type"":""MultiPoint"",""coordinates"":[]}"
1_1_2_49,proto_1;proto_2;proto_3;proto_4;proto_5,EPSG:32632,30,0,EPSG:32632,2024,1.1,2.1,1.02,31N|32N,spatiotemporally held-out,2025,A49,10.334287316563675,ESA WorldCover 2021 class 80,Raw64 + class similarities + margins + all prototypes,Raw64_ClassSimilarity_Margins_AllPrototypes,5,predicted positive AND individual object truth / individual object truth,unweighted 10 m pixel counts,Norway,0.7,5,150,123,8,10,proto_1;proto_3;proto_4,true cosine similarity,"{""type"":""MultiPoint"",""coordinates"":[]}"
1_1_2_50,proto_1;proto_2;proto_3;proto_4;proto_5,EPSG:32632,30,0,EPSG:32632,2024,1.1,2.1,1.02,31N|32N,spatiotemporally held-out,2025,A50,22.564255143872835,ESA WorldCover 2021 class 80,Raw64 + class similarities + margins + all prototypes,Raw64_ClassSimilarity_Margins_AllPrototypes,5,predicted positive AND individual object truth / individual object truth,unweighted 10 m pixel counts,Norway,0.7,5,150,123,8,10,proto_1;proto_3;proto_4,true cosine similarity,"{""type"":""MultiPoint"",""coordinates"":[]}"
1_1_2_51,proto_1;proto_2;proto_3;proto_4;proto_5,EPSG:32632,30,0,EPSG:32632,2024,1.1,2.1,1.02,31N|32N,spatiotemporally held-out,2025,A51,7.278943045732868,ESA WorldCover 2021 class 80,Raw64 + class similarities + margins + all prototypes,Raw64_ClassSimilarity_Margins_AllPrototypes,5,predicted positive AND individual object truth / individual object truth,unweighted 10 m pixel counts,Norway,0.7,5,150,123,8,10,proto_1;proto_3;proto_4,true cosine similarity,"{""type"":""MultiPoint"",""coordinates"":[]}"
1_1_2_52,proto_1;proto_2;proto_3;proto_4;proto_5,EPSG:32632,30,0,EPSG:32632,2024,1.1,2.1,1.02,31N|32N,spatiotemporally held-out,2025,A52,18.040701463992526,ESA WorldCover 2021 class 80,Raw64 + class similarities + margins + all prototypes,Raw64_ClassSimilarity_Margins_AllPrototypes,5,predicted positive AND individual object truth / individual object truth,unweighted 10 m pixel counts,Norway,0.7,5,150,123,8,10,proto_1;proto_3;proto_4,true cosine similarity,"{""type"":""MultiPoint"",""coordinates"":[]}"
1_1_2_53,proto_1;proto_2;proto_3;proto_4;proto_5,EPSG:32632,30,0,EPSG:32632,2024,1.1,2.1,1.02,31N|32N,spatiotemporally held-out,2025,A53,8.609808151664074,ESA WorldCover 2021 class 80,Raw64 + class similarities + margins + all prototypes,Raw64_ClassSimilarity_Margins_AllPrototypes,5,predicted positive AND individual object truth / individual object truth,unweighted 10 m pixel counts,Norway,0.7,5,150,123,8,10,proto_1;proto_3;proto_4,true cosine similarity,"{""type"":""MultiPoint"",""coordinates"":[]}"
1_1_2_54,proto_1;proto_2;proto_3;proto_4;proto_5,EPSG:32632,30,0,EPSG:32632,2024,1.1,2.1,1.02,31N|32N,spatiotemporally held-out,2025,A54,14.98322677718947,ESA WorldCover 2021 class 80,Raw64 + class similarities + margins + all prototypes,Raw64_ClassSimilarity_Margins_AllPrototypes,5,predicted positive AND individual object truth / individual object truth,unweighted 10 m pixel counts,Norway,0.7,5,150,123,8,10,proto_1;proto_3;proto_4,true cosine similarity,"{""type"":""MultiPoint"",""coordinates"":[]}"
1_1_2_55,proto_1;proto_2;proto_3;proto_4;proto_5,EPSG:32632,30,0,EPSG:32632,2024,1.1,2.1,1.02,31N|32N,spatiotemporally held-out,2025,A55,23.800782619672685,ESA WorldCover 2021 class 80,Raw64 + class similarities + margins + all prototypes,Raw64_ClassSimilarity_Margins_AllPrototypes,5,predicted positive AND individual object truth / individual object truth,unweighted 10 m pixel counts,Norway,0.7,5,150,123,8,10,proto_1;proto_3;proto_4,true cosine similarity,"{""type"":""MultiPoint"",""coordinates"":[]}"
1_1_2_56,proto_1;proto_2;proto_3;proto_4;proto_5,EPSG:32632,30,0,EPSG:32632,2024,1.1,2.1,1.02,31N|32N,spatiotemporally held-out,2025,A56,12.807184196615955,ESA WorldCover 2021 class 80,Raw64 + class similarities + margins + all prototypes,Raw64_ClassSimilarity_Margins_AllPrototypes,5,predicted positive AND individual object truth / individual object truth,unweighted 10 m pixel counts,Norway,0.7,5,150,123,8,10,proto_1;proto_3;proto_4,true cosine similarity,"{""type"":""MultiPoint"",""coordinates"":[]}"
1_1_2_57,proto_1;proto_2;proto_3;proto_4;proto_5,EPSG:32632,30,0,EPSG:32632,2024,1.1,2.1,1.02,31N|32N,spatiotemporally held-out,2025,A57,17.86147835304446,ESA WorldCover 2021 class 80,Raw64 + class similarities + margins + all prototypes,Raw64_ClassSimilarity_Margins_AllPrototypes,5,predicted positive AND individual object truth / individual object truth,unweighted 10 m pixel counts,Norway,0.7,5,150,123,8,10,proto_1;proto_3;proto_4,true cosine similarity,"{""type"":""MultiPoint"",""coordinates"":[]}"
1_1_2_58,proto_1;proto_2;proto_3;proto_4;proto_5,EPSG:32632,30,0,EPSG:32632,2024,1.1,2.1,1.02,31N|32N,spatiotemporally held-out,2025,A58,16.119302889538695,ESA WorldCover 2021 class 80,Raw64 + class similarities + margins + all prototypes,Raw64_ClassSimilarity_Margins_AllPrototypes,5,predicted positive AND individual object truth / individual object truth,unweighted 10 m pixel counts,Norway,0.7,5,150,123,8,10,proto_1;proto_3;proto_4,true cosine similarity,"{""type"":""MultiPoint"",""coordinates"":[]}"
1_1_2_59,proto_1;proto_2;proto_3;proto_4;proto_5,EPSG:32632,30,0,EPSG:32632,2024,1.1,2.1,1.02,31N|32N,spatiotemporally held-out,2025,A59,28.52912964620623,ESA WorldCover 2021 class 80,Raw64 + class similarities + margins + all prototypes,Raw64_ClassSimilarity_Margins_AllPrototypes,5,predicted positive AND individual object truth / individual object truth,unweighted 10 m pixel counts,Norway,0.7,5,150,123,8,10,proto_1;proto_3;proto_4,true cosine similarity,"{""type"":""MultiPoint"",""coordinates"":[]}"
1_1_2_60,proto_1;proto_2;proto_3;proto_4;proto_5,EPSG:32632,30,0,EPSG:32632,2024,1.1,2.1,1.02,31N|32N,spatiotemporally held-out,2025,A60,12.395724322110958,ESA WorldCover 2021 class 80,Raw64 + class similarities + margins + all prototypes,Raw64_ClassSimilarity_Margins_AllPrototypes,5,predicted positive AND individual object truth / individual object truth,unweighted 10 m pixel counts,Norway,0.7,5,150,123,8,10,proto_1;proto_3;proto_4,true cosine similarity,"{""type"":""MultiPoint"",""coordinates"":[]}"
1_1_2_61,proto_1;proto_2;proto_3;proto_4;proto_5,EPSG:32632,30,0,EPSG:32632,2024,1.1,2.1,1.02,31N|32N,spatiotemporally held-out,2025,A61,17.138683994609792,ESA WorldCover 2021 class 80,Raw64 + class similarities + margins + all prototypes,Raw64_ClassSimilarity_Margins_AllPrototypes,5,predicted positive AND individual object truth / individual object truth,unweighted 10 m pixel counts,Norway,0.7,5,150,123,8,10,proto_1;proto_3;proto_4,true cosine similarity,"{""type"":""MultiPoint"",""coordinates"":[]}"
1_1_2_62,proto_1;proto_2;proto_3;proto_4;proto_5,EPSG:32632,30,0,EPSG:32632,2024,1.1,2.1,1.02,31N|32N,spatiotemporally held-out,2025,A62,13.443899666519215,ESA WorldCover 2021 class 80,Raw64 + class similarities + margins + all prototypes,Raw64_ClassSimilarity_Margins_AllPrototypes,5,predicted positive AND individual object truth / individual object truth,unweighted 10 m pixel counts,Norway,0.7,5,150,123,8,10,proto_1;proto_3;proto_4,true cosine similarity,"{""type"":""MultiPoint"",""coordinates"":[]}"
1_1_2_63,proto_1;proto_2;proto_3;proto_4;proto_5,EPSG:32632,30,0,EPSG:32632,2024,1.1,2.1,1.02,31N|32N,spatiotemporally held-out,2025,A63,10.205155421411705,ESA WorldCover 2021 class 80,Raw64 + class similarities + margins + all prototypes,Raw64_ClassSimilarity_Margins_AllPrototypes,5,predicted positive AND individual object truth / individual object truth,unweighted 10 m pixel counts,Norway,0.7,5,150,123,8,10,proto_1;proto_3;proto_4,true cosine similarity,"{""type"":""MultiPoint"",""coordinates"":[]}"
1_1_2_64,proto_1;proto_2;proto_3;proto_4;proto_5,EPSG:32632,30,0,EPSG:32632,2024,1.1,2.1,1.02,31N|32N,spatiotemporally held-out,2025,conf_sim,23.25917854780173,ESA WorldCover 2021 class 80,Raw64 + class similarities + margins + all prototypes,Raw64_ClassSimilarity_Margins_AllPrototypes,5,predicted positive AND individual object truth / individual object truth,unweighted 10 m pixel counts,Norway,0.7,5,150,123,8,10,proto_1;proto_3;proto_4,true cosine similarity,"{""type"":""MultiPoint"",""coordinates"":[]}"
1_1_2_65,proto_1;proto_2;proto_3;proto_4;proto_5,EPSG:32632,30,0,EPSG:32632,2024,1.1,2.1,1.02,31N|32N,spatiotemporally held-out,2025,farm_sim,23.262170243266414,ESA WorldCover 2021 class 80,Raw64 + class similarities + margins + all prototypes,Raw64_ClassSimilarity_Margins_AllPrototypes,5,predicted positive AND individual object truth / individual object truth,unweighted 10 m pixel counts,Norway,0.7,5,150,123,8,10,proto_1;proto_3;proto_4,true cosine similarity,"{""type"":""MultiPoint"",""coordinates"":[]}"
1_1_2_66,proto_1;proto_2;proto_3;proto_4;proto_5,EPSG:32632,30,0,EPSG:32632,2024,1.1,2.1,1.02,31N|32N,spatiotemporally held-out,2025,margin_best_noise,27.696993948349807,ESA WorldCover 2021 class 80,Raw64 + class similarities + margins + all prototypes,Raw64_ClassSimilarity_Margins_AllPrototypes,5,predicted positive AND individual object truth / individual object truth,unweighted 10 m pixel counts,Norway,0.7,5,150,123,8,10,proto_1;proto_3;proto_4,true cosine similarity,"{""type"":""MultiPoint"",""coordinates"":[]}"
1_1_2_67,proto_1;proto_2;proto_3;proto_4;proto_5,EPSG:32632,30,0,EPSG:32632,2024,1.1,2.1,1.02,31N|32N,spatiotemporally held-out,2025,margin_conf,29.096281009818295,ESA WorldCover 2021 class 80,Raw64 + class similarities + margins + all prototypes,Raw64_ClassSimilarity_Margins_AllPrototypes,5,predicted positive AND individual object truth / individual object truth,unweighted 10 m pixel counts,Norway,0.7,5,150,123,8,10,proto_1;proto_3;proto_4,true cosine similarity,"{""type"":""MultiPoint"",""coordinates"":[]}"
1_1_2_68,proto_1;proto_2;proto_3;proto_4;proto_5,EPSG:32632,30,0,EPSG:32632,2024,1.1,2.1,1.02,31N|32N,spatiotemporally held-out,2025,margin_ocean,28.378551456410086,ESA WorldCover 2021 class 80,Raw64 + class similarities + margins + all prototypes,Raw64_ClassSimilarity_Margins_AllPrototypes,5,predicted positive AND individual object truth / individual object truth,unweighted 10 m pixel counts,Norway,0.7,5,150,123,8,10,proto_1;proto_3;proto_4,true cosine similarity,"{""type"":""MultiPoint"",""coordinates"":[]}"
1_1_2_69,proto_1;proto_2;proto_3;proto_4;proto_5,EPSG:32632,30,0,EPSG:32632,2024,1.1,2.1,1.02,31N|32N,spatiotemporally held-out,2025,ocean_sim,25.344735872783005,ESA WorldCover 2021 class 80,Raw64 + class similarities + margins + all prototypes,Raw64_ClassSimilarity_Margins_AllPrototypes,5,predicted positive AND individual object truth / individual object truth,unweighted 10 m pixel counts,Norway,0.7,5,150,123,8,10,proto_1;proto_3;proto_4,true cosine similarity,"{""type"":""MultiPoint"",""coordinates"":[]}"
1_1_2_70,proto_1;proto_2;proto_3;proto_4;proto_5,EPSG:32632,30,0,EPSG:32632,2024,1.1,2.1,1.02,31N|32N,spatiotemporally held-out,2025,proto_1,24.155175109656042,ESA WorldCover 2021 class 80,Raw64 + class similarities + margins + all prototypes,Raw64_ClassSimilarity_Margins_AllPrototypes,5,predicted positive AND individual object truth / individual object truth,unweighted 10 m pixel counts,Norway,0.7,5,150,123,8,10,proto_1;proto_3;proto_4,true cosine similarity,"{""type"":""MultiPoint"",""coordinates"":[]}"
1_1_2_71,proto_1;proto_2;proto_3;proto_4;proto_5,EPSG:32632,30,0,EPSG:32632,2024,1.1,2.1,1.02,31N|32N,spatiotemporally held-out,2025,proto_2,15.702228122288519,ESA WorldCover 2021 class 80,Raw64 + class similarities + margins + all prototypes,Raw64_ClassSimilarity_Margins_AllPrototypes,5,predicted positive AND individual object truth / individual object truth,unweighted 10 m pixel counts,Norway,0.7,5,150,123,8,10,proto_1;proto_3;proto_4,true cosine similarity,"{""type"":""MultiPoint"",""coordinates"":[]}"
1_1_2_72,proto_1;proto_2;proto_3;proto_4;proto_5,EPSG:32632,30,0,EPSG:32632,2024,1.1,2.1,1.02,31N|32N,spatiotemporally held-out,2025,proto_3,29.66072518328657,ESA WorldCover 2021 class 80,Raw64 + class similarities + margins + all prototypes,Raw64_ClassSimilarity_Margins_AllPrototypes,5,predicted positive AND individual object truth / individual object truth,unweighted 10 m pixel counts,Norway,0.7,5,150,123,8,10,proto_1;proto_3;proto_4,true cosine similarity,"{""type"":""MultiPoint"",""coordinates"":[]}"
1_1_2_73,proto_1;proto_2;proto_3;proto_4;proto_5,EPSG:32632,30,0,EPSG:32632,2024,1.1,2.1,1.02,31N|32N,spatiotemporally held-out,2025,proto_4,30.301003839547665,ESA WorldCover 2021 class 80,Raw64 + class similarities + margins + all prototypes,Raw64_ClassSimilarity_Margins_AllPrototypes,5,predicted positive AND individual object truth / individual object truth,unweighted 10 m pixel counts,Norway,0.7,5,150,123,8,10,proto_1;proto_3;proto_4,true cosine similarity,"{""type"":""MultiPoint"",""coordinates"":[]}"
1_1_2_74,proto_1;proto_2;proto_3;proto_4;proto_5,EPSG:32632,30,0,EPSG:32632,2024,1.1,2.1,1.02,31N|32N,spatiotemporally held-out,2025,proto_5,29.64614779740811,ESA WorldCover 2021 class 80,Raw64 + class similarities + margins + all prototypes,Raw64_ClassSimilarity_Margins_AllPrototypes,5,predicted positive AND individual object truth / individual object truth,unweighted 10 m pixel counts,Norway,0.7,5,150,123,8,10,proto_1;proto_3;proto_4,true cosine similarity,"{""type"":""MultiPoint"",""coordinates"":[]}"
1_2_0,proto_1;proto_2;proto_3;proto_4;proto_5,EPSG:32632,30,0,EPSG:32632,2024,1.1,2.1,1.02,31N|32N,spatiotemporally held-out,2025,A00,21.13298964257424,ESA WorldCover 2021 class 80,Final selected CR-RF,CRRF_Selected,5,predicted positive AND individual object truth / individual object truth,unweighted 10 m pixel counts,Norway,0.7,5,150,123,8,10,proto_1;proto_3;proto_4,true cosine similarity,"{""type"":""MultiPoint"",""coordinates"":[]}"
1_2_1,proto_1;proto_2;proto_3;proto_4;proto_5,EPSG:32632,30,0,EPSG:32632,2024,1.1,2.1,1.02,31N|32N,spatiotemporally held-out,2025,A01,13.549404382643036,ESA WorldCover 2021 class 80,Final selected CR-RF,CRRF_Selected,5,predicted positive AND individual object truth / individual object truth,unweighted 10 m pixel counts,Norway,0.7,5,150,123,8,10,proto_1;proto_3;proto_4,true cosine similarity,"{""type"":""MultiPoint"",""coordinates"":[]}"
1_2_2,proto_1;proto_2;proto_3;proto_4;proto_5,EPSG:32632,30,0,EPSG:32632,2024,1.1,2.1,1.02,31N|32N,spatiotemporally held-out,2025,A02,20.910567062233074,ESA WorldCover 2021 class 80,Final selected CR-RF,CRRF_Selected,5,predicted positive AND individual object truth / individual object truth,unweighted 10 m pixel counts,Norway,0.7,5,150,123,8,10,proto_1;proto_3;proto_4,true cosine similarity,"{""type"":""MultiPoint"",""coordinates"":[]}"
1_2_3,proto_1;proto_2;proto_3;proto_4;proto_5,EPSG:32632,30,0,EPSG:32632,2024,1.1,2.1,1.02,31N|32N,spatiotemporally held-out,2025,A03,13.506975964909556,ESA WorldCover 2021 class 80,Final selected CR-RF,CRRF_Selected,5,predicted positive AND individual object truth / individual object truth,unweighted 10 m pixel counts,Norway,0.7,5,150,123,8,10,proto_1;proto_3;proto_4,true cosine similarity,"{""type"":""MultiPoint"",""coordinates"":[]}"
1_2_4,proto_1;proto_2;proto_3;proto_4;proto_5,EPSG:32632,30,0,EPSG:32632,2024,1.1,2.1,1.02,31N|32N,spatiotemporally held-out,2025,A04,13.62781226397809,ESA WorldCover 2021 class 80,Final selected CR-RF,CRRF_Selected,5,predicted positive AND individual object truth / individual object truth,unweighted 10 m pixel counts,Norway,0.7,5,150,123,8,10,proto_1;proto_3;proto_4,true cosine similarity,"{""type"":""MultiPoint"",""coordinates"":[]}"
1_2_5,proto_1;proto_2;proto_3;proto_4;proto_5,EPSG:32632,30,0,EPSG:32632,2024,1.1,2.1,1.02,31N|32N,spatiotemporally held-out,2025,A05,23.067985113621482,ESA WorldCover 2021 class 80,Final selected CR-RF,CRRF_Selected,5,predicted positive AND individual object truth / individual object truth,unweighted 10 m pixel counts,Norway,0.7,5,150,123,8,10,proto_1;proto_3;proto_4,true cosine similarity,"{""type"":""MultiPoint"",""coordinates"":[]}"
1_2_6,proto_1;proto_2;proto_3;proto_4;proto_5,EPSG:32632,30,0,EPSG:32632,2024,1.1,2.1,1.02,31N|32N,spatiotemporally held-out,2025,A06,14.632061046017492,ESA WorldCover 2021 class 80,Final selected CR-RF,CRRF_Selected,5,predicted positive AND individual object truth / individual object truth,unweighted 10 m pixel counts,Norway,0.7,5,150,123,8,10,proto_1;proto_3;proto_4,true cosine similarity,"{""type"":""MultiPoint"",""coordinates"":[]}"
1_2_7,proto_1;proto_2;proto_3;proto_4;proto_5,EPSG:32632,30,0,EPSG:32632,2024,1.1,2.1,1.02,31N|32N,spatiotemporally held-out,2025,A07,11.305621649823786,ESA WorldCover 2021 class 80,Final selected CR-RF,CRRF_Selected,5,predicted positive AND individual object truth / individual object truth,unweighted 10 m pixel counts,Norway,0.7,5,150,123,8,10,proto_1;proto_3;proto_4,true cosine similarity,"{""type"":""MultiPoint"",""coordinates"":[]}"
1_2_8,proto_1;proto_2;proto_3;proto_4;proto_5,EPSG:32632,30,0,EPSG:32632,2024,1.1,2.1,1.02,31N|32N,spatiotemporally held-out,2025,A08,16.88516186658959,ESA WorldCover 2021 class 80,Final selected CR-RF,CRRF_Selected,5,predicted positive AND individual object truth / individual object truth,unweighted 10 m pixel counts,Norway,0.7,5,150,123,8,10,proto_1;proto_3;proto_4,true cosine similarity,"{""type"":""MultiPoint"",""coordinates"":[]}"
1_2_9,proto_1;proto_2;proto_3;proto_4;proto_5,EPSG:32632,30,0,EPSG:32632,2024,1.1,2.1,1.02,31N|32N,spatiotemporally held-out,2025,A09,3.3607956046394403,ESA WorldCover 2021 class 80,Final selected CR-RF,CRRF_Selected,5,predicted positive AND individual object truth / individual object truth,unweighted 10 m pixel counts,Norway,0.7,5,150,123,8,10,proto_1;proto_3;proto_4,true cosine similarity,"{""type"":""MultiPoint"",""coordinates"":[]}"
1_2_10,proto_1;proto_2;proto_3;proto_4;proto_5,EPSG:32632,30,0,EPSG:32632,2024,1.1,2.1,1.02,31N|32N,spatiotemporally held-out,2025,A10,13.77507411284446,ESA WorldCover 2021 class 80,Final selected CR-RF,CRRF_Selected,5,predicted positive AND individual object truth / individual object truth,unweighted 10 m pixel counts,Norway,0.7,5,150,123,8,10,proto_1;proto_3;proto_4,true cosine similarity,"{""type"":""MultiPoint"",""coordinates"":[]}"
1_2_11,proto_1;proto_2;proto_3;proto_4;proto_5,EPSG:32632,30,0,EPSG:32632,2024,1.1,2.1,1.02,31N|32N,spatiotemporally held-out,2025,A11,13.21246719464967,ESA WorldCover 2021 class 80,Final selected CR-RF,CRRF_Selected,5,predicted positive AND individual object truth / individual object truth,unweighted 10 m pixel counts,Norway,0.7,5,150,123,8,10,proto_1;proto_3;proto_4,true cosine similarity,"{""type"":""MultiPoint"",""coordinates"":[]}"
1_2_12,proto_1;proto_2;proto_3;proto_4;proto_5,EPSG:32632,30,0,EPSG:32632,2024,1.1,2.1,1.02,31N|32N,spatiotemporally held-out,2025,A12,17.725751801148398,ESA WorldCover 2021 class 80,Final selected CR-RF,CRRF_Selected,5,predicted positive AND individual object truth / individual object truth,unweighted 10 m pixel counts,Norway,0.7,5,150,123,8,10,proto_1;proto_3;proto_4,true cosine similarity,"{""type"":""MultiPoint"",""coordinates"":[]}"
1_2_13,proto_1;proto_2;proto_3;proto_4;proto_5,EPSG:32632,30,0,EPSG:32632,2024,1.1,2.1,1.02,31N|32N,spatiotemporally held-out,2025,A13,14.007176213334644,ESA WorldCover 2021 class 80,Final selected CR-RF,CRRF_Selected,5,predicted positive AND individual object truth / individual object truth,unweighted 10 m pixel counts,Norway,0.7,5,150,123,8,10,proto_1;proto_3;proto_4,true cosine similarity,"{""type"":""MultiPoint"",""coordinates"":[]}"
1_2_14,proto_1;proto_2;proto_3;proto_4;proto_5,EPSG:32632,30,0,EPSG:32632,2024,1.1,2.1,1.02,31N|32N,spatiotemporally held-out,2025,A14,17.14513696610897,ESA WorldCover 2021 class 80,Final selected CR-RF,CRRF_Selected,5,predicted positive AND individual object truth / individual object truth,unweighted 10 m pixel counts,Norway,0.7,5,150,123,8,10,proto_1;proto_3;proto_4,true cosine similarity,"{""type"":""MultiPoint"",""coordinates"":[]}"
1_2_15,proto_1;proto_2;proto_3;proto_4;proto_5,EPSG:32632,30,0,EPSG:32632,2024,1.1,2.1,1.02,31N|32N,spatiotemporally held-out,2025,A15,18.66426563004466,ESA WorldCover 2021 class 80,Final selected CR-RF,CRRF_Selected,5,predicted positive AND individual object truth / individual object truth,unweighted 10 m pixel counts,Norway,0.7,5,150,123,8,10,proto_1;proto_3;proto_4,true cosine similarity,"{""type"":""MultiPoint"",""coordinates"":[]}"
1_2_16,proto_1;proto_2;proto_3;proto_4;proto_5,EPSG:32632,30,0,EPSG:32632,2024,1.1,2.1,1.02,31N|32N,spatiotemporally held-out,2025,A16,19.687202503231187,ESA WorldCover 2021 class 80,Final selected CR-RF,CRRF_Selected,5,predicted positive AND individual object truth / individual object truth,unweighted 10 m pixel counts,Norway,0.7,5,150,123,8,10,proto_1;proto_3;proto_4,true cosine similarity,"{""type"":""MultiPoint"",""coordinates"":[]}"
1_2_17,proto_1;proto_2;proto_3;proto_4;proto_5,EPSG:32632,30,0,EPSG:32632,2024,1.1,2.1,1.02,31N|32N,spatiotemporally held-out,2025,A17,11.596073117478904,ESA WorldCover 2021 class 80,Final selected CR-RF,CRRF_Selected,5,predicted positive AND individual object truth / individual object truth,unweighted 10 m pixel counts,Norway,0.7,5,150,123,8,10,proto_1;proto_3;proto_4,true cosine similarity,"{""type"":""MultiPoint"",""coordinates"":[]}"
1_2_18,proto_1;proto_2;proto_3;proto_4;proto_5,EPSG:32632,30,0,EPSG:32632,2024,1.1,2.1,1.02,31N|32N,spatiotemporally held-out,2025,A18,11.650883776842889,ESA WorldCover 2021 class 80,Final selected CR-RF,CRRF_Selected,5,predicted positive AND individual object truth / individual object truth,unweighted 10 m pixel counts,Norway,0.7,5,150,123,8,10,proto_1;proto_3;proto_4,true cosine similarity,"{""type"":""MultiPoint"",""coordinates"":[]}"
1_2_19,proto_1;proto_2;proto_3;proto_4;proto_5,EPSG:32632,30,0,EPSG:32632,2024,1.1,2.1,1.02,31N|32N,spatiotemporally held-out,2025,A19,12.157298977529878,ESA WorldCover 2021 class 80,Final selected CR-RF,CRRF_Selected,5,predicted positive AND individual object truth / individual object truth,unweighted 10 m pixel counts,Norway,0.7,5,150,123,8,10,proto_1;proto_3;proto_4,true cosine similarity,"{""type"":""MultiPoint"",""coordinates"":[]}"
1_2_20,proto_1;proto_2;proto_3;proto_4;proto_5,EPSG:32632,30,0,EPSG:32632,2024,1.1,2.1,1.02,31N|32N,spatiotemporally held-out,2025,A20,9.279815606156912,ESA WorldCover 2021 class 80,Final selected CR-RF,CRRF_Selected,5,predicted positive AND individual object truth / individual object truth,unweighted 10 m pixel counts,Norway,0.7,5,150,123,8,10,proto_1;proto_3;proto_4,true cosine similarity,"{""type"":""MultiPoint"",""coordinates"":[]}"
1_2_21,proto_1;proto_2;proto_3;proto_4;proto_5,EPSG:32632,30,0,EPSG:32632,2024,1.1,2.1,1.02,31N|32N,spatiotemporally held-out,2025,A21,21.321439633923646,ESA WorldCover 2021 class 80,Final selected CR-RF,CRRF_Selected,5,predicted positive AND individual object truth / individual object truth,unweighted 10 m pixel counts,Norway,0.7,5,150,123,8,10,proto_1;proto_3;proto_4,true cosine similarity,"{""type"":""MultiPoint"",""coordinates"":[]}"
1_2_22,proto_1;proto_2;proto_3;proto_4;proto_5,EPSG:32632,30,0,EPSG:32632,2024,1.1,2.1,1.02,31N|32N,spatiotemporally held-out,2025,A22,11.950280186387904,ESA WorldCover 2021 class 80,Final selected CR-RF,CRRF_Selected,5,predicted positive AND individual object truth / individual object truth,unweighted 10 m pixel counts,Norway,0.7,5,150,123,8,10,proto_1;proto_3;proto_4,true cosine similarity,"{""type"":""MultiPoint"",""coordinates"":[]}"
1_2_23,proto_1;proto_2;proto_3;proto_4;proto_5,EPSG:32632,30,0,EPSG:32632,2024,1.1,2.1,1.02,31N|32N,spatiotemporally held-out,2025,A23,19.170025668342117,ESA WorldCover 2021 class 80,Final selected CR-RF,CRRF_Selected,5,predicted positive AND individual object truth / individual object truth,unweighted 10 m pixel counts,Norway,0.7,5,150,123,8,10,proto_1;proto_3;proto_4,true cosine similarity,"{""type"":""MultiPoint"",""coordinates"":[]}"
1_2_24,proto_1;proto_2;proto_3;proto_4;proto_5,EPSG:32632,30,0,EPSG:32632,2024,1.1,2.1,1.02,31N|32N,spatiotemporally held-out,2025,A24,16.1862149982331,ESA WorldCover 2021 class 80,Final selected CR-RF,CRRF_Selected,5,predicted positive AND individual object truth / individual object truth,unweighted 10 m pixel counts,Norway,0.7,5,150,123,8,10,proto_1;proto_3;proto_4,true cosine similarity,"{""type"":""MultiPoint"",""coordinates"":[]}"
1_2_25,proto_1;proto_2;proto_3;proto_4;proto_5,EPSG:32632,30,0,EPSG:32632,2024,1.1,2.1,1.02,31N|32N,spatiotemporally held-out,2025,A25,10.91337932926717,ESA WorldCover 2021 class 80,Final selected CR-RF,CRRF_Selected,5,predicted positive AND individual object truth / individual object truth,unweighted 10 m pixel counts,Norway,0.7,5,150,123,8,10,proto_1;proto_3;proto_4,true cosine similarity,"{""type"":""MultiPoint"",""coordinates"":[]}"
1_2_26,proto_1;proto_2;proto_3;proto_4;proto_5,EPSG:32632,30,0,EPSG:32632,2024,1.1,2.1,1.02,31N|32N,spatiotemporally held-out,2025,A26,17.066937416547447,ESA WorldCover 2021 class 80,Final selected CR-RF,CRRF_Selected,5,predicted positive AND individual object truth / individual object truth,unweighted 10 m pixel counts,Norway,0.7,5,150,123,8,10,proto_1;proto_3;proto_4,true cosine similarity,"{""type"":""MultiPoint"",""coordinates"":[]}"
1_2_27,proto_1;proto_2;proto_3;proto_4;proto_5,EPSG:32632,30,0,EPSG:32632,2024,1.1,2.1,1.02,31N|32N,spatiotemporally held-out,2025,A27,15.62971797297754,ESA WorldCover 2021 class 80,Final selected CR-RF,CRRF_Selected,5,predicted positive AND individual object truth / individual object truth,unweighted 10 m pixel counts,Norway,0.7,5,150,123,8,10,proto_1;proto_3;proto_4,true cosine similarity,"{""type"":""MultiPoint"",""coordinates"":[]}"
1_2_28,proto_1;proto_2;proto_3;proto_4;proto_5,EPSG:32632,30,0,EPSG:32632,2024,1.1,2.1,1.02,31N|32N,spatiotemporally held-out,2025,A28,10.097509696051805,ESA WorldCover 2021 class 80,Final selected CR-RF,CRRF_Selected,5,predicted positive AND individual object truth / individual object truth,unweighted 10 m pixel counts,Norway,0.7,5,150,123,8,10,proto_1;proto_3;proto_4,true cosine similarity,"{""type"":""MultiPoint"",""coordinates"":[]}"
1_2_29,proto_1;proto_2;proto_3;proto_4;proto_5,EPSG:32632,30,0,EPSG:32632,2024,1.1,2.1,1.02,31N|32N,spatiotemporally held-out,2025,A29,7.6184082924401455,ESA WorldCover 2021 class 80,Final selected CR-RF,CRRF_Selected,5,predicted positive AND individual object truth / individual object truth,unweighted 10 m pixel counts,Norway,0.7,5,150,123,8,10,proto_1;proto_3;proto_4,true cosine similarity,"{""type"":""MultiPoint"",""coordinates"":[]}"
1_2_30,proto_1;proto_2;proto_3;proto_4;proto_5,EPSG:32632,30,0,EPSG:32632,2024,1.1,2.1,1.02,31N|32N,spatiotemporally held-out,2025,A30,20.180038033513213,ESA WorldCover 2021 class 80,Final selected CR-RF,CRRF_Selected,5,predicted positive AND individual object truth / individual object truth,unweighted 10 m pixel counts,Norway,0.7,5,150,123,8,10,proto_1;proto_3;proto_4,true cosine similarity,"{""type"":""MultiPoint"",""coordinates"":[]}"
1_2_31,proto_1;proto_2;proto_3;proto_4;proto_5,EPSG:32632,30,0,EPSG:32632,2024,1.1,2.1,1.02,31N|32N,spatiotemporally held-out,2025,A31,7.943999013188455,ESA WorldCover 2021 class 80,Final selected CR-RF,CRRF_Selected,5,predicted positive AND individual object truth / individual object truth,unweighted 10 m pixel counts,Norway,0.7,5,150,123,8,10,proto_1;proto_3;proto_4,true cosine similarity,"{""type"":""MultiPoint"",""coordinates"":[]}"
1_2_32,proto_1;proto_2;proto_3;proto_4;proto_5,EPSG:32632,30,0,EPSG:32632,2024,1.1,2.1,1.02,31N|32N,spatiotemporally held-out,2025,A32,16.907218140106306,ESA WorldCover 2021 class 80,Final selected CR-RF,CRRF_Selected,5,predicted positive AND individual object truth / individual object truth,unweighted 10 m pixel counts,Norway,0.7,5,150,123,8,10,proto_1;proto_3;proto_4,true cosine similarity,"{""type"":""MultiPoint"",""coordinates"":[]}"
1_2_33,proto_1;proto_2;proto_3;proto_4;proto_5,EPSG:32632,30,0,EPSG:32632,2024,1.1,2.1,1.02,31N|32N,spatiotemporally held-out,2025,A33,19.612047573695214,ESA WorldCover 2021 class 80,Final selected CR-RF,CRRF_Selected,5,predicted positive AND individual object truth / individual object truth,unweighted 10 m pixel counts,Norway,0.7,5,150,123,8,10,proto_1;proto_3;proto_4,true cosine similarity,"{""type"":""MultiPoint"",""coordinates"":[]}"
1_2_34,proto_1;proto_2;proto_3;proto_4;proto_5,EPSG:32632,30,0,EPSG:32632,2024,1.1,2.1,1.02,31N|32N,spatiotemporally held-out,2025,A34,11.582504698229883,ESA WorldCover 2021 class 80,Final selected CR-RF,CRRF_Selected,5,predicted positive AND individual object truth / individual object truth,unweighted 10 m pixel counts,Norway,0.7,5,150,123,8,10,proto_1;proto_3;proto_4,true cosine similarity,"{""type"":""MultiPoint"",""coordinates"":[]}"
1_2_35,proto_1;proto_2;proto_3;proto_4;proto_5,EPSG:32632,30,0,EPSG:32632,2024,1.1,2.1,1.02,31N|32N,spatiotemporally held-out,2025,A35,17.400181290010995,ESA WorldCover 2021 class 80,Final selected CR-RF,CRRF_Selected,5,predicted positive AND individual object truth / individual object truth,unweighted 10 m pixel counts,Norway,0.7,5,150,123,8,10,proto_1;proto_3;proto_4,true cosine similarity,"{""type"":""MultiPoint"",""coordinates"":[]}"
1_2_36,proto_1;proto_2;proto_3;proto_4;proto_5,EPSG:32632,30,0,EPSG:32632,2024,1.1,2.1,1.02,31N|32N,spatiotemporally held-out,2025,A36,27.286585755521816,ESA WorldCover 2021 class 80,Final selected CR-RF,CRRF_Selected,5,predicted positive AND individual object truth / individual object truth,unweighted 10 m pixel counts,Norway,0.7,5,150,123,8,10,proto_1;proto_3;proto_4,true cosine similarity,"{""type"":""MultiPoint"",""coordinates"":[]}"
1_2_37,proto_1;proto_2;proto_3;proto_4;proto_5,EPSG:32632,30,0,EPSG:32632,2024,1.1,2.1,1.02,31N|32N,spatiotemporally held-out,2025,A37,15.402339137150198,ESA WorldCover 2021 class 80,Final selected CR-RF,CRRF_Selected,5,predicted positive AND individual object truth / individual object truth,unweighted 10 m pixel counts,Norway,0.7,5,150,123,8,10,proto_1;proto_3;proto_4,true cosine similarity,"{""type"":""MultiPoint"",""coordinates"":[]}"
1_2_38,proto_1;proto_2;proto_3;proto_4;proto_5,EPSG:32632,30,0,EPSG:32632,2024,1.1,2.1,1.02,31N|32N,spatiotemporally held-out,2025,A38,20.237648933046508,ESA WorldCover 2021 class 80,Final selected CR-RF,CRRF_Selected,5,predicted positive AND individual object truth / individual object truth,unweighted 10 m pixel counts,Norway,0.7,5,150,123,8,10,proto_1;proto_3;proto_4,true cosine similarity,"{""type"":""MultiPoint"",""coordinates"":[]}"
1_2_39,proto_1;proto_2;proto_3;proto_4;proto_5,EPSG:32632,30,0,EPSG:32632,2024,1.1,2.1,1.02,31N|32N,spatiotemporally held-out,2025,A39,9.551108104317606,ESA WorldCover 2021 class 80,Final selected CR-RF,CRRF_Selected,5,predicted positive AND individual object truth / individual object truth,unweighted 10 m pixel counts,Norway,0.7,5,150,123,8,10,proto_1;proto_3;proto_4,true cosine similarity,"{""type"":""MultiPoint"",""coordinates"":[]}"
1_2_40,proto_1;proto_2;proto_3;proto_4;proto_5,EPSG:32632,30,0,EPSG:32632,2024,1.1,2.1,1.02,31N|32N,spatiotemporally held-out,2025,A40,14.35070871843759,ESA WorldCover 2021 class 80,Final selected CR-RF,CRRF_Selected,5,predicted positive AND individual object truth / individual object truth,unweighted 10 m pixel counts,Norway,0.7,5,150,123,8,10,proto_1;proto_3;proto_4,true cosine similarity,"{""type"":""MultiPoint"",""coordinates"":[]}"
1_2_41,proto_1;proto_2;proto_3;proto_4;proto_5,EPSG:32632,30,0,EPSG:32632,2024,1.1,2.1,1.02,31N|32N,spatiotemporally held-out,2025,A41,15.570638755364126,ESA WorldCover 2021 class 80,Final selected CR-RF,CRRF_Selected,5,predicted positive AND individual object truth / individual object truth,unweighted 10 m pixel counts,Norway,0.7,5,150,123,8,10,proto_1;proto_3;proto_4,true cosine similarity,"{""type"":""MultiPoint"",""coordinates"":[]}"
1_2_42,proto_1;proto_2;proto_3;proto_4;proto_5,EPSG:32632,30,0,EPSG:32632,2024,1.1,2.1,1.02,31N|32N,spatiotemporally held-out,2025,A42,15.797828869945215,ESA WorldCover 2021 class 80,Final selected CR-RF,CRRF_Selected,5,predicted positive AND individual object truth / individual object truth,unweighted 10 m pixel counts,Norway,0.7,5,150,123,8,10,proto_1;proto_3;proto_4,true cosine similarity,"{""type"":""MultiPoint"",""coordinates"":[]}"
1_2_43,proto_1;proto_2;proto_3;proto_4;proto_5,EPSG:32632,30,0,EPSG:32632,2024,1.1,2.1,1.02,31N|32N,spatiotemporally held-out,2025,A43,23.250596615826282,ESA WorldCover 2021 class 80,Final selected CR-RF,CRRF_Selected,5,predicted positive AND individual object truth / individual object truth,unweighted 10 m pixel counts,Norway,0.7,5,150,123,8,10,proto_1;proto_3;proto_4,true cosine similarity,"{""type"":""MultiPoint"",""coordinates"":[]}"
1_2_44,proto_1;proto_2;proto_3;proto_4;proto_5,EPSG:32632,30,0,EPSG:32632,2024,1.1,2.1,1.02,31N|32N,spatiotemporally held-out,2025,A44,23.346576036809672,ESA WorldCover 2021 class 80,Final selected CR-RF,CRRF_Selected,5,predicted positive AND individual object truth / individual object truth,unweighted 10 m pixel counts,Norway,0.7,5,150,123,8,10,proto_1;proto_3;proto_4,true cosine similarity,"{""type"":""MultiPoint"",""coordinates"":[]}"
1_2_45,proto_1;proto_2;proto_3;proto_4;proto_5,EPSG:32632,30,0,EPSG:32632,2024,1.1,2.1,1.02,31N|32N,spatiotemporally held-out,2025,A45,9.79146650673416,ESA WorldCover 2021 class 80,Final selected CR-RF,CRRF_Selected,5,predicted positive AND individual object truth / individual object truth,unweighted 10 m pixel counts,Norway,0.7,5,150,123,8,10,proto_1;proto_3;proto_4,true cosine similarity,"{""type"":""MultiPoint"",""coordinates"":[]}"
1_2_46,proto_1;proto_2;proto_3;proto_4;proto_5,EPSG:32632,30,0,EPSG:32632,2024,1.1,2.1,1.02,31N|32N,spatiotemporally held-out,2025,A46,13.081105702093932,ESA WorldCover 2021 class 80,Final selected CR-RF,CRRF_Selected,5,predicted positive AND individual object truth / individual object truth,unweighted 10 m pixel counts,Norway,0.7,5,150,123,8,10,proto_1;proto_3;proto_4,true cosine similarity,"{""type"":""MultiPoint"",""coordinates"":[]}"
1_2_47,proto_1;proto_2;proto_3;proto_4;proto_5,EPSG:32632,30,0,EPSG:32632,2024,1.1,2.1,1.02,31N|32N,spatiotemporally held-out,2025,A47,16.804910316150956,ESA WorldCover 2021 class 80,Final selected CR-RF,CRRF_Selected,5,predicted positive AND individual object truth / individual object truth,unweighted 10 m pixel counts,Norway,0.7,5,150,123,8,10,proto_1;proto_3;proto_4,true cosine similarity,"{""type"":""MultiPoint"",""coordinates"":[]}"
1_2_48,proto_1;proto_2;proto_3;proto_4;proto_5,EPSG:32632,30,0,EPSG:32632,2024,1.1,2.1,1.02,31N|32N,spatiotemporally held-out,2025,A48,25.975950550258126,ESA WorldCover 2021 class 80,Final selected CR-RF,CRRF_Selected,5,predicted positive AND individual object truth / individual object truth,unweighted 10 m pixel counts,Norway,0.7,5,150,123,8,10,proto_1;proto_3;proto_4,true cosine similarity,"{""type"":""MultiPoint"",""coordinates"":[]}"
1_2_49,proto_1;proto_2;proto_3;proto_4;proto_5,EPSG:32632,30,0,EPSG:32632,2024,1.1,2.1,1.02,31N|32N,spatiotemporally held-out,2025,A49,11.709528112231952,ESA WorldCover 2021 class 80,Final selected CR-RF,CRRF_Selected,5,predicted positive AND individual object truth / individual object truth,unweighted 10 m pixel counts,Norway,0.7,5,150,123,8,10,proto_1;proto_3;proto_4,true cosine similarity,"{""type"":""MultiPoint"",""coordinates"":[]}"
1_2_50,proto_1;proto_2;proto_3;proto_4;proto_5,EPSG:32632,30,0,EPSG:32632,2024,1.1,2.1,1.02,31N|32N,spatiotemporally held-out,2025,A50,24.870199294933148,ESA WorldCover 2021 class 80,Final selected CR-RF,CRRF_Selected,5,predicted positive AND individual object truth / individual object truth,unweighted 10 m pixel counts,Norway,0.7,5,150,123,8,10,proto_1;proto_3;proto_4,true cosine similarity,"{""type"":""MultiPoint"",""coordinates"":[]}"
1_2_51,proto_1;proto_2;proto_3;proto_4;proto_5,EPSG:32632,30,0,EPSG:32632,2024,1.1,2.1,1.02,31N|32N,spatiotemporally held-out,2025,A51,10.659750010152043,ESA WorldCover 2021 class 80,Final selected CR-RF,CRRF_Selected,5,predicted positive AND individual object truth / individual object truth,unweighted 10 m pixel counts,Norway,0.7,5,150,123,8,10,proto_1;proto_3;proto_4,true cosine similarity,"{""type"":""MultiPoint"",""coordinates"":[]}"
1_2_52,proto_1;proto_2;proto_3;proto_4;proto_5,EPSG:32632,30,0,EPSG:32632,2024,1.1,2.1,1.02,31N|32N,spatiotemporally held-out,2025,A52,19.547563245282603,ESA WorldCover 2021 class 80,Final selected CR-RF,CRRF_Selected,5,predicted positive AND individual object truth / individual object truth,unweighted 10 m pixel counts,Norway,0.7,5,150,123,8,10,proto_1;proto_3;proto_4,true cosine similarity,"{""type"":""MultiPoint"",""coordinates"":[]}"
1_2_53,proto_1;proto_2;proto_3;proto_4;proto_5,EPSG:32632,30,0,EPSG:32632,2024,1.1,2.1,1.02,31N|32N,spatiotemporally held-out,2025,A53,8.79934904516378,ESA WorldCover 2021 class 80,Final selected CR-RF,CRRF_Selected,5,predicted positive AND individual object truth / individual object truth,unweighted 10 m pixel counts,Norway,0.7,5,150,123,8,10,proto_1;proto_3;proto_4,true cosine similarity,"{""type"":""MultiPoint"",""coordinates"":[]}"
1_2_54,proto_1;proto_2;proto_3;proto_4;proto_5,EPSG:32632,30,0,EPSG:32632,2024,1.1,2.1,1.02,31N|32N,spatiotemporally held-out,2025,A54,11.733866131288316,ESA WorldCover 2021 class 80,Final selected CR-RF,CRRF_Selected,5,predicted positive AND individual object truth / individual object truth,unweighted 10 m pixel counts,Norway,0.7,5,150,123,8,10,proto_1;proto_3;proto_4,true cosine similarity,"{""type"":""MultiPoint"",""coordinates"":[]}"
1_2_55,proto_1;proto_2;proto_3;proto_4;proto_5,EPSG:32632,30,0,EPSG:32632,2024,1.1,2.1,1.02,31N|32N,spatiotemporally held-out,2025,A55,22.25252836436144,ESA WorldCover 2021 class 80,Final selected CR-RF,CRRF_Selected,5,predicted positive AND individual object truth / individual object truth,unweighted 10 m pixel counts,Norway,0.7,5,150,123,8,10,proto_1;proto_3;proto_4,true cosine similarity,"{""type"":""MultiPoint"",""coordinates"":[]}"
1_2_56,proto_1;proto_2;proto_3;proto_4;proto_5,EPSG:32632,30,0,EPSG:32632,2024,1.1,2.1,1.02,31N|32N,spatiotemporally held-out,2025,A56,10.218787487916469,ESA WorldCover 2021 class 80,Final selected CR-RF,CRRF_Selected,5,predicted positive AND individual object truth / individual object truth,unweighted 10 m pixel counts,Norway,0.7,5,150,123,8,10,proto_1;proto_3;proto_4,true cosine similarity,"{""type"":""MultiPoint"",""coordinates"":[]}"
1_2_57,proto_1;proto_2;proto_3;proto_4;proto_5,EPSG:32632,30,0,EPSG:32632,2024,1.1,2.1,1.02,31N|32N,spatiotemporally held-out,2025,A57,20.23149539808958,ESA WorldCover 2021 class 80,Final selected CR-RF,CRRF_Selected,5,predicted positive AND individual object truth / individual object truth,unweighted 10 m pixel counts,Norway,0.7,5,150,123,8,10,proto_1;proto_3;proto_4,true cosine similarity,"{""type"":""MultiPoint"",""coordinates"":[]}"
1_2_58,proto_1;proto_2;proto_3;proto_4;proto_5,EPSG:32632,30,0,EPSG:32632,2024,1.1,2.1,1.02,31N|32N,spatiotemporally held-out,2025,A58,18.47696511169659,ESA WorldCover 2021 class 80,Final selected CR-RF,CRRF_Selected,5,predicted positive AND individual object truth / individual object truth,unweighted 10 m pixel counts,Norway,0.7,5,150,123,8,10,proto_1;proto_3;proto_4,true cosine similarity,"{""type"":""MultiPoint"",""coordinates"":[]}"
1_2_59,proto_1;proto_2;proto_3;proto_4;proto_5,EPSG:32632,30,0,EPSG:32632,2024,1.1,2.1,1.02,31N|32N,spatiotemporally held-out,2025,A59,25.216936893373617,ESA WorldCover 2021 class 80,Final selected CR-RF,CRRF_Selected,5,predicted positive AND individual object truth / individual object truth,unweighted 10 m pixel counts,Norway,0.7,5,150,123,8,10,proto_1;proto_3;proto_4,true cosine similarity,"{""type"":""MultiPoint"",""coordinates"":[]}"
1_2_60,proto_1;proto_2;proto_3;proto_4;proto_5,EPSG:32632,30,0,EPSG:32632,2024,1.1,2.1,1.02,31N|32N,spatiotemporally held-out,2025,A60,12.347555069387186,ESA WorldCover 2021 class 80,Final selected CR-RF,CRRF_Selected,5,predicted positive AND individual object truth / individual object truth,unweighted 10 m pixel counts,Norway,0.7,5,150,123,8,10,proto_1;proto_3;proto_4,true cosine similarity,"{""type"":""MultiPoint"",""coordinates"":[]}"
1_2_61,proto_1;proto_2;proto_3;proto_4;proto_5,EPSG:32632,30,0,EPSG:32632,2024,1.1,2.1,1.02,31N|32N,spatiotemporally held-out,2025,A61,15.833597745924708,ESA WorldCover 2021 class 80,Final selected CR-RF,CRRF_Selected,5,predicted positive AND individual object truth / individual object truth,unweighted 10 m pixel counts,Norway,0.7,5,150,123,8,10,proto_1;proto_3;proto_4,true cosine similarity,"{""type"":""MultiPoint"",""coordinates"":[]}"
1_2_62,proto_1;proto_2;proto_3;proto_4;proto_5,EPSG:32632,30,0,EPSG:32632,2024,1.1,2.1,1.02,31N|32N,spatiotemporally held-out,2025,A62,15.772336350536312,ESA WorldCover 2021 class 80,Final selected CR-RF,CRRF_Selected,5,predicted positive AND individual object truth / individual object truth,unweighted 10 m pixel counts,Norway,0.7,5,150,123,8,10,proto_1;proto_3;proto_4,true cosine similarity,"{""type"":""MultiPoint"",""coordinates"":[]}"
1_2_63,proto_1;proto_2;proto_3;proto_4;proto_5,EPSG:32632,30,0,EPSG:32632,2024,1.1,2.1,1.02,31N|32N,spatiotemporally held-out,2025,A63,8.212989014294543,ESA WorldCover 2021 class 80,Final selected CR-RF,CRRF_Selected,5,predicted positive AND individual object truth / individual object truth,unweighted 10 m pixel counts,Norway,0.7,5,150,123,8,10,proto_1;proto_3;proto_4,true cosine similarity,"{""type"":""MultiPoint"",""coordinates"":[]}"
1_2_64,proto_1;proto_2;proto_3;proto_4;proto_5,EPSG:32632,30,0,EPSG:32632,2024,1.1,2.1,1.02,31N|32N,spatiotemporally held-out,2025,conf_sim,26.96877463929326,ESA WorldCover 2021 class 80,Final selected CR-RF,CRRF_Selected,5,predicted positive AND individual object truth / individual object truth,unweighted 10 m pixel counts,Norway,0.7,5,150,123,8,10,proto_1;proto_3;proto_4,true cosine similarity,"{""type"":""MultiPoint"",""coordinates"":[]}"
1_2_65,proto_1;proto_2;proto_3;proto_4;proto_5,EPSG:32632,30,0,EPSG:32632,2024,1.1,2.1,1.02,31N|32N,spatiotemporally held-out,2025,farm_sim,33.41606225439912,ESA WorldCover 2021 class 80,Final selected CR-RF,CRRF_Selected,5,predicted positive AND individual object truth / individual object truth,unweighted 10 m pixel counts,Norway,0.7,5,150,123,8,10,proto_1;proto_3;proto_4,true cosine similarity,"{""type"":""MultiPoint"",""coordinates"":[]}"
1_2_66,proto_1;proto_2;proto_3;proto_4;proto_5,EPSG:32632,30,0,EPSG:32632,2024,1.1,2.1,1.02,31N|32N,spatiotemporally held-out,2025,margin_best_noise,32.415378138133256,ESA WorldCover 2021 class 80,Final selected CR-RF,CRRF_Selected,5,predicted positive AND individual object truth / individual object truth,unweighted 10 m pixel counts,Norway,0.7,5,150,123,8,10,proto_1;proto_3;proto_4,true cosine similarity,"{""type"":""MultiPoint"",""coordinates"":[]}"
1_2_67,proto_1;proto_2;proto_3;proto_4;proto_5,EPSG:32632,30,0,EPSG:32632,2024,1.1,2.1,1.02,31N|32N,spatiotemporally held-out,2025,margin_conf,26.741542820286426,ESA WorldCover 2021 class 80,Final selected CR-RF,CRRF_Selected,5,predicted positive AND individual object truth / individual object truth,unweighted 10 m pixel counts,Norway,0.7,5,150,123,8,10,proto_1;proto_3;proto_4,true cosine similarity,"{""type"":""MultiPoint"",""coordinates"":[]}"
1_2_68,proto_1;proto_2;proto_3;proto_4;proto_5,EPSG:32632,30,0,EPSG:32632,2024,1.1,2.1,1.02,31N|32N,spatiotemporally held-out,2025,margin_ocean,29.18103614201333,ESA WorldCover 2021 class 80,Final selected CR-RF,CRRF_Selected,5,predicted positive AND individual object truth / individual object truth,unweighted 10 m pixel counts,Norway,0.7,5,150,123,8,10,proto_1;proto_3;proto_4,true cosine similarity,"{""type"":""MultiPoint"",""coordinates"":[]}"
1_2_69,proto_1;proto_2;proto_3;proto_4;proto_5,EPSG:32632,30,0,EPSG:32632,2024,1.1,2.1,1.02,31N|32N,spatiotemporally held-out,2025,ocean_sim,22.221928591276168,ESA WorldCover 2021 class 80,Final selected CR-RF,CRRF_Selected,5,predicted positive AND individual object truth / individual object truth,unweighted 10 m pixel counts,Norway,0.7,5,150,123,8,10,proto_1;proto_3;proto_4,true cosine similarity,"{""type"":""MultiPoint"",""coordinates"":[]}"
1_2_70,proto_1;proto_2;proto_3;proto_4;proto_5,EPSG:32632,30,0,EPSG:32632,2024,1.1,2.1,1.02,31N|32N,spatiotemporally held-out,2025,proto_1,26.251004814288056,ESA WorldCover 2021 class 80,Final selected CR-RF,CRRF_Selected,5,predicted positive AND individual object truth / individual object truth,unweighted 10 m pixel counts,Norway,0.7,5,150,123,8,10,proto_1;proto_3;proto_4,true cosine similarity,"{""type"":""MultiPoint"",""coordinates"":[]}"
1_2_71,proto_1;proto_2;proto_3;proto_4;proto_5,EPSG:32632,30,0,EPSG:32632,2024,1.1,2.1,1.02,31N|32N,spatiotemporally held-out,2025,proto_3,28.838873706535225,ESA WorldCover 2021 class 80,Final selected CR-RF,CRRF_Selected,5,predicted positive AND individual object truth / individual object truth,unweighted 10 m pixel counts,Norway,0.7,5,150,123,8,10,proto_1;proto_3;proto_4,true cosine similarity,"{""type"":""MultiPoint"",""coordinates"":[]}"
1_2_72,proto_1;proto_2;proto_3;proto_4;proto_5,EPSG:32632,30,0,EPSG:32632,2024,1.1,2.1,1.02,31N|32N,spatiotemporally held-out,2025,proto_4,27.501183437980693,ESA WorldCover 2021 class 80,Final selected CR-RF,CRRF_Selected,5,predicted positive AND individual object truth / individual object truth,unweighted 10 m pixel counts,Norway,0.7,5,150,123,8,10,proto_1;proto_3;proto_4,true cosine similarity,"{""type"":""MultiPoint"",""coordinates"":[]}"
2_0,proto_1;proto_2;proto_3;proto_4;proto_5,EPSG:32632,30,0,EPSG:32632,2024,1.1,2.1,1.02,31N|32N,spatiotemporally held-out,2025,conf_sim,200.6047628008109,ESA WorldCover 2021 class 80,Engineered-only selected,EngineeredOnly_Selected,5,predicted positive AND individual object truth / individual object truth,unweighted 10 m pixel counts,Norway,0.7,5,150,123,8,10,proto_1;proto_3;proto_4,true cosine similarity,"{""type"":""MultiPoint"",""coordinates"":[]}"
2_1,proto_1;proto_2;proto_3;proto_4;proto_5,EPSG:32632,30,0,EPSG:32632,2024,1.1,2.1,1.02,31N|32N,spatiotemporally held-out,2025,farm_sim,176.19589321249006,ESA WorldCover 2021 class 80,Engineered-only selected,EngineeredOnly_Selected,5,predicted positive AND individual object truth / individual object truth,unweighted 10 m pixel counts,Norway,0.7,5,150,123,8,10,proto_1;proto_3;proto_4,true cosine similarity,"{""type"":""MultiPoint"",""coordinates"":[]}"
2_2,proto_1;proto_2;proto_3;proto_4;proto_5,EPSG:32632,30,0,EPSG:32632,2024,1.1,2.1,1.02,31N|32N,spatiotemporally held-out,2025,margin_best_noise,111.33234004079357,ESA WorldCover 2021 class 80,Engineered-only selected,EngineeredOnly_Selected,5,predicted positive AND individual object truth / individual object truth,unweighted 10 m pixel counts,Norway,0.7,5,150,123,8,10,proto_1;proto_3;proto_4,true cosine similarity,"{""type"":""MultiPoint"",""coordinates"":[]}"
2_3,proto_1;proto_2;proto_3;proto_4;proto_5,EPSG:32632,30,0,EPSG:32632,2024,1.1,2.1,1.02,31N|32N,spatiotemporally held-out,2025,margin_conf,109.57304295207241,ESA WorldCover 2021 class 80,Engineered-only selected,EngineeredOnly_Selected,5,predicted positive AND individual object truth / individual object truth,unweighted 10 m pixel counts,Norway,0.7,5,150,123,8,10,proto_1;proto_3;proto_4,true cosine similarity,"{""type"":""MultiPoint"",""coordinates"":[]}"
2_4,proto_1;proto_2;proto_3;proto_4;proto_5,EPSG:32632,30,0,EPSG:32632,2024,1.1,2.1,1.02,31N|32N,spatiotemporally held-out,2025,margin_ocean,110.86702572605888,ESA WorldCover 2021 class 80,Engineered-only selected,EngineeredOnly_Selected,5,predicted positive AND individual object truth / individual object truth,unweighted 10 m pixel counts,Norway,0.7,5,150,123,8,10,proto_1;proto_3;proto_4,true cosine similarity,"{""type"":""MultiPoint"",""coordinates"":[]}"
2_5,proto_1;proto_2;proto_3;proto_4;proto_5,EPSG:32632,30,0,EPSG:32632,2024,1.1,2.1,1.02,31N|32N,spatiotemporally held-out,2025,ocean_sim,238.00243960875667,ESA WorldCover 2021 class 80,Engineered-only selected,EngineeredOnly_Selected,5,predicted positive AND individual object truth / individual object truth,unweighted 10 m pixel counts,Norway,0.7,5,150,123,8,10,proto_1;proto_3;proto_4,true cosine similarity,"{""type"":""MultiPoint"",""coordinates"":[]}"
2_6,proto_1;proto_2;proto_3;proto_4;proto_5,EPSG:32632,30,0,EPSG:32632,2024,1.1,2.1,1.02,31N|32N,spatiotemporally held-out,2025,proto_1,228.67280439254864,ESA WorldCover 2021 class 80,Engineered-only selected,EngineeredOnly_Selected,5,predicted positive AND individual object truth / individual object truth,unweighted 10 m pixel counts,Norway,0.7,5,150,123,8,10,proto_1;proto_3;proto_4,true cosine similarity,"{""type"":""MultiPoint"",""coordinates"":[]}"
2_7,proto_1;proto_2;proto_3;proto_4;proto_5,EPSG:32632,30,0,EPSG:32632,2024,1.1,2.1,1.02,31N|32N,spatiotemporally held-out,2025,proto_3,238.0876631076901,ESA WorldCover 2021 class 80,Engineered-only selected,EngineeredOnly_Selected,5,predicted positive AND individual object truth / individual object truth,unweighted 10 m pixel counts,Norway,0.7,5,150,123,8,10,proto_1;proto_3;proto_4,true cosine similarity,"{""type"":""MultiPoint"",""coordinates"":[]}"
2_8,proto_1;proto_2;proto_3;proto_4;proto_5,EPSG:32632,30,0,EPSG:32632,2024,1.1,2.1,1.02,31N|32N,spatiotemporally held-out,2025,proto_4,177.7452184203135,ESA WorldCover 2021 class 80,Engineered-only selected,EngineeredOnly_Selected,5,predicted positive AND individual object truth / individual object truth,unweighted 10 m pixel counts,Norway,0.7,5,150,123,8,10,proto_1;proto_3;proto_4,true cosine similarity,"{""type"":""MultiPoint"",""coordinates"":[]}"
