system:index,all_prototypes,aoi_crs,aoi_size_km,development_aoi_overlap_count,development_sampling_crs,development_year,evaluation_aef_dataset_versions,evaluation_aef_model_versions,evaluation_aef_processing_versions,evaluation_aef_utm_zones,evaluation_design,evaluation_year,feature,importance,land_water_mask,method,method_code,minimum_connected_pixels,object_overlap_definition,pixel_counting,region,rf_bag_fraction,rf_min_leaf_population,rf_number_of_trees,rf_seed,rf_variables_per_split,scale_m,selected_prototypes,similarity_definition,.geo
1_1_1_1_1_0,proto_1;proto_2;proto_3;proto_4;proto_5,EPSG:32755,30,0,EPSG:32755,2024,1.1,2.1,1.02,55S,spatiotemporally held-out,2025,A00,20.15643120091295,ESA WorldCover 2021 class 80,Raw64 / Standard Random Forest,Raw64,5,predicted positive AND individual object truth / individual object truth,unweighted 10 m pixel counts,Tasmania,0.7,5,150,123,8,10,proto_3;proto_4;proto_5,true cosine similarity,"{""type"":""MultiPoint"",""coordinates"":[]}"
1_1_1_1_1_1,proto_1;proto_2;proto_3;proto_4;proto_5,EPSG:32755,30,0,EPSG:32755,2024,1.1,2.1,1.02,55S,spatiotemporally held-out,2025,A01,19.53218279894307,ESA WorldCover 2021 class 80,Raw64 / Standard Random Forest,Raw64,5,predicted positive AND individual object truth / individual object truth,unweighted 10 m pixel counts,Tasmania,0.7,5,150,123,8,10,proto_3;proto_4;proto_5,true cosine similarity,"{""type"":""MultiPoint"",""coordinates"":[]}"
1_1_1_1_1_2,proto_1;proto_2;proto_3;proto_4;proto_5,EPSG:32755,30,0,EPSG:32755,2024,1.1,2.1,1.02,55S,spatiotemporally held-out,2025,A02,31.00621041901614,ESA WorldCover 2021 class 80,Raw64 / Standard Random Forest,Raw64,5,predicted positive AND individual object truth / individual object truth,unweighted 10 m pixel counts,Tasmania,0.7,5,150,123,8,10,proto_3;proto_4;proto_5,true cosine similarity,"{""type"":""MultiPoint"",""coordinates"":[]}"
1_1_1_1_1_3,proto_1;proto_2;proto_3;proto_4;proto_5,EPSG:32755,30,0,EPSG:32755,2024,1.1,2.1,1.02,55S,spatiotemporally held-out,2025,A03,35.14959821078862,ESA WorldCover 2021 class 80,Raw64 / Standard Random Forest,Raw64,5,predicted positive AND individual object truth / individual object truth,unweighted 10 m pixel counts,Tasmania,0.7,5,150,123,8,10,proto_3;proto_4;proto_5,true cosine similarity,"{""type"":""MultiPoint"",""coordinates"":[]}"
1_1_1_1_1_4,proto_1;proto_2;proto_3;proto_4;proto_5,EPSG:32755,30,0,EPSG:32755,2024,1.1,2.1,1.02,55S,spatiotemporally held-out,2025,A04,15.146268714001822,ESA WorldCover 2021 class 80,Raw64 / Standard Random Forest,Raw64,5,predicted positive AND individual object truth / individual object truth,unweighted 10 m pixel counts,Tasmania,0.7,5,150,123,8,10,proto_3;proto_4;proto_5,true cosine similarity,"{""type"":""MultiPoint"",""coordinates"":[]}"
1_1_1_1_1_5,proto_1;proto_2;proto_3;proto_4;proto_5,EPSG:32755,30,0,EPSG:32755,2024,1.1,2.1,1.02,55S,spatiotemporally held-out,2025,A05,12.272410905588346,ESA WorldCover 2021 class 80,Raw64 / Standard Random Forest,Raw64,5,predicted positive AND individual object truth / individual object truth,unweighted 10 m pixel counts,Tasmania,0.7,5,150,123,8,10,proto_3;proto_4;proto_5,true cosine similarity,"{""type"":""MultiPoint"",""coordinates"":[]}"
1_1_1_1_1_6,proto_1;proto_2;proto_3;proto_4;proto_5,EPSG:32755,30,0,EPSG:32755,2024,1.1,2.1,1.02,55S,spatiotemporally held-out,2025,A06,29.96009321289659,ESA WorldCover 2021 class 80,Raw64 / Standard Random Forest,Raw64,5,predicted positive AND individual object truth / individual object truth,unweighted 10 m pixel counts,Tasmania,0.7,5,150,123,8,10,proto_3;proto_4;proto_5,true cosine similarity,"{""type"":""MultiPoint"",""coordinates"":[]}"
1_1_1_1_1_7,proto_1;proto_2;proto_3;proto_4;proto_5,EPSG:32755,30,0,EPSG:32755,2024,1.1,2.1,1.02,55S,spatiotemporally held-out,2025,A07,8.518910545937503,ESA WorldCover 2021 class 80,Raw64 / Standard Random Forest,Raw64,5,predicted positive AND individual object truth / individual object truth,unweighted 10 m pixel counts,Tasmania,0.7,5,150,123,8,10,proto_3;proto_4;proto_5,true cosine similarity,"{""type"":""MultiPoint"",""coordinates"":[]}"
1_1_1_1_1_8,proto_1;proto_2;proto_3;proto_4;proto_5,EPSG:32755,30,0,EPSG:32755,2024,1.1,2.1,1.02,55S,spatiotemporally held-out,2025,A08,14.219255933096413,ESA WorldCover 2021 class 80,Raw64 / Standard Random Forest,Raw64,5,predicted positive AND individual object truth / individual object truth,unweighted 10 m pixel counts,Tasmania,0.7,5,150,123,8,10,proto_3;proto_4;proto_5,true cosine similarity,"{""type"":""MultiPoint"",""coordinates"":[]}"
1_1_1_1_1_9,proto_1;proto_2;proto_3;proto_4;proto_5,EPSG:32755,30,0,EPSG:32755,2024,1.1,2.1,1.02,55S,spatiotemporally held-out,2025,A09,9.152337830070369,ESA WorldCover 2021 class 80,Raw64 / Standard Random Forest,Raw64,5,predicted positive AND individual object truth / individual object truth,unweighted 10 m pixel counts,Tasmania,0.7,5,150,123,8,10,proto_3;proto_4;proto_5,true cosine similarity,"{""type"":""MultiPoint"",""coordinates"":[]}"
1_1_1_1_1_10,proto_1;proto_2;proto_3;proto_4;proto_5,EPSG:32755,30,0,EPSG:32755,2024,1.1,2.1,1.02,55S,spatiotemporally held-out,2025,A10,15.20534144616396,ESA WorldCover 2021 class 80,Raw64 / Standard Random Forest,Raw64,5,predicted positive AND individual object truth / individual object truth,unweighted 10 m pixel counts,Tasmania,0.7,5,150,123,8,10,proto_3;proto_4;proto_5,true cosine similarity,"{""type"":""MultiPoint"",""coordinates"":[]}"
1_1_1_1_1_11,proto_1;proto_2;proto_3;proto_4;proto_5,EPSG:32755,30,0,EPSG:32755,2024,1.1,2.1,1.02,55S,spatiotemporally held-out,2025,A11,18.212584609757748,ESA WorldCover 2021 class 80,Raw64 / Standard Random Forest,Raw64,5,predicted positive AND individual object truth / individual object truth,unweighted 10 m pixel counts,Tasmania,0.7,5,150,123,8,10,proto_3;proto_4;proto_5,true cosine similarity,"{""type"":""MultiPoint"",""coordinates"":[]}"
1_1_1_1_1_12,proto_1;proto_2;proto_3;proto_4;proto_5,EPSG:32755,30,0,EPSG:32755,2024,1.1,2.1,1.02,55S,spatiotemporally held-out,2025,A12,26.304682275517212,ESA WorldCover 2021 class 80,Raw64 / Standard Random Forest,Raw64,5,predicted positive AND individual object truth / individual object truth,unweighted 10 m pixel counts,Tasmania,0.7,5,150,123,8,10,proto_3;proto_4;proto_5,true cosine similarity,"{""type"":""MultiPoint"",""coordinates"":[]}"
1_1_1_1_1_13,proto_1;proto_2;proto_3;proto_4;proto_5,EPSG:32755,30,0,EPSG:32755,2024,1.1,2.1,1.02,55S,spatiotemporally held-out,2025,A13,26.23249945405233,ESA WorldCover 2021 class 80,Raw64 / Standard Random Forest,Raw64,5,predicted positive AND individual object truth / individual object truth,unweighted 10 m pixel counts,Tasmania,0.7,5,150,123,8,10,proto_3;proto_4;proto_5,true cosine similarity,"{""type"":""MultiPoint"",""coordinates"":[]}"
1_1_1_1_1_14,proto_1;proto_2;proto_3;proto_4;proto_5,EPSG:32755,30,0,EPSG:32755,2024,1.1,2.1,1.02,55S,spatiotemporally held-out,2025,A14,9.679454018519177,ESA WorldCover 2021 class 80,Raw64 / Standard Random Forest,Raw64,5,predicted positive AND individual object truth / individual object truth,unweighted 10 m pixel counts,Tasmania,0.7,5,150,123,8,10,proto_3;proto_4;proto_5,true cosine similarity,"{""type"":""MultiPoint"",""coordinates"":[]}"
1_1_1_1_1_15,proto_1;proto_2;proto_3;proto_4;proto_5,EPSG:32755,30,0,EPSG:32755,2024,1.1,2.1,1.02,55S,spatiotemporally held-out,2025,A15,24.840618018476416,ESA WorldCover 2021 class 80,Raw64 / Standard Random Forest,Raw64,5,predicted positive AND individual object truth / individual object truth,unweighted 10 m pixel counts,Tasmania,0.7,5,150,123,8,10,proto_3;proto_4;proto_5,true cosine similarity,"{""type"":""MultiPoint"",""coordinates"":[]}"
1_1_1_1_1_16,proto_1;proto_2;proto_3;proto_4;proto_5,EPSG:32755,30,0,EPSG:32755,2024,1.1,2.1,1.02,55S,spatiotemporally held-out,2025,A16,21.54466925353359,ESA WorldCover 2021 class 80,Raw64 / Standard Random Forest,Raw64,5,predicted positive AND individual object truth / individual object truth,unweighted 10 m pixel counts,Tasmania,0.7,5,150,123,8,10,proto_3;proto_4;proto_5,true cosine similarity,"{""type"":""MultiPoint"",""coordinates"":[]}"
1_1_1_1_1_17,proto_1;proto_2;proto_3;proto_4;proto_5,EPSG:32755,30,0,EPSG:32755,2024,1.1,2.1,1.02,55S,spatiotemporally held-out,2025,A17,16.142914014070953,ESA WorldCover 2021 class 80,Raw64 / Standard Random Forest,Raw64,5,predicted positive AND individual object truth / individual object truth,unweighted 10 m pixel counts,Tasmania,0.7,5,150,123,8,10,proto_3;proto_4;proto_5,true cosine similarity,"{""type"":""MultiPoint"",""coordinates"":[]}"
1_1_1_1_1_18,proto_1;proto_2;proto_3;proto_4;proto_5,EPSG:32755,30,0,EPSG:32755,2024,1.1,2.1,1.02,55S,spatiotemporally held-out,2025,A18,27.496645840328412,ESA WorldCover 2021 class 80,Raw64 / Standard Random Forest,Raw64,5,predicted positive AND individual object truth / individual object truth,unweighted 10 m pixel counts,Tasmania,0.7,5,150,123,8,10,proto_3;proto_4;proto_5,true cosine similarity,"{""type"":""MultiPoint"",""coordinates"":[]}"
1_1_1_1_1_19,proto_1;proto_2;proto_3;proto_4;proto_5,EPSG:32755,30,0,EPSG:32755,2024,1.1,2.1,1.02,55S,spatiotemporally held-out,2025,A19,12.734007216273332,ESA WorldCover 2021 class 80,Raw64 / Standard Random Forest,Raw64,5,predicted positive AND individual object truth / individual object truth,unweighted 10 m pixel counts,Tasmania,0.7,5,150,123,8,10,proto_3;proto_4;proto_5,true cosine similarity,"{""type"":""MultiPoint"",""coordinates"":[]}"
1_1_1_1_1_20,proto_1;proto_2;proto_3;proto_4;proto_5,EPSG:32755,30,0,EPSG:32755,2024,1.1,2.1,1.02,55S,spatiotemporally held-out,2025,A20,18.101557466350272,ESA WorldCover 2021 class 80,Raw64 / Standard Random Forest,Raw64,5,predicted positive AND individual object truth / individual object truth,unweighted 10 m pixel counts,Tasmania,0.7,5,150,123,8,10,proto_3;proto_4;proto_5,true cosine similarity,"{""type"":""MultiPoint"",""coordinates"":[]}"
1_1_1_1_1_21,proto_1;proto_2;proto_3;proto_4;proto_5,EPSG:32755,30,0,EPSG:32755,2024,1.1,2.1,1.02,55S,spatiotemporally held-out,2025,A21,32.666354099505085,ESA WorldCover 2021 class 80,Raw64 / Standard Random Forest,Raw64,5,predicted positive AND individual object truth / individual object truth,unweighted 10 m pixel counts,Tasmania,0.7,5,150,123,8,10,proto_3;proto_4;proto_5,true cosine similarity,"{""type"":""MultiPoint"",""coordinates"":[]}"
1_1_1_1_1_22,proto_1;proto_2;proto_3;proto_4;proto_5,EPSG:32755,30,0,EPSG:32755,2024,1.1,2.1,1.02,55S,spatiotemporally held-out,2025,A22,18.313364515852868,ESA WorldCover 2021 class 80,Raw64 / Standard Random Forest,Raw64,5,predicted positive AND individual object truth / individual object truth,unweighted 10 m pixel counts,Tasmania,0.7,5,150,123,8,10,proto_3;proto_4;proto_5,true cosine similarity,"{""type"":""MultiPoint"",""coordinates"":[]}"
1_1_1_1_1_23,proto_1;proto_2;proto_3;proto_4;proto_5,EPSG:32755,30,0,EPSG:32755,2024,1.1,2.1,1.02,55S,spatiotemporally held-out,2025,A23,15.565096716513715,ESA WorldCover 2021 class 80,Raw64 / Standard Random Forest,Raw64,5,predicted positive AND individual object truth / individual object truth,unweighted 10 m pixel counts,Tasmania,0.7,5,150,123,8,10,proto_3;proto_4;proto_5,true cosine similarity,"{""type"":""MultiPoint"",""coordinates"":[]}"
1_1_1_1_1_24,proto_1;proto_2;proto_3;proto_4;proto_5,EPSG:32755,30,0,EPSG:32755,2024,1.1,2.1,1.02,55S,spatiotemporally held-out,2025,A24,17.10860994030326,ESA WorldCover 2021 class 80,Raw64 / Standard Random Forest,Raw64,5,predicted positive AND individual object truth / individual object truth,unweighted 10 m pixel counts,Tasmania,0.7,5,150,123,8,10,proto_3;proto_4;proto_5,true cosine similarity,"{""type"":""MultiPoint"",""coordinates"":[]}"
1_1_1_1_1_25,proto_1;proto_2;proto_3;proto_4;proto_5,EPSG:32755,30,0,EPSG:32755,2024,1.1,2.1,1.02,55S,spatiotemporally held-out,2025,A25,11.751320911958311,ESA WorldCover 2021 class 80,Raw64 / Standard Random Forest,Raw64,5,predicted positive AND individual object truth / individual object truth,unweighted 10 m pixel counts,Tasmania,0.7,5,150,123,8,10,proto_3;proto_4;proto_5,true cosine similarity,"{""type"":""MultiPoint"",""coordinates"":[]}"
1_1_1_1_1_26,proto_1;proto_2;proto_3;proto_4;proto_5,EPSG:32755,30,0,EPSG:32755,2024,1.1,2.1,1.02,55S,spatiotemporally held-out,2025,A26,29.153161413582495,ESA WorldCover 2021 class 80,Raw64 / Standard Random Forest,Raw64,5,predicted positive AND individual object truth / individual object truth,unweighted 10 m pixel counts,Tasmania,0.7,5,150,123,8,10,proto_3;proto_4;proto_5,true cosine similarity,"{""type"":""MultiPoint"",""coordinates"":[]}"
1_1_1_1_1_27,proto_1;proto_2;proto_3;proto_4;proto_5,EPSG:32755,30,0,EPSG:32755,2024,1.1,2.1,1.02,55S,spatiotemporally held-out,2025,A27,31.31428591180288,ESA WorldCover 2021 class 80,Raw64 / Standard Random Forest,Raw64,5,predicted positive AND individual object truth / individual object truth,unweighted 10 m pixel counts,Tasmania,0.7,5,150,123,8,10,proto_3;proto_4;proto_5,true cosine similarity,"{""type"":""MultiPoint"",""coordinates"":[]}"
1_1_1_1_1_28,proto_1;proto_2;proto_3;proto_4;proto_5,EPSG:32755,30,0,EPSG:32755,2024,1.1,2.1,1.02,55S,spatiotemporally held-out,2025,A28,25.505306685902593,ESA WorldCover 2021 class 80,Raw64 / Standard Random Forest,Raw64,5,predicted positive AND individual object truth / individual object truth,unweighted 10 m pixel counts,Tasmania,0.7,5,150,123,8,10,proto_3;proto_4;proto_5,true cosine similarity,"{""type"":""MultiPoint"",""coordinates"":[]}"
1_1_1_1_1_29,proto_1;proto_2;proto_3;proto_4;proto_5,EPSG:32755,30,0,EPSG:32755,2024,1.1,2.1,1.02,55S,spatiotemporally held-out,2025,A29,14.963105720454138,ESA WorldCover 2021 class 80,Raw64 / Standard Random Forest,Raw64,5,predicted positive AND individual object truth / individual object truth,unweighted 10 m pixel counts,Tasmania,0.7,5,150,123,8,10,proto_3;proto_4;proto_5,true cosine similarity,"{""type"":""MultiPoint"",""coordinates"":[]}"
1_1_1_1_1_30,proto_1;proto_2;proto_3;proto_4;proto_5,EPSG:32755,30,0,EPSG:32755,2024,1.1,2.1,1.02,55S,spatiotemporally held-out,2025,A30,13.78872215683972,ESA WorldCover 2021 class 80,Raw64 / Standard Random Forest,Raw64,5,predicted positive AND individual object truth / individual object truth,unweighted 10 m pixel counts,Tasmania,0.7,5,150,123,8,10,proto_3;proto_4;proto_5,true cosine similarity,"{""type"":""MultiPoint"",""coordinates"":[]}"
1_1_1_1_1_31,proto_1;proto_2;proto_3;proto_4;proto_5,EPSG:32755,30,0,EPSG:32755,2024,1.1,2.1,1.02,55S,spatiotemporally held-out,2025,A31,32.23627601967718,ESA WorldCover 2021 class 80,Raw64 / Standard Random Forest,Raw64,5,predicted positive AND individual object truth / individual object truth,unweighted 10 m pixel counts,Tasmania,0.7,5,150,123,8,10,proto_3;proto_4;proto_5,true cosine similarity,"{""type"":""MultiPoint"",""coordinates"":[]}"
1_1_1_1_1_32,proto_1;proto_2;proto_3;proto_4;proto_5,EPSG:32755,30,0,EPSG:32755,2024,1.1,2.1,1.02,55S,spatiotemporally held-out,2025,A32,18.46869452688682,ESA WorldCover 2021 class 80,Raw64 / Standard Random Forest,Raw64,5,predicted positive AND individual object truth / individual object truth,unweighted 10 m pixel counts,Tasmania,0.7,5,150,123,8,10,proto_3;proto_4;proto_5,true cosine similarity,"{""type"":""MultiPoint"",""coordinates"":[]}"
1_1_1_1_1_33,proto_1;proto_2;proto_3;proto_4;proto_5,EPSG:32755,30,0,EPSG:32755,2024,1.1,2.1,1.02,55S,spatiotemporally held-out,2025,A33,32.79872511274363,ESA WorldCover 2021 class 80,Raw64 / Standard Random Forest,Raw64,5,predicted positive AND individual object truth / individual object truth,unweighted 10 m pixel counts,Tasmania,0.7,5,150,123,8,10,proto_3;proto_4;proto_5,true cosine similarity,"{""type"":""MultiPoint"",""coordinates"":[]}"
1_1_1_1_1_34,proto_1;proto_2;proto_3;proto_4;proto_5,EPSG:32755,30,0,EPSG:32755,2024,1.1,2.1,1.02,55S,spatiotemporally held-out,2025,A34,10.805026773244208,ESA WorldCover 2021 class 80,Raw64 / Standard Random Forest,Raw64,5,predicted positive AND individual object truth / individual object truth,unweighted 10 m pixel counts,Tasmania,0.7,5,150,123,8,10,proto_3;proto_4;proto_5,true cosine similarity,"{""type"":""MultiPoint"",""coordinates"":[]}"
1_1_1_1_1_35,proto_1;proto_2;proto_3;proto_4;proto_5,EPSG:32755,30,0,EPSG:32755,2024,1.1,2.1,1.02,55S,spatiotemporally held-out,2025,A35,10.008133898028385,ESA WorldCover 2021 class 80,Raw64 / Standard Random Forest,Raw64,5,predicted positive AND individual object truth / individual object truth,unweighted 10 m pixel counts,Tasmania,0.7,5,150,123,8,10,proto_3;proto_4;proto_5,true cosine similarity,"{""type"":""MultiPoint"",""coordinates"":[]}"
1_1_1_1_1_36,proto_1;proto_2;proto_3;proto_4;proto_5,EPSG:32755,30,0,EPSG:32755,2024,1.1,2.1,1.02,55S,spatiotemporally held-out,2025,A36,19.321451085132452,ESA WorldCover 2021 class 80,Raw64 / Standard Random Forest,Raw64,5,predicted positive AND individual object truth / individual object truth,unweighted 10 m pixel counts,Tasmania,0.7,5,150,123,8,10,proto_3;proto_4;proto_5,true cosine similarity,"{""type"":""MultiPoint"",""coordinates"":[]}"
1_1_1_1_1_37,proto_1;proto_2;proto_3;proto_4;proto_5,EPSG:32755,30,0,EPSG:32755,2024,1.1,2.1,1.02,55S,spatiotemporally held-out,2025,A37,17.66522576601921,ESA WorldCover 2021 class 80,Raw64 / Standard Random Forest,Raw64,5,predicted positive AND individual object truth / individual object truth,unweighted 10 m pixel counts,Tasmania,0.7,5,150,123,8,10,proto_3;proto_4;proto_5,true cosine similarity,"{""type"":""MultiPoint"",""coordinates"":[]}"
1_1_1_1_1_38,proto_1;proto_2;proto_3;proto_4;proto_5,EPSG:32755,30,0,EPSG:32755,2024,1.1,2.1,1.02,55S,spatiotemporally held-out,2025,A38,20.567903010891072,ESA WorldCover 2021 class 80,Raw64 / Standard Random Forest,Raw64,5,predicted positive AND individual object truth / individual object truth,unweighted 10 m pixel counts,Tasmania,0.7,5,150,123,8,10,proto_3;proto_4;proto_5,true cosine similarity,"{""type"":""MultiPoint"",""coordinates"":[]}"
1_1_1_1_1_39,proto_1;proto_2;proto_3;proto_4;proto_5,EPSG:32755,30,0,EPSG:32755,2024,1.1,2.1,1.02,55S,spatiotemporally held-out,2025,A39,18.23376900373819,ESA WorldCover 2021 class 80,Raw64 / Standard Random Forest,Raw64,5,predicted positive AND individual object truth / individual object truth,unweighted 10 m pixel counts,Tasmania,0.7,5,150,123,8,10,proto_3;proto_4;proto_5,true cosine similarity,"{""type"":""MultiPoint"",""coordinates"":[]}"
1_1_1_1_1_40,proto_1;proto_2;proto_3;proto_4;proto_5,EPSG:32755,30,0,EPSG:32755,2024,1.1,2.1,1.02,55S,spatiotemporally held-out,2025,A40,19.220628929301757,ESA WorldCover 2021 class 80,Raw64 / Standard Random Forest,Raw64,5,predicted positive AND individual object truth / individual object truth,unweighted 10 m pixel counts,Tasmania,0.7,5,150,123,8,10,proto_3;proto_4;proto_5,true cosine similarity,"{""type"":""MultiPoint"",""coordinates"":[]}"
1_1_1_1_1_41,proto_1;proto_2;proto_3;proto_4;proto_5,EPSG:32755,30,0,EPSG:32755,2024,1.1,2.1,1.02,55S,spatiotemporally held-out,2025,A41,25.233075297022875,ESA WorldCover 2021 class 80,Raw64 / Standard Random Forest,Raw64,5,predicted positive AND individual object truth / individual object truth,unweighted 10 m pixel counts,Tasmania,0.7,5,150,123,8,10,proto_3;proto_4;proto_5,true cosine similarity,"{""type"":""MultiPoint"",""coordinates"":[]}"
1_1_1_1_1_42,proto_1;proto_2;proto_3;proto_4;proto_5,EPSG:32755,30,0,EPSG:32755,2024,1.1,2.1,1.02,55S,spatiotemporally held-out,2025,A42,21.644847170266246,ESA WorldCover 2021 class 80,Raw64 / Standard Random Forest,Raw64,5,predicted positive AND individual object truth / individual object truth,unweighted 10 m pixel counts,Tasmania,0.7,5,150,123,8,10,proto_3;proto_4;proto_5,true cosine similarity,"{""type"":""MultiPoint"",""coordinates"":[]}"
1_1_1_1_1_43,proto_1;proto_2;proto_3;proto_4;proto_5,EPSG:32755,30,0,EPSG:32755,2024,1.1,2.1,1.02,55S,spatiotemporally held-out,2025,A43,13.947282065175186,ESA WorldCover 2021 class 80,Raw64 / Standard Random Forest,Raw64,5,predicted positive AND individual object truth / individual object truth,unweighted 10 m pixel counts,Tasmania,0.7,5,150,123,8,10,proto_3;proto_4;proto_5,true cosine similarity,"{""type"":""MultiPoint"",""coordinates"":[]}"
1_1_1_1_1_44,proto_1;proto_2;proto_3;proto_4;proto_5,EPSG:32755,30,0,EPSG:32755,2024,1.1,2.1,1.02,55S,spatiotemporally held-out,2025,A44,8.037933436886153,ESA WorldCover 2021 class 80,Raw64 / Standard Random Forest,Raw64,5,predicted positive AND individual object truth / individual object truth,unweighted 10 m pixel counts,Tasmania,0.7,5,150,123,8,10,proto_3;proto_4;proto_5,true cosine similarity,"{""type"":""MultiPoint"",""coordinates"":[]}"
1_1_1_1_1_45,proto_1;proto_2;proto_3;proto_4;proto_5,EPSG:32755,30,0,EPSG:32755,2024,1.1,2.1,1.02,55S,spatiotemporally held-out,2025,A45,14.419220034785242,ESA WorldCover 2021 class 80,Raw64 / Standard Random Forest,Raw64,5,predicted positive AND individual object truth / individual object truth,unweighted 10 m pixel counts,Tasmania,0.7,5,150,123,8,10,proto_3;proto_4;proto_5,true cosine similarity,"{""type"":""MultiPoint"",""coordinates"":[]}"
1_1_1_1_1_46,proto_1;proto_2;proto_3;proto_4;proto_5,EPSG:32755,30,0,EPSG:32755,2024,1.1,2.1,1.02,55S,spatiotemporally held-out,2025,A46,15.391118891883107,ESA WorldCover 2021 class 80,Raw64 / Standard Random Forest,Raw64,5,predicted positive AND individual object truth / individual object truth,unweighted 10 m pixel counts,Tasmania,0.7,5,150,123,8,10,proto_3;proto_4;proto_5,true cosine similarity,"{""type"":""MultiPoint"",""coordinates"":[]}"
1_1_1_1_1_47,proto_1;proto_2;proto_3;proto_4;proto_5,EPSG:32755,30,0,EPSG:32755,2024,1.1,2.1,1.02,55S,spatiotemporally held-out,2025,A47,12.934880301703348,ESA WorldCover 2021 class 80,Raw64 / Standard Random Forest,Raw64,5,predicted positive AND individual object truth / individual object truth,unweighted 10 m pixel counts,Tasmania,0.7,5,150,123,8,10,proto_3;proto_4;proto_5,true cosine similarity,"{""type"":""MultiPoint"",""coordinates"":[]}"
1_1_1_1_1_48,proto_1;proto_2;proto_3;proto_4;proto_5,EPSG:32755,30,0,EPSG:32755,2024,1.1,2.1,1.02,55S,spatiotemporally held-out,2025,A48,22.809992998430456,ESA WorldCover 2021 class 80,Raw64 / Standard Random Forest,Raw64,5,predicted positive AND individual object truth / individual object truth,unweighted 10 m pixel counts,Tasmania,0.7,5,150,123,8,10,proto_3;proto_4;proto_5,true cosine similarity,"{""type"":""MultiPoint"",""coordinates"":[]}"
1_1_1_1_1_49,proto_1;proto_2;proto_3;proto_4;proto_5,EPSG:32755,30,0,EPSG:32755,2024,1.1,2.1,1.02,55S,spatiotemporally held-out,2025,A49,13.29623601890086,ESA WorldCover 2021 class 80,Raw64 / Standard Random Forest,Raw64,5,predicted positive AND individual object truth / individual object truth,unweighted 10 m pixel counts,Tasmania,0.7,5,150,123,8,10,proto_3;proto_4;proto_5,true cosine similarity,"{""type"":""MultiPoint"",""coordinates"":[]}"
1_1_1_1_1_50,proto_1;proto_2;proto_3;proto_4;proto_5,EPSG:32755,30,0,EPSG:32755,2024,1.1,2.1,1.02,55S,spatiotemporally held-out,2025,A50,30.51297085108819,ESA WorldCover 2021 class 80,Raw64 / Standard Random Forest,Raw64,5,predicted positive AND individual object truth / individual object truth,unweighted 10 m pixel counts,Tasmania,0.7,5,150,123,8,10,proto_3;proto_4;proto_5,true cosine similarity,"{""type"":""MultiPoint"",""coordinates"":[]}"
1_1_1_1_1_51,proto_1;proto_2;proto_3;proto_4;proto_5,EPSG:32755,30,0,EPSG:32755,2024,1.1,2.1,1.02,55S,spatiotemporally held-out,2025,A51,21.134194864678978,ESA WorldCover 2021 class 80,Raw64 / Standard Random Forest,Raw64,5,predicted positive AND individual object truth / individual object truth,unweighted 10 m pixel counts,Tasmania,0.7,5,150,123,8,10,proto_3;proto_4;proto_5,true cosine similarity,"{""type"":""MultiPoint"",""coordinates"":[]}"
1_1_1_1_1_52,proto_1;proto_2;proto_3;proto_4;proto_5,EPSG:32755,30,0,EPSG:32755,2024,1.1,2.1,1.02,55S,spatiotemporally held-out,2025,A52,19.076639660541687,ESA WorldCover 2021 class 80,Raw64 / Standard Random Forest,Raw64,5,predicted positive AND individual object truth / individual object truth,unweighted 10 m pixel counts,Tasmania,0.7,5,150,123,8,10,proto_3;proto_4;proto_5,true cosine similarity,"{""type"":""MultiPoint"",""coordinates"":[]}"
1_1_1_1_1_53,proto_1;proto_2;proto_3;proto_4;proto_5,EPSG:32755,30,0,EPSG:32755,2024,1.1,2.1,1.02,55S,spatiotemporally held-out,2025,A53,11.180824310756895,ESA WorldCover 2021 class 80,Raw64 / Standard Random Forest,Raw64,5,predicted positive AND individual object truth / individual object truth,unweighted 10 m pixel counts,Tasmania,0.7,5,150,123,8,10,proto_3;proto_4;proto_5,true cosine similarity,"{""type"":""MultiPoint"",""coordinates"":[]}"
1_1_1_1_1_54,proto_1;proto_2;proto_3;proto_4;proto_5,EPSG:32755,30,0,EPSG:32755,2024,1.1,2.1,1.02,55S,spatiotemporally held-out,2025,A54,14.528832713775053,ESA WorldCover 2021 class 80,Raw64 / Standard Random Forest,Raw64,5,predicted positive AND individual object truth / individual object truth,unweighted 10 m pixel counts,Tasmania,0.7,5,150,123,8,10,proto_3;proto_4;proto_5,true cosine similarity,"{""type"":""MultiPoint"",""coordinates"":[]}"
1_1_1_1_1_55,proto_1;proto_2;proto_3;proto_4;proto_5,EPSG:32755,30,0,EPSG:32755,2024,1.1,2.1,1.02,55S,spatiotemporally held-out,2025,A55,27.069788197028867,ESA WorldCover 2021 class 80,Raw64 / Standard Random Forest,Raw64,5,predicted positive AND individual object truth / individual object truth,unweighted 10 m pixel counts,Tasmania,0.7,5,150,123,8,10,proto_3;proto_4;proto_5,true cosine similarity,"{""type"":""MultiPoint"",""coordinates"":[]}"
1_1_1_1_1_56,proto_1;proto_2;proto_3;proto_4;proto_5,EPSG:32755,30,0,EPSG:32755,2024,1.1,2.1,1.02,55S,spatiotemporally held-out,2025,A56,13.274021924453994,ESA WorldCover 2021 class 80,Raw64 / Standard Random Forest,Raw64,5,predicted positive AND individual object truth / individual object truth,unweighted 10 m pixel counts,Tasmania,0.7,5,150,123,8,10,proto_3;proto_4;proto_5,true cosine similarity,"{""type"":""MultiPoint"",""coordinates"":[]}"
1_1_1_1_1_57,proto_1;proto_2;proto_3;proto_4;proto_5,EPSG:32755,30,0,EPSG:32755,2024,1.1,2.1,1.02,55S,spatiotemporally held-out,2025,A57,20.76666613755967,ESA WorldCover 2021 class 80,Raw64 / Standard Random Forest,Raw64,5,predicted positive AND individual object truth / individual object truth,unweighted 10 m pixel counts,Tasmania,0.7,5,150,123,8,10,proto_3;proto_4;proto_5,true cosine similarity,"{""type"":""MultiPoint"",""coordinates"":[]}"
1_1_1_1_1_58,proto_1;proto_2;proto_3;proto_4;proto_5,EPSG:32755,30,0,EPSG:32755,2024,1.1,2.1,1.02,55S,spatiotemporally held-out,2025,A58,11.727572686368688,ESA WorldCover 2021 class 80,Raw64 / Standard Random Forest,Raw64,5,predicted positive AND individual object truth / individual object truth,unweighted 10 m pixel counts,Tasmania,0.7,5,150,123,8,10,proto_3;proto_4;proto_5,true cosine similarity,"{""type"":""MultiPoint"",""coordinates"":[]}"
1_1_1_1_1_59,proto_1;proto_2;proto_3;proto_4;proto_5,EPSG:32755,30,0,EPSG:32755,2024,1.1,2.1,1.02,55S,spatiotemporally held-out,2025,A59,18.665705122797732,ESA WorldCover 2021 class 80,Raw64 / Standard Random Forest,Raw64,5,predicted positive AND individual object truth / individual object truth,unweighted 10 m pixel counts,Tasmania,0.7,5,150,123,8,10,proto_3;proto_4;proto_5,true cosine similarity,"{""type"":""MultiPoint"",""coordinates"":[]}"
1_1_1_1_1_60,proto_1;proto_2;proto_3;proto_4;proto_5,EPSG:32755,30,0,EPSG:32755,2024,1.1,2.1,1.02,55S,spatiotemporally held-out,2025,A60,22.43459296997139,ESA WorldCover 2021 class 80,Raw64 / Standard Random Forest,Raw64,5,predicted positive AND individual object truth / individual object truth,unweighted 10 m pixel counts,Tasmania,0.7,5,150,123,8,10,proto_3;proto_4;proto_5,true cosine similarity,"{""type"":""MultiPoint"",""coordinates"":[]}"
1_1_1_1_1_61,proto_1;proto_2;proto_3;proto_4;proto_5,EPSG:32755,30,0,EPSG:32755,2024,1.1,2.1,1.02,55S,spatiotemporally held-out,2025,A61,23.22457363096716,ESA WorldCover 2021 class 80,Raw64 / Standard Random Forest,Raw64,5,predicted positive AND individual object truth / individual object truth,unweighted 10 m pixel counts,Tasmania,0.7,5,150,123,8,10,proto_3;proto_4;proto_5,true cosine similarity,"{""type"":""MultiPoint"",""coordinates"":[]}"
1_1_1_1_1_62,proto_1;proto_2;proto_3;proto_4;proto_5,EPSG:32755,30,0,EPSG:32755,2024,1.1,2.1,1.02,55S,spatiotemporally held-out,2025,A62,23.203045114727217,ESA WorldCover 2021 class 80,Raw64 / Standard Random Forest,Raw64,5,predicted positive AND individual object truth / individual object truth,unweighted 10 m pixel counts,Tasmania,0.7,5,150,123,8,10,proto_3;proto_4;proto_5,true cosine similarity,"{""type"":""MultiPoint"",""coordinates"":[]}"
1_1_1_1_1_63,proto_1;proto_2;proto_3;proto_4;proto_5,EPSG:32755,30,0,EPSG:32755,2024,1.1,2.1,1.02,55S,spatiotemporally held-out,2025,A63,10.060931243569602,ESA WorldCover 2021 class 80,Raw64 / Standard Random Forest,Raw64,5,predicted positive AND individual object truth / individual object truth,unweighted 10 m pixel counts,Tasmania,0.7,5,150,123,8,10,proto_3;proto_4;proto_5,true cosine similarity,"{""type"":""MultiPoint"",""coordinates"":[]}"
1_1_1_1_2_0,proto_1;proto_2;proto_3;proto_4;proto_5,EPSG:32755,30,0,EPSG:32755,2024,1.1,2.1,1.02,55S,spatiotemporally held-out,2025,A00,20.165225523722153,ESA WorldCover 2021 class 80,Raw64 + class similarities,Raw64_ClassSimilarity,5,predicted positive AND individual object truth / individual object truth,unweighted 10 m pixel counts,Tasmania,0.7,5,150,123,8,10,proto_3;proto_4;proto_5,true cosine similarity,"{""type"":""MultiPoint"",""coordinates"":[]}"
1_1_1_1_2_1,proto_1;proto_2;proto_3;proto_4;proto_5,EPSG:32755,30,0,EPSG:32755,2024,1.1,2.1,1.02,55S,spatiotemporally held-out,2025,A01,20.55952664601411,ESA WorldCover 2021 class 80,Raw64 + class similarities,Raw64_ClassSimilarity,5,predicted positive AND individual object truth / individual object truth,unweighted 10 m pixel counts,Tasmania,0.7,5,150,123,8,10,proto_3;proto_4;proto_5,true cosine similarity,"{""type"":""MultiPoint"",""coordinates"":[]}"
1_1_1_1_2_2,proto_1;proto_2;proto_3;proto_4;proto_5,EPSG:32755,30,0,EPSG:32755,2024,1.1,2.1,1.02,55S,spatiotemporally held-out,2025,A02,26.060608528691755,ESA WorldCover 2021 class 80,Raw64 + class similarities,Raw64_ClassSimilarity,5,predicted positive AND individual object truth / individual object truth,unweighted 10 m pixel counts,Tasmania,0.7,5,150,123,8,10,proto_3;proto_4;proto_5,true cosine similarity,"{""type"":""MultiPoint"",""coordinates"":[]}"
1_1_1_1_2_3,proto_1;proto_2;proto_3;proto_4;proto_5,EPSG:32755,30,0,EPSG:32755,2024,1.1,2.1,1.02,55S,spatiotemporally held-out,2025,A03,32.11591555072161,ESA WorldCover 2021 class 80,Raw64 + class similarities,Raw64_ClassSimilarity,5,predicted positive AND individual object truth / individual object truth,unweighted 10 m pixel counts,Tasmania,0.7,5,150,123,8,10,proto_3;proto_4;proto_5,true cosine similarity,"{""type"":""MultiPoint"",""coordinates"":[]}"
1_1_1_1_2_4,proto_1;proto_2;proto_3;proto_4;proto_5,EPSG:32755,30,0,EPSG:32755,2024,1.1,2.1,1.02,55S,spatiotemporally held-out,2025,A04,11.625719670192387,ESA WorldCover 2021 class 80,Raw64 + class similarities,Raw64_ClassSimilarity,5,predicted positive AND individual object truth / individual object truth,unweighted 10 m pixel counts,Tasmania,0.7,5,150,123,8,10,proto_3;proto_4;proto_5,true cosine similarity,"{""type"":""MultiPoint"",""coordinates"":[]}"
1_1_1_1_2_5,proto_1;proto_2;proto_3;proto_4;proto_5,EPSG:32755,30,0,EPSG:32755,2024,1.1,2.1,1.02,55S,spatiotemporally held-out,2025,A05,9.532273224969853,ESA WorldCover 2021 class 80,Raw64 + class similarities,Raw64_ClassSimilarity,5,predicted positive AND individual object truth / individual object truth,unweighted 10 m pixel counts,Tasmania,0.7,5,150,123,8,10,proto_3;proto_4;proto_5,true cosine similarity,"{""type"":""MultiPoint"",""coordinates"":[]}"
1_1_1_1_2_6,proto_1;proto_2;proto_3;proto_4;proto_5,EPSG:32755,30,0,EPSG:32755,2024,1.1,2.1,1.02,55S,spatiotemporally held-out,2025,A06,22.975132407430788,ESA WorldCover 2021 class 80,Raw64 + class similarities,Raw64_ClassSimilarity,5,predicted positive AND individual object truth / individual object truth,unweighted 10 m pixel counts,Tasmania,0.7,5,150,123,8,10,proto_3;proto_4;proto_5,true cosine similarity,"{""type"":""MultiPoint"",""coordinates"":[]}"
1_1_1_1_2_7,proto_1;proto_2;proto_3;proto_4;proto_5,EPSG:32755,30,0,EPSG:32755,2024,1.1,2.1,1.02,55S,spatiotemporally held-out,2025,A07,11.056492266389096,ESA WorldCover 2021 class 80,Raw64 + class similarities,Raw64_ClassSimilarity,5,predicted positive AND individual object truth / individual object truth,unweighted 10 m pixel counts,Tasmania,0.7,5,150,123,8,10,proto_3;proto_4;proto_5,true cosine similarity,"{""type"":""MultiPoint"",""coordinates"":[]}"
1_1_1_1_2_8,proto_1;proto_2;proto_3;proto_4;proto_5,EPSG:32755,30,0,EPSG:32755,2024,1.1,2.1,1.02,55S,spatiotemporally held-out,2025,A08,17.57474257853771,ESA WorldCover 2021 class 80,Raw64 + class similarities,Raw64_ClassSimilarity,5,predicted positive AND individual object truth / individual object truth,unweighted 10 m pixel counts,Tasmania,0.7,5,150,123,8,10,proto_3;proto_4;proto_5,true cosine similarity,"{""type"":""MultiPoint"",""coordinates"":[]}"
1_1_1_1_2_9,proto_1;proto_2;proto_3;proto_4;proto_5,EPSG:32755,30,0,EPSG:32755,2024,1.1,2.1,1.02,55S,spatiotemporally held-out,2025,A09,9.787015613067801,ESA WorldCover 2021 class 80,Raw64 + class similarities,Raw64_ClassSimilarity,5,predicted positive AND individual object truth / individual object truth,unweighted 10 m pixel counts,Tasmania,0.7,5,150,123,8,10,proto_3;proto_4;proto_5,true cosine similarity,"{""type"":""MultiPoint"",""coordinates"":[]}"
1_1_1_1_2_10,proto_1;proto_2;proto_3;proto_4;proto_5,EPSG:32755,30,0,EPSG:32755,2024,1.1,2.1,1.02,55S,spatiotemporally held-out,2025,A10,15.184086229698503,ESA WorldCover 2021 class 80,Raw64 + class similarities,Raw64_ClassSimilarity,5,predicted positive AND individual object truth / individual object truth,unweighted 10 m pixel counts,Tasmania,0.7,5,150,123,8,10,proto_3;proto_4;proto_5,true cosine similarity,"{""type"":""MultiPoint"",""coordinates"":[]}"
1_1_1_1_2_11,proto_1;proto_2;proto_3;proto_4;proto_5,EPSG:32755,30,0,EPSG:32755,2024,1.1,2.1,1.02,55S,spatiotemporally held-out,2025,A11,17.154712181507993,ESA WorldCover 2021 class 80,Raw64 + class similarities,Raw64_ClassSimilarity,5,predicted positive AND individual object truth / individual object truth,unweighted 10 m pixel counts,Tasmania,0.7,5,150,123,8,10,proto_3;proto_4;proto_5,true cosine similarity,"{""type"":""MultiPoint"",""coordinates"":[]}"
1_1_1_1_2_12,proto_1;proto_2;proto_3;proto_4;proto_5,EPSG:32755,30,0,EPSG:32755,2024,1.1,2.1,1.02,55S,spatiotemporally held-out,2025,A12,25.153102943387204,ESA WorldCover 2021 class 80,Raw64 + class similarities,Raw64_ClassSimilarity,5,predicted positive AND individual object truth / individual object truth,unweighted 10 m pixel counts,Tasmania,0.7,5,150,123,8,10,proto_3;proto_4;proto_5,true cosine similarity,"{""type"":""MultiPoint"",""coordinates"":[]}"
1_1_1_1_2_13,proto_1;proto_2;proto_3;proto_4;proto_5,EPSG:32755,30,0,EPSG:32755,2024,1.1,2.1,1.02,55S,spatiotemporally held-out,2025,A13,24.610368536593214,ESA WorldCover 2021 class 80,Raw64 + class similarities,Raw64_ClassSimilarity,5,predicted positive AND individual object truth / individual object truth,unweighted 10 m pixel counts,Tasmania,0.7,5,150,123,8,10,proto_3;proto_4;proto_5,true cosine similarity,"{""type"":""MultiPoint"",""coordinates"":[]}"
1_1_1_1_2_14,proto_1;proto_2;proto_3;proto_4;proto_5,EPSG:32755,30,0,EPSG:32755,2024,1.1,2.1,1.02,55S,spatiotemporally held-out,2025,A14,10.326762285633682,ESA WorldCover 2021 class 80,Raw64 + class similarities,Raw64_ClassSimilarity,5,predicted positive AND individual object truth / individual object truth,unweighted 10 m pixel counts,Tasmania,0.7,5,150,123,8,10,proto_3;proto_4;proto_5,true cosine similarity,"{""type"":""MultiPoint"",""coordinates"":[]}"
1_1_1_1_2_15,proto_1;proto_2;proto_3;proto_4;proto_5,EPSG:32755,30,0,EPSG:32755,2024,1.1,2.1,1.02,55S,spatiotemporally held-out,2025,A15,23.979138058942258,ESA WorldCover 2021 class 80,Raw64 + class similarities,Raw64_ClassSimilarity,5,predicted positive AND individual object truth / individual object truth,unweighted 10 m pixel counts,Tasmania,0.7,5,150,123,8,10,proto_3;proto_4;proto_5,true cosine similarity,"{""type"":""MultiPoint"",""coordinates"":[]}"
1_1_1_1_2_16,proto_1;proto_2;proto_3;proto_4;proto_5,EPSG:32755,30,0,EPSG:32755,2024,1.1,2.1,1.02,55S,spatiotemporally held-out,2025,A16,20.984556992355174,ESA WorldCover 2021 class 80,Raw64 + class similarities,Raw64_ClassSimilarity,5,predicted positive AND individual object truth / individual object truth,unweighted 10 m pixel counts,Tasmania,0.7,5,150,123,8,10,proto_3;proto_4;proto_5,true cosine similarity,"{""type"":""MultiPoint"",""coordinates"":[]}"
1_1_1_1_2_17,proto_1;proto_2;proto_3;proto_4;proto_5,EPSG:32755,30,0,EPSG:32755,2024,1.1,2.1,1.02,55S,spatiotemporally held-out,2025,A17,15.359759018828644,ESA WorldCover 2021 class 80,Raw64 + class similarities,Raw64_ClassSimilarity,5,predicted positive AND individual object truth / individual object truth,unweighted 10 m pixel counts,Tasmania,0.7,5,150,123,8,10,proto_3;proto_4;proto_5,true cosine similarity,"{""type"":""MultiPoint"",""coordinates"":[]}"
1_1_1_1_2_18,proto_1;proto_2;proto_3;proto_4;proto_5,EPSG:32755,30,0,EPSG:32755,2024,1.1,2.1,1.02,55S,spatiotemporally held-out,2025,A18,28.55323173147812,ESA WorldCover 2021 class 80,Raw64 + class similarities,Raw64_ClassSimilarity,5,predicted positive AND individual object truth / individual object truth,unweighted 10 m pixel counts,Tasmania,0.7,5,150,123,8,10,proto_3;proto_4;proto_5,true cosine similarity,"{""type"":""MultiPoint"",""coordinates"":[]}"
1_1_1_1_2_19,proto_1;proto_2;proto_3;proto_4;proto_5,EPSG:32755,30,0,EPSG:32755,2024,1.1,2.1,1.02,55S,spatiotemporally held-out,2025,A19,14.154804767551598,ESA WorldCover 2021 class 80,Raw64 + class similarities,Raw64_ClassSimilarity,5,predicted positive AND individual object truth / individual object truth,unweighted 10 m pixel counts,Tasmania,0.7,5,150,123,8,10,proto_3;proto_4;proto_5,true cosine similarity,"{""type"":""MultiPoint"",""coordinates"":[]}"
1_1_1_1_2_20,proto_1;proto_2;proto_3;proto_4;proto_5,EPSG:32755,30,0,EPSG:32755,2024,1.1,2.1,1.02,55S,spatiotemporally held-out,2025,A20,14.353783419355125,ESA WorldCover 2021 class 80,Raw64 + class similarities,Raw64_ClassSimilarity,5,predicted positive AND individual object truth / individual object truth,unweighted 10 m pixel counts,Tasmania,0.7,5,150,123,8,10,proto_3;proto_4;proto_5,true cosine similarity,"{""type"":""MultiPoint"",""coordinates"":[]}"
1_1_1_1_2_21,proto_1;proto_2;proto_3;proto_4;proto_5,EPSG:32755,30,0,EPSG:32755,2024,1.1,2.1,1.02,55S,spatiotemporally held-out,2025,A21,21.71201531750253,ESA WorldCover 2021 class 80,Raw64 + class similarities,Raw64_ClassSimilarity,5,predicted positive AND individual object truth / individual object truth,unweighted 10 m pixel counts,Tasmania,0.7,5,150,123,8,10,proto_3;proto_4;proto_5,true cosine similarity,"{""type"":""MultiPoint"",""coordinates"":[]}"
1_1_1_1_2_22,proto_1;proto_2;proto_3;proto_4;proto_5,EPSG:32755,30,0,EPSG:32755,2024,1.1,2.1,1.02,55S,spatiotemporally held-out,2025,A22,15.187485015826537,ESA WorldCover 2021 class 80,Raw64 + class similarities,Raw64_ClassSimilarity,5,predicted positive AND individual object truth / individual object truth,unweighted 10 m pixel counts,Tasmania,0.7,5,150,123,8,10,proto_3;proto_4;proto_5,true cosine similarity,"{""type"":""MultiPoint"",""coordinates"":[]}"
1_1_1_1_2_23,proto_1;proto_2;proto_3;proto_4;proto_5,EPSG:32755,30,0,EPSG:32755,2024,1.1,2.1,1.02,55S,spatiotemporally held-out,2025,A23,17.651379723167192,ESA WorldCover 2021 class 80,Raw64 + class similarities,Raw64_ClassSimilarity,5,predicted positive AND individual object truth / individual object truth,unweighted 10 m pixel counts,Tasmania,0.7,5,150,123,8,10,proto_3;proto_4;proto_5,true cosine similarity,"{""type"":""MultiPoint"",""coordinates"":[]}"
1_1_1_1_2_24,proto_1;proto_2;proto_3;proto_4;proto_5,EPSG:32755,30,0,EPSG:32755,2024,1.1,2.1,1.02,55S,spatiotemporally held-out,2025,A24,18.19071931572329,ESA WorldCover 2021 class 80,Raw64 + class similarities,Raw64_ClassSimilarity,5,predicted positive AND individual object truth / individual object truth,unweighted 10 m pixel counts,Tasmania,0.7,5,150,123,8,10,proto_3;proto_4;proto_5,true cosine similarity,"{""type"":""MultiPoint"",""coordinates"":[]}"
1_1_1_1_2_25,proto_1;proto_2;proto_3;proto_4;proto_5,EPSG:32755,30,0,EPSG:32755,2024,1.1,2.1,1.02,55S,spatiotemporally held-out,2025,A25,10.446183729840161,ESA WorldCover 2021 class 80,Raw64 + class similarities,Raw64_ClassSimilarity,5,predicted positive AND individual object truth / individual object truth,unweighted 10 m pixel counts,Tasmania,0.7,5,150,123,8,10,proto_3;proto_4;proto_5,true cosine similarity,"{""type"":""MultiPoint"",""coordinates"":[]}"
1_1_1_1_2_26,proto_1;proto_2;proto_3;proto_4;proto_5,EPSG:32755,30,0,EPSG:32755,2024,1.1,2.1,1.02,55S,spatiotemporally held-out,2025,A26,30.00129219650791,ESA WorldCover 2021 class 80,Raw64 + class similarities,Raw64_ClassSimilarity,5,predicted positive AND individual object truth / individual object truth,unweighted 10 m pixel counts,Tasmania,0.7,5,150,123,8,10,proto_3;proto_4;proto_5,true cosine similarity,"{""type"":""MultiPoint"",""coordinates"":[]}"
1_1_1_1_2_27,proto_1;proto_2;proto_3;proto_4;proto_5,EPSG:32755,30,0,EPSG:32755,2024,1.1,2.1,1.02,55S,spatiotemporally held-out,2025,A27,23.620956161919516,ESA WorldCover 2021 class 80,Raw64 + class similarities,Raw64_ClassSimilarity,5,predicted positive AND individual object truth / individual object truth,unweighted 10 m pixel counts,Tasmania,0.7,5,150,123,8,10,proto_3;proto_4;proto_5,true cosine similarity,"{""type"":""MultiPoint"",""coordinates"":[]}"
1_1_1_1_2_28,proto_1;proto_2;proto_3;proto_4;proto_5,EPSG:32755,30,0,EPSG:32755,2024,1.1,2.1,1.02,55S,spatiotemporally held-out,2025,A28,21.16610833475307,ESA WorldCover 2021 class 80,Raw64 + class similarities,Raw64_ClassSimilarity,5,predicted positive AND individual object truth / individual object truth,unweighted 10 m pixel counts,Tasmania,0.7,5,150,123,8,10,proto_3;proto_4;proto_5,true cosine similarity,"{""type"":""MultiPoint"",""coordinates"":[]}"
1_1_1_1_2_29,proto_1;proto_2;proto_3;proto_4;proto_5,EPSG:32755,30,0,EPSG:32755,2024,1.1,2.1,1.02,55S,spatiotemporally held-out,2025,A29,16.072284892603538,ESA WorldCover 2021 class 80,Raw64 + class similarities,Raw64_ClassSimilarity,5,predicted positive AND individual object truth / individual object truth,unweighted 10 m pixel counts,Tasmania,0.7,5,150,123,8,10,proto_3;proto_4;proto_5,true cosine similarity,"{""type"":""MultiPoint"",""coordinates"":[]}"
1_1_1_1_2_30,proto_1;proto_2;proto_3;proto_4;proto_5,EPSG:32755,30,0,EPSG:32755,2024,1.1,2.1,1.02,55S,spatiotemporally held-out,2025,A30,13.688960277946954,ESA WorldCover 2021 class 80,Raw64 + class similarities,Raw64_ClassSimilarity,5,predicted positive AND individual object truth / individual object truth,unweighted 10 m pixel counts,Tasmania,0.7,5,150,123,8,10,proto_3;proto_4;proto_5,true cosine similarity,"{""type"":""MultiPoint"",""coordinates"":[]}"
1_1_1_1_2_31,proto_1;proto_2;proto_3;proto_4;proto_5,EPSG:32755,30,0,EPSG:32755,2024,1.1,2.1,1.02,55S,spatiotemporally held-out,2025,A31,22.375253034157666,ESA WorldCover 2021 class 80,Raw64 + class similarities,Raw64_ClassSimilarity,5,predicted positive AND individual object truth / individual object truth,unweighted 10 m pixel counts,Tasmania,0.7,5,150,123,8,10,proto_3;proto_4;proto_5,true cosine similarity,"{""type"":""MultiPoint"",""coordinates"":[]}"
1_1_1_1_2_32,proto_1;proto_2;proto_3;proto_4;proto_5,EPSG:32755,30,0,EPSG:32755,2024,1.1,2.1,1.02,55S,spatiotemporally held-out,2025,A32,18.272443012967752,ESA WorldCover 2021 class 80,Raw64 + class similarities,Raw64_ClassSimilarity,5,predicted positive AND individual object truth / individual object truth,unweighted 10 m pixel counts,Tasmania,0.7,5,150,123,8,10,proto_3;proto_4;proto_5,true cosine similarity,"{""type"":""MultiPoint"",""coordinates"":[]}"
1_1_1_1_2_33,proto_1;proto_2;proto_3;proto_4;proto_5,EPSG:32755,30,0,EPSG:32755,2024,1.1,2.1,1.02,55S,spatiotemporally held-out,2025,A33,25.440395907129798,ESA WorldCover 2021 class 80,Raw64 + class similarities,Raw64_ClassSimilarity,5,predicted positive AND individual object truth / individual object truth,unweighted 10 m pixel counts,Tasmania,0.7,5,150,123,8,10,proto_3;proto_4;proto_5,true cosine similarity,"{""type"":""MultiPoint"",""coordinates"":[]}"
1_1_1_1_2_34,proto_1;proto_2;proto_3;proto_4;proto_5,EPSG:32755,30,0,EPSG:32755,2024,1.1,2.1,1.02,55S,spatiotemporally held-out,2025,A34,12.11981162879524,ESA WorldCover 2021 class 80,Raw64 + class similarities,Raw64_ClassSimilarity,5,predicted positive AND individual object truth / individual object truth,unweighted 10 m pixel counts,Tasmania,0.7,5,150,123,8,10,proto_3;proto_4;proto_5,true cosine similarity,"{""type"":""MultiPoint"",""coordinates"":[]}"
1_1_1_1_2_35,proto_1;proto_2;proto_3;proto_4;proto_5,EPSG:32755,30,0,EPSG:32755,2024,1.1,2.1,1.02,55S,spatiotemporally held-out,2025,A35,9.05531878476316,ESA WorldCover 2021 class 80,Raw64 + class similarities,Raw64_ClassSimilarity,5,predicted positive AND individual object truth / individual object truth,unweighted 10 m pixel counts,Tasmania,0.7,5,150,123,8,10,proto_3;proto_4;proto_5,true cosine similarity,"{""type"":""MultiPoint"",""coordinates"":[]}"
1_1_1_1_2_36,proto_1;proto_2;proto_3;proto_4;proto_5,EPSG:32755,30,0,EPSG:32755,2024,1.1,2.1,1.02,55S,spatiotemporally held-out,2025,A36,14.718381195694404,ESA WorldCover 2021 class 80,Raw64 + class similarities,Raw64_ClassSimilarity,5,predicted positive AND individual object truth / individual object truth,unweighted 10 m pixel counts,Tasmania,0.7,5,150,123,8,10,proto_3;proto_4;proto_5,true cosine similarity,"{""type"":""MultiPoint"",""coordinates"":[]}"
1_1_1_1_2_37,proto_1;proto_2;proto_3;proto_4;proto_5,EPSG:32755,30,0,EPSG:32755,2024,1.1,2.1,1.02,55S,spatiotemporally held-out,2025,A37,14.04162835874533,ESA WorldCover 2021 class 80,Raw64 + class similarities,Raw64_ClassSimilarity,5,predicted positive AND individual object truth / individual object truth,unweighted 10 m pixel counts,Tasmania,0.7,5,150,123,8,10,proto_3;proto_4;proto_5,true cosine similarity,"{""type"":""MultiPoint"",""coordinates"":[]}"
1_1_1_1_2_38,proto_1;proto_2;proto_3;proto_4;proto_5,EPSG:32755,30,0,EPSG:32755,2024,1.1,2.1,1.02,55S,spatiotemporally held-out,2025,A38,16.131720885648917,ESA WorldCover 2021 class 80,Raw64 + class similarities,Raw64_ClassSimilarity,5,predicted positive AND individual object truth / individual object truth,unweighted 10 m pixel counts,Tasmania,0.7,5,150,123,8,10,proto_3;proto_4;proto_5,true cosine similarity,"{""type"":""MultiPoint"",""coordinates"":[]}"
1_1_1_1_2_39,proto_1;proto_2;proto_3;proto_4;proto_5,EPSG:32755,30,0,EPSG:32755,2024,1.1,2.1,1.02,55S,spatiotemporally held-out,2025,A39,18.472908218290005,ESA WorldCover 2021 class 80,Raw64 + class similarities,Raw64_ClassSimilarity,5,predicted positive AND individual object truth / individual object truth,unweighted 10 m pixel counts,Tasmania,0.7,5,150,123,8,10,proto_3;proto_4;proto_5,true cosine similarity,"{""type"":""MultiPoint"",""coordinates"":[]}"
1_1_1_1_2_40,proto_1;proto_2;proto_3;proto_4;proto_5,EPSG:32755,30,0,EPSG:32755,2024,1.1,2.1,1.02,55S,spatiotemporally held-out,2025,A40,18.850628466469097,ESA WorldCover 2021 class 80,Raw64 + class similarities,Raw64_ClassSimilarity,5,predicted positive AND individual object truth / individual object truth,unweighted 10 m pixel counts,Tasmania,0.7,5,150,123,8,10,proto_3;proto_4;proto_5,true cosine similarity,"{""type"":""MultiPoint"",""coordinates"":[]}"
1_1_1_1_2_41,proto_1;proto_2;proto_3;proto_4;proto_5,EPSG:32755,30,0,EPSG:32755,2024,1.1,2.1,1.02,55S,spatiotemporally held-out,2025,A41,24.262208454740588,ESA WorldCover 2021 class 80,Raw64 + class similarities,Raw64_ClassSimilarity,5,predicted positive AND individual object truth / individual object truth,unweighted 10 m pixel counts,Tasmania,0.7,5,150,123,8,10,proto_3;proto_4;proto_5,true cosine similarity,"{""type"":""MultiPoint"",""coordinates"":[]}"
1_1_1_1_2_42,proto_1;proto_2;proto_3;proto_4;proto_5,EPSG:32755,30,0,EPSG:32755,2024,1.1,2.1,1.02,55S,spatiotemporally held-out,2025,A42,16.194047510762726,ESA WorldCover 2021 class 80,Raw64 + class similarities,Raw64_ClassSimilarity,5,predicted positive AND individual object truth / individual object truth,unweighted 10 m pixel counts,Tasmania,0.7,5,150,123,8,10,proto_3;proto_4;proto_5,true cosine similarity,"{""type"":""MultiPoint"",""coordinates"":[]}"
1_1_1_1_2_43,proto_1;proto_2;proto_3;proto_4;proto_5,EPSG:32755,30,0,EPSG:32755,2024,1.1,2.1,1.02,55S,spatiotemporally held-out,2025,A43,7.645977539038753,ESA WorldCover 2021 class 80,Raw64 + class similarities,Raw64_ClassSimilarity,5,predicted positive AND individual object truth / individual object truth,unweighted 10 m pixel counts,Tasmania,0.7,5,150,123,8,10,proto_3;proto_4;proto_5,true cosine similarity,"{""type"":""MultiPoint"",""coordinates"":[]}"
1_1_1_1_2_44,proto_1;proto_2;proto_3;proto_4;proto_5,EPSG:32755,30,0,EPSG:32755,2024,1.1,2.1,1.02,55S,spatiotemporally held-out,2025,A44,7.3768955615701675,ESA WorldCover 2021 class 80,Raw64 + class similarities,Raw64_ClassSimilarity,5,predicted positive AND individual object truth / individual object truth,unweighted 10 m pixel counts,Tasmania,0.7,5,150,123,8,10,proto_3;proto_4;proto_5,true cosine similarity,"{""type"":""MultiPoint"",""coordinates"":[]}"
1_1_1_1_2_45,proto_1;proto_2;proto_3;proto_4;proto_5,EPSG:32755,30,0,EPSG:32755,2024,1.1,2.1,1.02,55S,spatiotemporally held-out,2025,A45,14.513535228299824,ESA WorldCover 2021 class 80,Raw64 + class similarities,Raw64_ClassSimilarity,5,predicted positive AND individual object truth / individual object truth,unweighted 10 m pixel counts,Tasmania,0.7,5,150,123,8,10,proto_3;proto_4;proto_5,true cosine similarity,"{""type"":""MultiPoint"",""coordinates"":[]}"
1_1_1_1_2_46,proto_1;proto_2;proto_3;proto_4;proto_5,EPSG:32755,30,0,EPSG:32755,2024,1.1,2.1,1.02,55S,spatiotemporally held-out,2025,A46,18.091016420395263,ESA WorldCover 2021 class 80,Raw64 + class similarities,Raw64_ClassSimilarity,5,predicted positive AND individual object truth / individual object truth,unweighted 10 m pixel counts,Tasmania,0.7,5,150,123,8,10,proto_3;proto_4;proto_5,true cosine similarity,"{""type"":""MultiPoint"",""coordinates"":[]}"
1_1_1_1_2_47,proto_1;proto_2;proto_3;proto_4;proto_5,EPSG:32755,30,0,EPSG:32755,2024,1.1,2.1,1.02,55S,spatiotemporally held-out,2025,A47,8.67552697201776,ESA WorldCover 2021 class 80,Raw64 + class similarities,Raw64_ClassSimilarity,5,predicted positive AND individual object truth / individual object truth,unweighted 10 m pixel counts,Tasmania,0.7,5,150,123,8,10,proto_3;proto_4;proto_5,true cosine similarity,"{""type"":""MultiPoint"",""coordinates"":[]}"
1_1_1_1_2_48,proto_1;proto_2;proto_3;proto_4;proto_5,EPSG:32755,30,0,EPSG:32755,2024,1.1,2.1,1.02,55S,spatiotemporally held-out,2025,A48,21.548502948542406,ESA WorldCover 2021 class 80,Raw64 + class similarities,Raw64_ClassSimilarity,5,predicted positive AND individual object truth / individual object truth,unweighted 10 m pixel counts,Tasmania,0.7,5,150,123,8,10,proto_3;proto_4;proto_5,true cosine similarity,"{""type"":""MultiPoint"",""coordinates"":[]}"
1_1_1_1_2_49,proto_1;proto_2;proto_3;proto_4;proto_5,EPSG:32755,30,0,EPSG:32755,2024,1.1,2.1,1.02,55S,spatiotemporally held-out,2025,A49,9.745930050227493,ESA WorldCover 2021 class 80,Raw64 + class similarities,Raw64_ClassSimilarity,5,predicted positive AND individual object truth / individual object truth,unweighted 10 m pixel counts,Tasmania,0.7,5,150,123,8,10,proto_3;proto_4;proto_5,true cosine similarity,"{""type"":""MultiPoint"",""coordinates"":[]}"
1_1_1_1_2_50,proto_1;proto_2;proto_3;proto_4;proto_5,EPSG:32755,30,0,EPSG:32755,2024,1.1,2.1,1.02,55S,spatiotemporally held-out,2025,A50,29.276589663289073,ESA WorldCover 2021 class 80,Raw64 + class similarities,Raw64_ClassSimilarity,5,predicted positive AND individual object truth / individual object truth,unweighted 10 m pixel counts,Tasmania,0.7,5,150,123,8,10,proto_3;proto_4;proto_5,true cosine similarity,"{""type"":""MultiPoint"",""coordinates"":[]}"
1_1_1_1_2_51,proto_1;proto_2;proto_3;proto_4;proto_5,EPSG:32755,30,0,EPSG:32755,2024,1.1,2.1,1.02,55S,spatiotemporally held-out,2025,A51,20.658238082321766,ESA WorldCover 2021 class 80,Raw64 + class similarities,Raw64_ClassSimilarity,5,predicted positive AND individual object truth / individual object truth,unweighted 10 m pixel counts,Tasmania,0.7,5,150,123,8,10,proto_3;proto_4;proto_5,true cosine similarity,"{""type"":""MultiPoint"",""coordinates"":[]}"
1_1_1_1_2_52,proto_1;proto_2;proto_3;proto_4;proto_5,EPSG:32755,30,0,EPSG:32755,2024,1.1,2.1,1.02,55S,spatiotemporally held-out,2025,A52,17.168224324554824,ESA WorldCover 2021 class 80,Raw64 + class similarities,Raw64_ClassSimilarity,5,predicted positive AND individual object truth / individual object truth,unweighted 10 m pixel counts,Tasmania,0.7,5,150,123,8,10,proto_3;proto_4;proto_5,true cosine similarity,"{""type"":""MultiPoint"",""coordinates"":[]}"
1_1_1_1_2_53,proto_1;proto_2;proto_3;proto_4;proto_5,EPSG:32755,30,0,EPSG:32755,2024,1.1,2.1,1.02,55S,spatiotemporally held-out,2025,A53,9.59920536808205,ESA WorldCover 2021 class 80,Raw64 + class similarities,Raw64_ClassSimilarity,5,predicted positive AND individual object truth / individual object truth,unweighted 10 m pixel counts,Tasmania,0.7,5,150,123,8,10,proto_3;proto_4;proto_5,true cosine similarity,"{""type"":""MultiPoint"",""coordinates"":[]}"
1_1_1_1_2_54,proto_1;proto_2;proto_3;proto_4;proto_5,EPSG:32755,30,0,EPSG:32755,2024,1.1,2.1,1.02,55S,spatiotemporally held-out,2025,A54,12.022825243948292,ESA WorldCover 2021 class 80,Raw64 + class similarities,Raw64_ClassSimilarity,5,predicted positive AND individual object truth / individual object truth,unweighted 10 m pixel counts,Tasmania,0.7,5,150,123,8,10,proto_3;proto_4;proto_5,true cosine similarity,"{""type"":""MultiPoint"",""coordinates"":[]}"
1_1_1_1_2_55,proto_1;proto_2;proto_3;proto_4;proto_5,EPSG:32755,30,0,EPSG:32755,2024,1.1,2.1,1.02,55S,spatiotemporally held-out,2025,A55,30.664971061438933,ESA WorldCover 2021 class 80,Raw64 + class similarities,Raw64_ClassSimilarity,5,predicted positive AND individual object truth / individual object truth,unweighted 10 m pixel counts,Tasmania,0.7,5,150,123,8,10,proto_3;proto_4;proto_5,true cosine similarity,"{""type"":""MultiPoint"",""coordinates"":[]}"
1_1_1_1_2_56,proto_1;proto_2;proto_3;proto_4;proto_5,EPSG:32755,30,0,EPSG:32755,2024,1.1,2.1,1.02,55S,spatiotemporally held-out,2025,A56,13.522934252221848,ESA WorldCover 2021 class 80,Raw64 + class similarities,Raw64_ClassSimilarity,5,predicted positive AND individual object truth / individual object truth,unweighted 10 m pixel counts,Tasmania,0.7,5,150,123,8,10,proto_3;proto_4;proto_5,true cosine similarity,"{""type"":""MultiPoint"",""coordinates"":[]}"
1_1_1_1_2_57,proto_1;proto_2;proto_3;proto_4;proto_5,EPSG:32755,30,0,EPSG:32755,2024,1.1,2.1,1.02,55S,spatiotemporally held-out,2025,A57,26.715461041578745,ESA WorldCover 2021 class 80,Raw64 + class similarities,Raw64_ClassSimilarity,5,predicted positive AND individual object truth / individual object truth,unweighted 10 m pixel counts,Tasmania,0.7,5,150,123,8,10,proto_3;proto_4;proto_5,true cosine similarity,"{""type"":""MultiPoint"",""coordinates"":[]}"
1_1_1_1_2_58,proto_1;proto_2;proto_3;proto_4;proto_5,EPSG:32755,30,0,EPSG:32755,2024,1.1,2.1,1.02,55S,spatiotemporally held-out,2025,A58,8.754529705418813,ESA WorldCover 2021 class 80,Raw64 + class similarities,Raw64_ClassSimilarity,5,predicted positive AND individual object truth / individual object truth,unweighted 10 m pixel counts,Tasmania,0.7,5,150,123,8,10,proto_3;proto_4;proto_5,true cosine similarity,"{""type"":""MultiPoint"",""coordinates"":[]}"
1_1_1_1_2_59,proto_1;proto_2;proto_3;proto_4;proto_5,EPSG:32755,30,0,EPSG:32755,2024,1.1,2.1,1.02,55S,spatiotemporally held-out,2025,A59,21.048085375092764,ESA WorldCover 2021 class 80,Raw64 + class similarities,Raw64_ClassSimilarity,5,predicted positive AND individual object truth / individual object truth,unweighted 10 m pixel counts,Tasmania,0.7,5,150,123,8,10,proto_3;proto_4;proto_5,true cosine similarity,"{""type"":""MultiPoint"",""coordinates"":[]}"
1_1_1_1_2_60,proto_1;proto_2;proto_3;proto_4;proto_5,EPSG:32755,30,0,EPSG:32755,2024,1.1,2.1,1.02,55S,spatiotemporally held-out,2025,A60,20.82087676757747,ESA WorldCover 2021 class 80,Raw64 + class similarities,Raw64_ClassSimilarity,5,predicted positive AND individual object truth / individual object truth,unweighted 10 m pixel counts,Tasmania,0.7,5,150,123,8,10,proto_3;proto_4;proto_5,true cosine similarity,"{""type"":""MultiPoint"",""coordinates"":[]}"
1_1_1_1_2_61,proto_1;proto_2;proto_3;proto_4;proto_5,EPSG:32755,30,0,EPSG:32755,2024,1.1,2.1,1.02,55S,spatiotemporally held-out,2025,A61,21.02422840457863,ESA WorldCover 2021 class 80,Raw64 + class similarities,Raw64_ClassSimilarity,5,predicted positive AND individual object truth / individual object truth,unweighted 10 m pixel counts,Tasmania,0.7,5,150,123,8,10,proto_3;proto_4;proto_5,true cosine similarity,"{""type"":""MultiPoint"",""coordinates"":[]}"
1_1_1_1_2_62,proto_1;proto_2;proto_3;proto_4;proto_5,EPSG:32755,30,0,EPSG:32755,2024,1.1,2.1,1.02,55S,spatiotemporally held-out,2025,A62,15.696072368694345,ESA WorldCover 2021 class 80,Raw64 + class similarities,Raw64_ClassSimilarity,5,predicted positive AND individual object truth / individual object truth,unweighted 10 m pixel counts,Tasmania,0.7,5,150,123,8,10,proto_3;proto_4;proto_5,true cosine similarity,"{""type"":""MultiPoint"",""coordinates"":[]}"
1_1_1_1_2_63,proto_1;proto_2;proto_3;proto_4;proto_5,EPSG:32755,30,0,EPSG:32755,2024,1.1,2.1,1.02,55S,spatiotemporally held-out,2025,A63,7.605926846472277,ESA WorldCover 2021 class 80,Raw64 + class similarities,Raw64_ClassSimilarity,5,predicted positive AND individual object truth / individual object truth,unweighted 10 m pixel counts,Tasmania,0.7,5,150,123,8,10,proto_3;proto_4;proto_5,true cosine similarity,"{""type"":""MultiPoint"",""coordinates"":[]}"
1_1_1_1_2_64,proto_1;proto_2;proto_3;proto_4;proto_5,EPSG:32755,30,0,EPSG:32755,2024,1.1,2.1,1.02,55S,spatiotemporally held-out,2025,conf_sim,23.968262164145138,ESA WorldCover 2021 class 80,Raw64 + class similarities,Raw64_ClassSimilarity,5,predicted positive AND individual object truth / individual object truth,unweighted 10 m pixel counts,Tasmania,0.7,5,150,123,8,10,proto_3;proto_4;proto_5,true cosine similarity,"{""type"":""MultiPoint"",""coordinates"":[]}"
1_1_1_1_2_65,proto_1;proto_2;proto_3;proto_4;proto_5,EPSG:32755,30,0,EPSG:32755,2024,1.1,2.1,1.02,55S,spatiotemporally held-out,2025,farm_sim,36.45538650429042,ESA WorldCover 2021 class 80,Raw64 + class similarities,Raw64_ClassSimilarity,5,predicted positive AND individual object truth / individual object truth,unweighted 10 m pixel counts,Tasmania,0.7,5,150,123,8,10,proto_3;proto_4;proto_5,true cosine similarity,"{""type"":""MultiPoint"",""coordinates"":[]}"
1_1_1_1_2_66,proto_1;proto_2;proto_3;proto_4;proto_5,EPSG:32755,30,0,EPSG:32755,2024,1.1,2.1,1.02,55S,spatiotemporally held-out,2025,ocean_sim,27.226163770986936,ESA WorldCover 2021 class 80,Raw64 + class similarities,Raw64_ClassSimilarity,5,predicted positive AND individual object truth / individual object truth,unweighted 10 m pixel counts,Tasmania,0.7,5,150,123,8,10,proto_3;proto_4;proto_5,true cosine similarity,"{""type"":""MultiPoint"",""coordinates"":[]}"
1_1_1_2_0,proto_1;proto_2;proto_3;proto_4;proto_5,EPSG:32755,30,0,EPSG:32755,2024,1.1,2.1,1.02,55S,spatiotemporally held-out,2025,A00,21.440353419592675,ESA WorldCover 2021 class 80,Raw64 + class similarities + margins,Raw64_ClassSimilarity_Margins,5,predicted positive AND individual object truth / individual object truth,unweighted 10 m pixel counts,Tasmania,0.7,5,150,123,8,10,proto_3;proto_4;proto_5,true cosine similarity,"{""type"":""MultiPoint"",""coordinates"":[]}"
1_1_1_2_1,proto_1;proto_2;proto_3;proto_4;proto_5,EPSG:32755,30,0,EPSG:32755,2024,1.1,2.1,1.02,55S,spatiotemporally held-out,2025,A01,17.396328644680782,ESA WorldCover 2021 class 80,Raw64 + class similarities + margins,Raw64_ClassSimilarity_Margins,5,predicted positive AND individual object truth / individual object truth,unweighted 10 m pixel counts,Tasmania,0.7,5,150,123,8,10,proto_3;proto_4;proto_5,true cosine similarity,"{""type"":""MultiPoint"",""coordinates"":[]}"
1_1_1_2_2,proto_1;proto_2;proto_3;proto_4;proto_5,EPSG:32755,30,0,EPSG:32755,2024,1.1,2.1,1.02,55S,spatiotemporally held-out,2025,A02,30.420808874425123,ESA WorldCover 2021 class 80,Raw64 + class similarities + margins,Raw64_ClassSimilarity_Margins,5,predicted positive AND individual object truth / individual object truth,unweighted 10 m pixel counts,Tasmania,0.7,5,150,123,8,10,proto_3;proto_4;proto_5,true cosine similarity,"{""type"":""MultiPoint"",""coordinates"":[]}"
1_1_1_2_3,proto_1;proto_2;proto_3;proto_4;proto_5,EPSG:32755,30,0,EPSG:32755,2024,1.1,2.1,1.02,55S,spatiotemporally held-out,2025,A03,25.013212871230387,ESA WorldCover 2021 class 80,Raw64 + class similarities + margins,Raw64_ClassSimilarity_Margins,5,predicted positive AND individual object truth / individual object truth,unweighted 10 m pixel counts,Tasmania,0.7,5,150,123,8,10,proto_3;proto_4;proto_5,true cosine similarity,"{""type"":""MultiPoint"",""coordinates"":[]}"
1_1_1_2_4,proto_1;proto_2;proto_3;proto_4;proto_5,EPSG:32755,30,0,EPSG:32755,2024,1.1,2.1,1.02,55S,spatiotemporally held-out,2025,A04,12.703579642707382,ESA WorldCover 2021 class 80,Raw64 + class similarities + margins,Raw64_ClassSimilarity_Margins,5,predicted positive AND individual object truth / individual object truth,unweighted 10 m pixel counts,Tasmania,0.7,5,150,123,8,10,proto_3;proto_4;proto_5,true cosine similarity,"{""type"":""MultiPoint"",""coordinates"":[]}"
1_1_1_2_5,proto_1;proto_2;proto_3;proto_4;proto_5,EPSG:32755,30,0,EPSG:32755,2024,1.1,2.1,1.02,55S,spatiotemporally held-out,2025,A05,9.719284908052309,ESA WorldCover 2021 class 80,Raw64 + class similarities + margins,Raw64_ClassSimilarity_Margins,5,predicted positive AND individual object truth / individual object truth,unweighted 10 m pixel counts,Tasmania,0.7,5,150,123,8,10,proto_3;proto_4;proto_5,true cosine similarity,"{""type"":""MultiPoint"",""coordinates"":[]}"
1_1_1_2_6,proto_1;proto_2;proto_3;proto_4;proto_5,EPSG:32755,30,0,EPSG:32755,2024,1.1,2.1,1.02,55S,spatiotemporally held-out,2025,A06,23.212029597413977,ESA WorldCover 2021 class 80,Raw64 + class similarities + margins,Raw64_ClassSimilarity_Margins,5,predicted positive AND individual object truth / individual object truth,unweighted 10 m pixel counts,Tasmania,0.7,5,150,123,8,10,proto_3;proto_4;proto_5,true cosine similarity,"{""type"":""MultiPoint"",""coordinates"":[]}"
1_1_1_2_7,proto_1;proto_2;proto_3;proto_4;proto_5,EPSG:32755,30,0,EPSG:32755,2024,1.1,2.1,1.02,55S,spatiotemporally held-out,2025,A07,6.6856153099804025,ESA WorldCover 2021 class 80,Raw64 + class similarities + margins,Raw64_ClassSimilarity_Margins,5,predicted positive AND individual object truth / individual object truth,unweighted 10 m pixel counts,Tasmania,0.7,5,150,123,8,10,proto_3;proto_4;proto_5,true cosine similarity,"{""type"":""MultiPoint"",""coordinates"":[]}"
1_1_1_2_8,proto_1;proto_2;proto_3;proto_4;proto_5,EPSG:32755,30,0,EPSG:32755,2024,1.1,2.1,1.02,55S,spatiotemporally held-out,2025,A08,11.444827662912138,ESA WorldCover 2021 class 80,Raw64 + class similarities + margins,Raw64_ClassSimilarity_Margins,5,predicted positive AND individual object truth / individual object truth,unweighted 10 m pixel counts,Tasmania,0.7,5,150,123,8,10,proto_3;proto_4;proto_5,true cosine similarity,"{""type"":""MultiPoint"",""coordinates"":[]}"
1_1_1_2_9,proto_1;proto_2;proto_3;proto_4;proto_5,EPSG:32755,30,0,EPSG:32755,2024,1.1,2.1,1.02,55S,spatiotemporally held-out,2025,A09,9.076342396986389,ESA WorldCover 2021 class 80,Raw64 + class similarities + margins,Raw64_ClassSimilarity_Margins,5,predicted positive AND individual object truth / individual object truth,unweighted 10 m pixel counts,Tasmania,0.7,5,150,123,8,10,proto_3;proto_4;proto_5,true cosine similarity,"{""type"":""MultiPoint"",""coordinates"":[]}"
1_1_1_2_10,proto_1;proto_2;proto_3;proto_4;proto_5,EPSG:32755,30,0,EPSG:32755,2024,1.1,2.1,1.02,55S,spatiotemporally held-out,2025,A10,9.51231456482283,ESA WorldCover 2021 class 80,Raw64 + class similarities + margins,Raw64_ClassSimilarity_Margins,5,predicted positive AND individual object truth / individual object truth,unweighted 10 m pixel counts,Tasmania,0.7,5,150,123,8,10,proto_3;proto_4;proto_5,true cosine similarity,"{""type"":""MultiPoint"",""coordinates"":[]}"
1_1_1_2_11,proto_1;proto_2;proto_3;proto_4;proto_5,EPSG:32755,30,0,EPSG:32755,2024,1.1,2.1,1.02,55S,spatiotemporally held-out,2025,A11,18.023324857447545,ESA WorldCover 2021 class 80,Raw64 + class similarities + margins,Raw64_ClassSimilarity_Margins,5,predicted positive AND individual object truth / individual object truth,unweighted 10 m pixel counts,Tasmania,0.7,5,150,123,8,10,proto_3;proto_4;proto_5,true cosine similarity,"{""type"":""MultiPoint"",""coordinates"":[]}"
1_1_1_2_12,proto_1;proto_2;proto_3;proto_4;proto_5,EPSG:32755,30,0,EPSG:32755,2024,1.1,2.1,1.02,55S,spatiotemporally held-out,2025,A12,21.209495924832765,ESA WorldCover 2021 class 80,Raw64 + class similarities + margins,Raw64_ClassSimilarity_Margins,5,predicted positive AND individual object truth / individual object truth,unweighted 10 m pixel counts,Tasmania,0.7,5,150,123,8,10,proto_3;proto_4;proto_5,true cosine similarity,"{""type"":""MultiPoint"",""coordinates"":[]}"
1_1_1_2_13,proto_1;proto_2;proto_3;proto_4;proto_5,EPSG:32755,30,0,EPSG:32755,2024,1.1,2.1,1.02,55S,spatiotemporally held-out,2025,A13,23.185539589509247,ESA WorldCover 2021 class 80,Raw64 + class similarities + margins,Raw64_ClassSimilarity_Margins,5,predicted positive AND individual object truth / individual object truth,unweighted 10 m pixel counts,Tasmania,0.7,5,150,123,8,10,proto_3;proto_4;proto_5,true cosine similarity,"{""type"":""MultiPoint"",""coordinates"":[]}"
1_1_1_2_14,proto_1;proto_2;proto_3;proto_4;proto_5,EPSG:32755,30,0,EPSG:32755,2024,1.1,2.1,1.02,55S,spatiotemporally held-out,2025,A14,7.587792363440222,ESA WorldCover 2021 class 80,Raw64 + class similarities + margins,Raw64_ClassSimilarity_Margins,5,predicted positive AND individual object truth / individual object truth,unweighted 10 m pixel counts,Tasmania,0.7,5,150,123,8,10,proto_3;proto_4;proto_5,true cosine similarity,"{""type"":""MultiPoint"",""coordinates"":[]}"
1_1_1_2_15,proto_1;proto_2;proto_3;proto_4;proto_5,EPSG:32755,30,0,EPSG:32755,2024,1.1,2.1,1.02,55S,spatiotemporally held-out,2025,A15,20.487609962607056,ESA WorldCover 2021 class 80,Raw64 + class similarities + margins,Raw64_ClassSimilarity_Margins,5,predicted positive AND individual object truth / individual object truth,unweighted 10 m pixel counts,Tasmania,0.7,5,150,123,8,10,proto_3;proto_4;proto_5,true cosine similarity,"{""type"":""MultiPoint"",""coordinates"":[]}"
1_1_1_2_16,proto_1;proto_2;proto_3;proto_4;proto_5,EPSG:32755,30,0,EPSG:32755,2024,1.1,2.1,1.02,55S,spatiotemporally held-out,2025,A16,22.87224672433334,ESA WorldCover 2021 class 80,Raw64 + class similarities + margins,Raw64_ClassSimilarity_Margins,5,predicted positive AND individual object truth / individual object truth,unweighted 10 m pixel counts,Tasmania,0.7,5,150,123,8,10,proto_3;proto_4;proto_5,true cosine similarity,"{""type"":""MultiPoint"",""coordinates"":[]}"
1_1_1_2_17,proto_1;proto_2;proto_3;proto_4;proto_5,EPSG:32755,30,0,EPSG:32755,2024,1.1,2.1,1.02,55S,spatiotemporally held-out,2025,A17,9.958916738931023,ESA WorldCover 2021 class 80,Raw64 + class similarities + margins,Raw64_ClassSimilarity_Margins,5,predicted positive AND individual object truth / individual object truth,unweighted 10 m pixel counts,Tasmania,0.7,5,150,123,8,10,proto_3;proto_4;proto_5,true cosine similarity,"{""type"":""MultiPoint"",""coordinates"":[]}"
1_1_1_2_18,proto_1;proto_2;proto_3;proto_4;proto_5,EPSG:32755,30,0,EPSG:32755,2024,1.1,2.1,1.02,55S,spatiotemporally held-out,2025,A18,15.668051185337402,ESA WorldCover 2021 class 80,Raw64 + class similarities + margins,Raw64_ClassSimilarity_Margins,5,predicted positive AND individual object truth / individual object truth,unweighted 10 m pixel counts,Tasmania,0.7,5,150,123,8,10,proto_3;proto_4;proto_5,true cosine similarity,"{""type"":""MultiPoint"",""coordinates"":[]}"
1_1_1_2_19,proto_1;proto_2;proto_3;proto_4;proto_5,EPSG:32755,30,0,EPSG:32755,2024,1.1,2.1,1.02,55S,spatiotemporally held-out,2025,A19,8.21112977706341,ESA WorldCover 2021 class 80,Raw64 + class similarities + margins,Raw64_ClassSimilarity_Margins,5,predicted positive AND individual object truth / individual object truth,unweighted 10 m pixel counts,Tasmania,0.7,5,150,123,8,10,proto_3;proto_4;proto_5,true cosine similarity,"{""type"":""MultiPoint"",""coordinates"":[]}"
1_1_1_2_20,proto_1;proto_2;proto_3;proto_4;proto_5,EPSG:32755,30,0,EPSG:32755,2024,1.1,2.1,1.02,55S,spatiotemporally held-out,2025,A20,14.827564395944952,ESA WorldCover 2021 class 80,Raw64 + class similarities + margins,Raw64_ClassSimilarity_Margins,5,predicted positive AND individual object truth / individual object truth,unweighted 10 m pixel counts,Tasmania,0.7,5,150,123,8,10,proto_3;proto_4;proto_5,true cosine similarity,"{""type"":""MultiPoint"",""coordinates"":[]}"
1_1_1_2_21,proto_1;proto_2;proto_3;proto_4;proto_5,EPSG:32755,30,0,EPSG:32755,2024,1.1,2.1,1.02,55S,spatiotemporally held-out,2025,A21,21.724870662771774,ESA WorldCover 2021 class 80,Raw64 + class similarities + margins,Raw64_ClassSimilarity_Margins,5,predicted positive AND individual object truth / individual object truth,unweighted 10 m pixel counts,Tasmania,0.7,5,150,123,8,10,proto_3;proto_4;proto_5,true cosine similarity,"{""type"":""MultiPoint"",""coordinates"":[]}"
1_1_1_2_22,proto_1;proto_2;proto_3;proto_4;proto_5,EPSG:32755,30,0,EPSG:32755,2024,1.1,2.1,1.02,55S,spatiotemporally held-out,2025,A22,13.515018136276929,ESA WorldCover 2021 class 80,Raw64 + class similarities + margins,Raw64_ClassSimilarity_Margins,5,predicted positive AND individual object truth / individual object truth,unweighted 10 m pixel counts,Tasmania,0.7,5,150,123,8,10,proto_3;proto_4;proto_5,true cosine similarity,"{""type"":""MultiPoint"",""coordinates"":[]}"
1_1_1_2_23,proto_1;proto_2;proto_3;proto_4;proto_5,EPSG:32755,30,0,EPSG:32755,2024,1.1,2.1,1.02,55S,spatiotemporally held-out,2025,A23,10.705757446309917,ESA WorldCover 2021 class 80,Raw64 + class similarities + margins,Raw64_ClassSimilarity_Margins,5,predicted positive AND individual object truth / individual object truth,unweighted 10 m pixel counts,Tasmania,0.7,5,150,123,8,10,proto_3;proto_4;proto_5,true cosine similarity,"{""type"":""MultiPoint"",""coordinates"":[]}"
1_1_1_2_24,proto_1;proto_2;proto_3;proto_4;proto_5,EPSG:32755,30,0,EPSG:32755,2024,1.1,2.1,1.02,55S,spatiotemporally held-out,2025,A24,15.586519588834431,ESA WorldCover 2021 class 80,Raw64 + class similarities + margins,Raw64_ClassSimilarity_Margins,5,predicted positive AND individual object truth / individual object truth,unweighted 10 m pixel counts,Tasmania,0.7,5,150,123,8,10,proto_3;proto_4;proto_5,true cosine similarity,"{""type"":""MultiPoint"",""coordinates"":[]}"
1_1_1_2_25,proto_1;proto_2;proto_3;proto_4;proto_5,EPSG:32755,30,0,EPSG:32755,2024,1.1,2.1,1.02,55S,spatiotemporally held-out,2025,A25,6.883129520196659,ESA WorldCover 2021 class 80,Raw64 + class similarities + margins,Raw64_ClassSimilarity_Margins,5,predicted positive AND individual object truth / individual object truth,unweighted 10 m pixel counts,Tasmania,0.7,5,150,123,8,10,proto_3;proto_4;proto_5,true cosine similarity,"{""type"":""MultiPoint"",""coordinates"":[]}"
1_1_1_2_26,proto_1;proto_2;proto_3;proto_4;proto_5,EPSG:32755,30,0,EPSG:32755,2024,1.1,2.1,1.02,55S,spatiotemporally held-out,2025,A26,27.371381269584084,ESA WorldCover 2021 class 80,Raw64 + class similarities + margins,Raw64_ClassSimilarity_Margins,5,predicted positive AND individual object truth / individual object truth,unweighted 10 m pixel counts,Tasmania,0.7,5,150,123,8,10,proto_3;proto_4;proto_5,true cosine similarity,"{""type"":""MultiPoint"",""coordinates"":[]}"
1_1_1_2_27,proto_1;proto_2;proto_3;proto_4;proto_5,EPSG:32755,30,0,EPSG:32755,2024,1.1,2.1,1.02,55S,spatiotemporally held-out,2025,A27,12.33971506077645,ESA WorldCover 2021 class 80,Raw64 + class similarities + margins,Raw64_ClassSimilarity_Margins,5,predicted positive AND individual object truth / individual object truth,unweighted 10 m pixel counts,Tasmania,0.7,5,150,123,8,10,proto_3;proto_4;proto_5,true cosine similarity,"{""type"":""MultiPoint"",""coordinates"":[]}"
1_1_1_2_28,proto_1;proto_2;proto_3;proto_4;proto_5,EPSG:32755,30,0,EPSG:32755,2024,1.1,2.1,1.02,55S,spatiotemporally held-out,2025,A28,19.611477665912176,ESA WorldCover 2021 class 80,Raw64 + class similarities + margins,Raw64_ClassSimilarity_Margins,5,predicted positive AND individual object truth / individual object truth,unweighted 10 m pixel counts,Tasmania,0.7,5,150,123,8,10,proto_3;proto_4;proto_5,true cosine similarity,"{""type"":""MultiPoint"",""coordinates"":[]}"
1_1_1_2_29,proto_1;proto_2;proto_3;proto_4;proto_5,EPSG:32755,30,0,EPSG:32755,2024,1.1,2.1,1.02,55S,spatiotemporally held-out,2025,A29,13.854851624949232,ESA WorldCover 2021 class 80,Raw64 + class similarities + margins,Raw64_ClassSimilarity_Margins,5,predicted positive AND individual object truth / individual object truth,unweighted 10 m pixel counts,Tasmania,0.7,5,150,123,8,10,proto_3;proto_4;proto_5,true cosine similarity,"{""type"":""MultiPoint"",""coordinates"":[]}"
1_1_1_2_30,proto_1;proto_2;proto_3;proto_4;proto_5,EPSG:32755,30,0,EPSG:32755,2024,1.1,2.1,1.02,55S,spatiotemporally held-out,2025,A30,9.562454241676516,ESA WorldCover 2021 class 80,Raw64 + class similarities + margins,Raw64_ClassSimilarity_Margins,5,predicted positive AND individual object truth / individual object truth,unweighted 10 m pixel counts,Tasmania,0.7,5,150,123,8,10,proto_3;proto_4;proto_5,true cosine similarity,"{""type"":""MultiPoint"",""coordinates"":[]}"
1_1_1_2_31,proto_1;proto_2;proto_3;proto_4;proto_5,EPSG:32755,30,0,EPSG:32755,2024,1.1,2.1,1.02,55S,spatiotemporally held-out,2025,A31,18.828153553660062,ESA WorldCover 2021 class 80,Raw64 + class similarities + margins,Raw64_ClassSimilarity_Margins,5,predicted positive AND individual object truth / individual object truth,unweighted 10 m pixel counts,Tasmania,0.7,5,150,123,8,10,proto_3;proto_4;proto_5,true cosine similarity,"{""type"":""MultiPoint"",""coordinates"":[]}"
1_1_1_2_32,proto_1;proto_2;proto_3;proto_4;proto_5,EPSG:32755,30,0,EPSG:32755,2024,1.1,2.1,1.02,55S,spatiotemporally held-out,2025,A32,13.466781146640214,ESA WorldCover 2021 class 80,Raw64 + class similarities + margins,Raw64_ClassSimilarity_Margins,5,predicted positive AND individual object truth / individual object truth,unweighted 10 m pixel counts,Tasmania,0.7,5,150,123,8,10,proto_3;proto_4;proto_5,true cosine similarity,"{""type"":""MultiPoint"",""coordinates"":[]}"
1_1_1_2_33,proto_1;proto_2;proto_3;proto_4;proto_5,EPSG:32755,30,0,EPSG:32755,2024,1.1,2.1,1.02,55S,spatiotemporally held-out,2025,A33,21.23036689962147,ESA WorldCover 2021 class 80,Raw64 + class similarities + margins,Raw64_ClassSimilarity_Margins,5,predicted positive AND individual object truth / individual object truth,unweighted 10 m pixel counts,Tasmania,0.7,5,150,123,8,10,proto_3;proto_4;proto_5,true cosine similarity,"{""type"":""MultiPoint"",""coordinates"":[]}"
1_1_1_2_34,proto_1;proto_2;proto_3;proto_4;proto_5,EPSG:32755,30,0,EPSG:32755,2024,1.1,2.1,1.02,55S,spatiotemporally held-out,2025,A34,10.413799477023513,ESA WorldCover 2021 class 80,Raw64 + class similarities + margins,Raw64_ClassSimilarity_Margins,5,predicted positive AND individual object truth / individual object truth,unweighted 10 m pixel counts,Tasmania,0.7,5,150,123,8,10,proto_3;proto_4;proto_5,true cosine similarity,"{""type"":""MultiPoint"",""coordinates"":[]}"
1_1_1_2_35,proto_1;proto_2;proto_3;proto_4;proto_5,EPSG:32755,30,0,EPSG:32755,2024,1.1,2.1,1.02,55S,spatiotemporally held-out,2025,A35,8.100636113433534,ESA WorldCover 2021 class 80,Raw64 + class similarities + margins,Raw64_ClassSimilarity_Margins,5,predicted positive AND individual object truth / individual object truth,unweighted 10 m pixel counts,Tasmania,0.7,5,150,123,8,10,proto_3;proto_4;proto_5,true cosine similarity,"{""type"":""MultiPoint"",""coordinates"":[]}"
1_1_1_2_36,proto_1;proto_2;proto_3;proto_4;proto_5,EPSG:32755,30,0,EPSG:32755,2024,1.1,2.1,1.02,55S,spatiotemporally held-out,2025,A36,16.370854983769807,ESA WorldCover 2021 class 80,Raw64 + class similarities + margins,Raw64_ClassSimilarity_Margins,5,predicted positive AND individual object truth / individual object truth,unweighted 10 m pixel counts,Tasmania,0.7,5,150,123,8,10,proto_3;proto_4;proto_5,true cosine similarity,"{""type"":""MultiPoint"",""coordinates"":[]}"
1_1_1_2_37,proto_1;proto_2;proto_3;proto_4;proto_5,EPSG:32755,30,0,EPSG:32755,2024,1.1,2.1,1.02,55S,spatiotemporally held-out,2025,A37,14.202465597450558,ESA WorldCover 2021 class 80,Raw64 + class similarities + margins,Raw64_ClassSimilarity_Margins,5,predicted positive AND individual object truth / individual object truth,unweighted 10 m pixel counts,Tasmania,0.7,5,150,123,8,10,proto_3;proto_4;proto_5,true cosine similarity,"{""type"":""MultiPoint"",""coordinates"":[]}"
1_1_1_2_38,proto_1;proto_2;proto_3;proto_4;proto_5,EPSG:32755,30,0,EPSG:32755,2024,1.1,2.1,1.02,55S,spatiotemporally held-out,2025,A38,12.560399131007403,ESA WorldCover 2021 class 80,Raw64 + class similarities + margins,Raw64_ClassSimilarity_Margins,5,predicted positive AND individual object truth / individual object truth,unweighted 10 m pixel counts,Tasmania,0.7,5,150,123,8,10,proto_3;proto_4;proto_5,true cosine similarity,"{""type"":""MultiPoint"",""coordinates"":[]}"
1_1_1_2_39,proto_1;proto_2;proto_3;proto_4;proto_5,EPSG:32755,30,0,EPSG:32755,2024,1.1,2.1,1.02,55S,spatiotemporally held-out,2025,A39,14.380051021010289,ESA WorldCover 2021 class 80,Raw64 + class similarities + margins,Raw64_ClassSimilarity_Margins,5,predicted positive AND individual object truth / individual object truth,unweighted 10 m pixel counts,Tasmania,0.7,5,150,123,8,10,proto_3;proto_4;proto_5,true cosine similarity,"{""type"":""MultiPoint"",""coordinates"":[]}"
1_1_1_2_40,proto_1;proto_2;proto_3;proto_4;proto_5,EPSG:32755,30,0,EPSG:32755,2024,1.1,2.1,1.02,55S,spatiotemporally held-out,2025,A40,14.446248737106007,ESA WorldCover 2021 class 80,Raw64 + class similarities + margins,Raw64_ClassSimilarity_Margins,5,predicted positive AND individual object truth / individual object truth,unweighted 10 m pixel counts,Tasmania,0.7,5,150,123,8,10,proto_3;proto_4;proto_5,true cosine similarity,"{""type"":""MultiPoint"",""coordinates"":[]}"
1_1_1_2_41,proto_1;proto_2;proto_3;proto_4;proto_5,EPSG:32755,30,0,EPSG:32755,2024,1.1,2.1,1.02,55S,spatiotemporally held-out,2025,A41,28.272334852200153,ESA WorldCover 2021 class 80,Raw64 + class similarities + margins,Raw64_ClassSimilarity_Margins,5,predicted positive AND individual object truth / individual object truth,unweighted 10 m pixel counts,Tasmania,0.7,5,150,123,8,10,proto_3;proto_4;proto_5,true cosine similarity,"{""type"":""MultiPoint"",""coordinates"":[]}"
1_1_1_2_42,proto_1;proto_2;proto_3;proto_4;proto_5,EPSG:32755,30,0,EPSG:32755,2024,1.1,2.1,1.02,55S,spatiotemporally held-out,2025,A42,15.25245713331841,ESA WorldCover 2021 class 80,Raw64 + class similarities + margins,Raw64_ClassSimilarity_Margins,5,predicted positive AND individual object truth / individual object truth,unweighted 10 m pixel counts,Tasmania,0.7,5,150,123,8,10,proto_3;proto_4;proto_5,true cosine similarity,"{""type"":""MultiPoint"",""coordinates"":[]}"
1_1_1_2_43,proto_1;proto_2;proto_3;proto_4;proto_5,EPSG:32755,30,0,EPSG:32755,2024,1.1,2.1,1.02,55S,spatiotemporally held-out,2025,A43,6.5974427513173515,ESA WorldCover 2021 class 80,Raw64 + class similarities + margins,Raw64_ClassSimilarity_Margins,5,predicted positive AND individual object truth / individual object truth,unweighted 10 m pixel counts,Tasmania,0.7,5,150,123,8,10,proto_3;proto_4;proto_5,true cosine similarity,"{""type"":""MultiPoint"",""coordinates"":[]}"
1_1_1_2_44,proto_1;proto_2;proto_3;proto_4;proto_5,EPSG:32755,30,0,EPSG:32755,2024,1.1,2.1,1.02,55S,spatiotemporally held-out,2025,A44,4.031477831765208,ESA WorldCover 2021 class 80,Raw64 + class similarities + margins,Raw64_ClassSimilarity_Margins,5,predicted positive AND individual object truth / individual object truth,unweighted 10 m pixel counts,Tasmania,0.7,5,150,123,8,10,proto_3;proto_4;proto_5,true cosine similarity,"{""type"":""MultiPoint"",""coordinates"":[]}"
1_1_1_2_45,proto_1;proto_2;proto_3;proto_4;proto_5,EPSG:32755,30,0,EPSG:32755,2024,1.1,2.1,1.02,55S,spatiotemporally held-out,2025,A45,10.47385189921401,ESA WorldCover 2021 class 80,Raw64 + class similarities + margins,Raw64_ClassSimilarity_Margins,5,predicted positive AND individual object truth / individual object truth,unweighted 10 m pixel counts,Tasmania,0.7,5,150,123,8,10,proto_3;proto_4;proto_5,true cosine similarity,"{""type"":""MultiPoint"",""coordinates"":[]}"
1_1_1_2_46,proto_1;proto_2;proto_3;proto_4;proto_5,EPSG:32755,30,0,EPSG:32755,2024,1.1,2.1,1.02,55S,spatiotemporally held-out,2025,A46,23.48843605833384,ESA WorldCover 2021 class 80,Raw64 + class similarities + margins,Raw64_ClassSimilarity_Margins,5,predicted positive AND individual object truth / individual object truth,unweighted 10 m pixel counts,Tasmania,0.7,5,150,123,8,10,proto_3;proto_4;proto_5,true cosine similarity,"{""type"":""MultiPoint"",""coordinates"":[]}"
1_1_1_2_47,proto_1;proto_2;proto_3;proto_4;proto_5,EPSG:32755,30,0,EPSG:32755,2024,1.1,2.1,1.02,55S,spatiotemporally held-out,2025,A47,11.011410760433462,ESA WorldCover 2021 class 80,Raw64 + class similarities + margins,Raw64_ClassSimilarity_Margins,5,predicted positive AND individual object truth / individual object truth,unweighted 10 m pixel counts,Tasmania,0.7,5,150,123,8,10,proto_3;proto_4;proto_5,true cosine similarity,"{""type"":""MultiPoint"",""coordinates"":[]}"
1_1_1_2_48,proto_1;proto_2;proto_3;proto_4;proto_5,EPSG:32755,30,0,EPSG:32755,2024,1.1,2.1,1.02,55S,spatiotemporally held-out,2025,A48,15.323120213262,ESA WorldCover 2021 class 80,Raw64 + class similarities + margins,Raw64_ClassSimilarity_Margins,5,predicted positive AND individual object truth / individual object truth,unweighted 10 m pixel counts,Tasmania,0.7,5,150,123,8,10,proto_3;proto_4;proto_5,true cosine similarity,"{""type"":""MultiPoint"",""coordinates"":[]}"
1_1_1_2_49,proto_1;proto_2;proto_3;proto_4;proto_5,EPSG:32755,30,0,EPSG:32755,2024,1.1,2.1,1.02,55S,spatiotemporally held-out,2025,A49,7.284625058775518,ESA WorldCover 2021 class 80,Raw64 + class similarities + margins,Raw64_ClassSimilarity_Margins,5,predicted positive AND individual object truth / individual object truth,unweighted 10 m pixel counts,Tasmania,0.7,5,150,123,8,10,proto_3;proto_4;proto_5,true cosine similarity,"{""type"":""MultiPoint"",""coordinates"":[]}"
1_1_1_2_50,proto_1;proto_2;proto_3;proto_4;proto_5,EPSG:32755,30,0,EPSG:32755,2024,1.1,2.1,1.02,55S,spatiotemporally held-out,2025,A50,21.464340117238194,ESA WorldCover 2021 class 80,Raw64 + class similarities + margins,Raw64_ClassSimilarity_Margins,5,predicted positive AND individual object truth / individual object truth,unweighted 10 m pixel counts,Tasmania,0.7,5,150,123,8,10,proto_3;proto_4;proto_5,true cosine similarity,"{""type"":""MultiPoint"",""coordinates"":[]}"
1_1_1_2_51,proto_1;proto_2;proto_3;proto_4;proto_5,EPSG:32755,30,0,EPSG:32755,2024,1.1,2.1,1.02,55S,spatiotemporally held-out,2025,A51,18.460236335743573,ESA WorldCover 2021 class 80,Raw64 + class similarities + margins,Raw64_ClassSimilarity_Margins,5,predicted positive AND individual object truth / individual object truth,unweighted 10 m pixel counts,Tasmania,0.7,5,150,123,8,10,proto_3;proto_4;proto_5,true cosine similarity,"{""type"":""MultiPoint"",""coordinates"":[]}"
1_1_1_2_52,proto_1;proto_2;proto_3;proto_4;proto_5,EPSG:32755,30,0,EPSG:32755,2024,1.1,2.1,1.02,55S,spatiotemporally held-out,2025,A52,12.558879523301362,ESA WorldCover 2021 class 80,Raw64 + class similarities + margins,Raw64_ClassSimilarity_Margins,5,predicted positive AND individual object truth / individual object truth,unweighted 10 m pixel counts,Tasmania,0.7,5,150,123,8,10,proto_3;proto_4;proto_5,true cosine similarity,"{""type"":""MultiPoint"",""coordinates"":[]}"
1_1_1_2_53,proto_1;proto_2;proto_3;proto_4;proto_5,EPSG:32755,30,0,EPSG:32755,2024,1.1,2.1,1.02,55S,spatiotemporally held-out,2025,A53,8.315248542715072,ESA WorldCover 2021 class 80,Raw64 + class similarities + margins,Raw64_ClassSimilarity_Margins,5,predicted positive AND individual object truth / individual object truth,unweighted 10 m pixel counts,Tasmania,0.7,5,150,123,8,10,proto_3;proto_4;proto_5,true cosine similarity,"{""type"":""MultiPoint"",""coordinates"":[]}"
1_1_1_2_54,proto_1;proto_2;proto_3;proto_4;proto_5,EPSG:32755,30,0,EPSG:32755,2024,1.1,2.1,1.02,55S,spatiotemporally held-out,2025,A54,15.52922249953395,ESA WorldCover 2021 class 80,Raw64 + class similarities + margins,Raw64_ClassSimilarity_Margins,5,predicted positive AND individual object truth / individual object truth,unweighted 10 m pixel counts,Tasmania,0.7,5,150,123,8,10,proto_3;proto_4;proto_5,true cosine similarity,"{""type"":""MultiPoint"",""coordinates"":[]}"
1_1_1_2_55,proto_1;proto_2;proto_3;proto_4;proto_5,EPSG:32755,30,0,EPSG:32755,2024,1.1,2.1,1.02,55S,spatiotemporally held-out,2025,A55,28.916544763074203,ESA WorldCover 2021 class 80,Raw64 + class similarities + margins,Raw64_ClassSimilarity_Margins,5,predicted positive AND individual object truth / individual object truth,unweighted 10 m pixel counts,Tasmania,0.7,5,150,123,8,10,proto_3;proto_4;proto_5,true cosine similarity,"{""type"":""MultiPoint"",""coordinates"":[]}"
1_1_1_2_56,proto_1;proto_2;proto_3;proto_4;proto_5,EPSG:32755,30,0,EPSG:32755,2024,1.1,2.1,1.02,55S,spatiotemporally held-out,2025,A56,13.276349451701245,ESA WorldCover 2021 class 80,Raw64 + class similarities + margins,Raw64_ClassSimilarity_Margins,5,predicted positive AND individual object truth / individual object truth,unweighted 10 m pixel counts,Tasmania,0.7,5,150,123,8,10,proto_3;proto_4;proto_5,true cosine similarity,"{""type"":""MultiPoint"",""coordinates"":[]}"
1_1_1_2_57,proto_1;proto_2;proto_3;proto_4;proto_5,EPSG:32755,30,0,EPSG:32755,2024,1.1,2.1,1.02,55S,spatiotemporally held-out,2025,A57,16.24378587372031,ESA WorldCover 2021 class 80,Raw64 + class similarities + margins,Raw64_ClassSimilarity_Margins,5,predicted positive AND individual object truth / individual object truth,unweighted 10 m pixel counts,Tasmania,0.7,5,150,123,8,10,proto_3;proto_4;proto_5,true cosine similarity,"{""type"":""MultiPoint"",""coordinates"":[]}"
1_1_1_2_58,proto_1;proto_2;proto_3;proto_4;proto_5,EPSG:32755,30,0,EPSG:32755,2024,1.1,2.1,1.02,55S,spatiotemporally held-out,2025,A58,6.408854282687816,ESA WorldCover 2021 class 80,Raw64 + class similarities + margins,Raw64_ClassSimilarity_Margins,5,predicted positive AND individual object truth / individual object truth,unweighted 10 m pixel counts,Tasmania,0.7,5,150,123,8,10,proto_3;proto_4;proto_5,true cosine similarity,"{""type"":""MultiPoint"",""coordinates"":[]}"
1_1_1_2_59,proto_1;proto_2;proto_3;proto_4;proto_5,EPSG:32755,30,0,EPSG:32755,2024,1.1,2.1,1.02,55S,spatiotemporally held-out,2025,A59,22.35432944452126,ESA WorldCover 2021 class 80,Raw64 + class similarities + margins,Raw64_ClassSimilarity_Margins,5,predicted positive AND individual object truth / individual object truth,unweighted 10 m pixel counts,Tasmania,0.7,5,150,123,8,10,proto_3;proto_4;proto_5,true cosine similarity,"{""type"":""MultiPoint"",""coordinates"":[]}"
1_1_1_2_60,proto_1;proto_2;proto_3;proto_4;proto_5,EPSG:32755,30,0,EPSG:32755,2024,1.1,2.1,1.02,55S,spatiotemporally held-out,2025,A60,17.64440315026212,ESA WorldCover 2021 class 80,Raw64 + class similarities + margins,Raw64_ClassSimilarity_Margins,5,predicted positive AND individual object truth / individual object truth,unweighted 10 m pixel counts,Tasmania,0.7,5,150,123,8,10,proto_3;proto_4;proto_5,true cosine similarity,"{""type"":""MultiPoint"",""coordinates"":[]}"
1_1_1_2_61,proto_1;proto_2;proto_3;proto_4;proto_5,EPSG:32755,30,0,EPSG:32755,2024,1.1,2.1,1.02,55S,spatiotemporally held-out,2025,A61,21.368121348300647,ESA WorldCover 2021 class 80,Raw64 + class similarities + margins,Raw64_ClassSimilarity_Margins,5,predicted positive AND individual object truth / individual object truth,unweighted 10 m pixel counts,Tasmania,0.7,5,150,123,8,10,proto_3;proto_4;proto_5,true cosine similarity,"{""type"":""MultiPoint"",""coordinates"":[]}"
1_1_1_2_62,proto_1;proto_2;proto_3;proto_4;proto_5,EPSG:32755,30,0,EPSG:32755,2024,1.1,2.1,1.02,55S,spatiotemporally held-out,2025,A62,12.301148058998846,ESA WorldCover 2021 class 80,Raw64 + class similarities + margins,Raw64_ClassSimilarity_Margins,5,predicted positive AND individual object truth / individual object truth,unweighted 10 m pixel counts,Tasmania,0.7,5,150,123,8,10,proto_3;proto_4;proto_5,true cosine similarity,"{""type"":""MultiPoint"",""coordinates"":[]}"
1_1_1_2_63,proto_1;proto_2;proto_3;proto_4;proto_5,EPSG:32755,30,0,EPSG:32755,2024,1.1,2.1,1.02,55S,spatiotemporally held-out,2025,A63,6.943523350809092,ESA WorldCover 2021 class 80,Raw64 + class similarities + margins,Raw64_ClassSimilarity_Margins,5,predicted positive AND individual object truth / individual object truth,unweighted 10 m pixel counts,Tasmania,0.7,5,150,123,8,10,proto_3;proto_4;proto_5,true cosine similarity,"{""type"":""MultiPoint"",""coordinates"":[]}"
1_1_1_2_64,proto_1;proto_2;proto_3;proto_4;proto_5,EPSG:32755,30,0,EPSG:32755,2024,1.1,2.1,1.02,55S,spatiotemporally held-out,2025,conf_sim,16.2946929092934,ESA WorldCover 2021 class 80,Raw64 + class similarities + margins,Raw64_ClassSimilarity_Margins,5,predicted positive AND individual object truth / individual object truth,unweighted 10 m pixel counts,Tasmania,0.7,5,150,123,8,10,proto_3;proto_4;proto_5,true cosine similarity,"{""type"":""MultiPoint"",""coordinates"":[]}"
1_1_1_2_65,proto_1;proto_2;proto_3;proto_4;proto_5,EPSG:32755,30,0,EPSG:32755,2024,1.1,2.1,1.02,55S,spatiotemporally held-out,2025,farm_sim,21.035459128632997,ESA WorldCover 2021 class 80,Raw64 + class similarities + margins,Raw64_ClassSimilarity_Margins,5,predicted positive AND individual object truth / individual object truth,unweighted 10 m pixel counts,Tasmania,0.7,5,150,123,8,10,proto_3;proto_4;proto_5,true cosine similarity,"{""type"":""MultiPoint"",""coordinates"":[]}"
1_1_1_2_66,proto_1;proto_2;proto_3;proto_4;proto_5,EPSG:32755,30,0,EPSG:32755,2024,1.1,2.1,1.02,55S,spatiotemporally held-out,2025,margin_best_noise,30.712723426159002,ESA WorldCover 2021 class 80,Raw64 + class similarities + margins,Raw64_ClassSimilarity_Margins,5,predicted positive AND individual object truth / individual object truth,unweighted 10 m pixel counts,Tasmania,0.7,5,150,123,8,10,proto_3;proto_4;proto_5,true cosine similarity,"{""type"":""MultiPoint"",""coordinates"":[]}"
1_1_1_2_67,proto_1;proto_2;proto_3;proto_4;proto_5,EPSG:32755,30,0,EPSG:32755,2024,1.1,2.1,1.02,55S,spatiotemporally held-out,2025,margin_conf,26.325937147340735,ESA WorldCover 2021 class 80,Raw64 + class similarities + margins,Raw64_ClassSimilarity_Margins,5,predicted positive AND individual object truth / individual object truth,unweighted 10 m pixel counts,Tasmania,0.7,5,150,123,8,10,proto_3;proto_4;proto_5,true cosine similarity,"{""type"":""MultiPoint"",""coordinates"":[]}"
1_1_1_2_68,proto_1;proto_2;proto_3;proto_4;proto_5,EPSG:32755,30,0,EPSG:32755,2024,1.1,2.1,1.02,55S,spatiotemporally held-out,2025,margin_ocean,36.59055202741624,ESA WorldCover 2021 class 80,Raw64 + class similarities + margins,Raw64_ClassSimilarity_Margins,5,predicted positive AND individual object truth / individual object truth,unweighted 10 m pixel counts,Tasmania,0.7,5,150,123,8,10,proto_3;proto_4;proto_5,true cosine similarity,"{""type"":""MultiPoint"",""coordinates"":[]}"
1_1_1_2_69,proto_1;proto_2;proto_3;proto_4;proto_5,EPSG:32755,30,0,EPSG:32755,2024,1.1,2.1,1.02,55S,spatiotemporally held-out,2025,ocean_sim,20.79857353370919,ESA WorldCover 2021 class 80,Raw64 + class similarities + margins,Raw64_ClassSimilarity_Margins,5,predicted positive AND individual object truth / individual object truth,unweighted 10 m pixel counts,Tasmania,0.7,5,150,123,8,10,proto_3;proto_4;proto_5,true cosine similarity,"{""type"":""MultiPoint"",""coordinates"":[]}"
1_1_2_0,proto_1;proto_2;proto_3;proto_4;proto_5,EPSG:32755,30,0,EPSG:32755,2024,1.1,2.1,1.02,55S,spatiotemporally held-out,2025,A00,18.012128039890957,ESA WorldCover 2021 class 80,Raw64 + class similarities + margins + all prototypes,Raw64_ClassSimilarity_Margins_AllPrototypes,5,predicted positive AND individual object truth / individual object truth,unweighted 10 m pixel counts,Tasmania,0.7,5,150,123,8,10,proto_3;proto_4;proto_5,true cosine similarity,"{""type"":""MultiPoint"",""coordinates"":[]}"
1_1_2_1,proto_1;proto_2;proto_3;proto_4;proto_5,EPSG:32755,30,0,EPSG:32755,2024,1.1,2.1,1.02,55S,spatiotemporally held-out,2025,A01,14.28768121720199,ESA WorldCover 2021 class 80,Raw64 + class similarities + margins + all prototypes,Raw64_ClassSimilarity_Margins_AllPrototypes,5,predicted positive AND individual object truth / individual object truth,unweighted 10 m pixel counts,Tasmania,0.7,5,150,123,8,10,proto_3;proto_4;proto_5,true cosine similarity,"{""type"":""MultiPoint"",""coordinates"":[]}"
1_1_2_2,proto_1;proto_2;proto_3;proto_4;proto_5,EPSG:32755,30,0,EPSG:32755,2024,1.1,2.1,1.02,55S,spatiotemporally held-out,2025,A02,21.062400326359345,ESA WorldCover 2021 class 80,Raw64 + class similarities + margins + all prototypes,Raw64_ClassSimilarity_Margins_AllPrototypes,5,predicted positive AND individual object truth / individual object truth,unweighted 10 m pixel counts,Tasmania,0.7,5,150,123,8,10,proto_3;proto_4;proto_5,true cosine similarity,"{""type"":""MultiPoint"",""coordinates"":[]}"
1_1_2_3,proto_1;proto_2;proto_3;proto_4;proto_5,EPSG:32755,30,0,EPSG:32755,2024,1.1,2.1,1.02,55S,spatiotemporally held-out,2025,A03,26.531057192468577,ESA WorldCover 2021 class 80,Raw64 + class similarities + margins + all prototypes,Raw64_ClassSimilarity_Margins_AllPrototypes,5,predicted positive AND individual object truth / individual object truth,unweighted 10 m pixel counts,Tasmania,0.7,5,150,123,8,10,proto_3;proto_4;proto_5,true cosine similarity,"{""type"":""MultiPoint"",""coordinates"":[]}"
1_1_2_4,proto_1;proto_2;proto_3;proto_4;proto_5,EPSG:32755,30,0,EPSG:32755,2024,1.1,2.1,1.02,55S,spatiotemporally held-out,2025,A04,10.000455458543529,ESA WorldCover 2021 class 80,Raw64 + class similarities + margins + all prototypes,Raw64_ClassSimilarity_Margins_AllPrototypes,5,predicted positive AND individual object truth / individual object truth,unweighted 10 m pixel counts,Tasmania,0.7,5,150,123,8,10,proto_3;proto_4;proto_5,true cosine similarity,"{""type"":""MultiPoint"",""coordinates"":[]}"
1_1_2_5,proto_1;proto_2;proto_3;proto_4;proto_5,EPSG:32755,30,0,EPSG:32755,2024,1.1,2.1,1.02,55S,spatiotemporally held-out,2025,A05,9.267799305997293,ESA WorldCover 2021 class 80,Raw64 + class similarities + margins + all prototypes,Raw64_ClassSimilarity_Margins_AllPrototypes,5,predicted positive AND individual object truth / individual object truth,unweighted 10 m pixel counts,Tasmania,0.7,5,150,123,8,10,proto_3;proto_4;proto_5,true cosine similarity,"{""type"":""MultiPoint"",""coordinates"":[]}"
1_1_2_6,proto_1;proto_2;proto_3;proto_4;proto_5,EPSG:32755,30,0,EPSG:32755,2024,1.1,2.1,1.02,55S,spatiotemporally held-out,2025,A06,19.047708282290298,ESA WorldCover 2021 class 80,Raw64 + class similarities + margins + all prototypes,Raw64_ClassSimilarity_Margins_AllPrototypes,5,predicted positive AND individual object truth / individual object truth,unweighted 10 m pixel counts,Tasmania,0.7,5,150,123,8,10,proto_3;proto_4;proto_5,true cosine similarity,"{""type"":""MultiPoint"",""coordinates"":[]}"
1_1_2_7,proto_1;proto_2;proto_3;proto_4;proto_5,EPSG:32755,30,0,EPSG:32755,2024,1.1,2.1,1.02,55S,spatiotemporally held-out,2025,A07,7.922957421266682,ESA WorldCover 2021 class 80,Raw64 + class similarities + margins + all prototypes,Raw64_ClassSimilarity_Margins_AllPrototypes,5,predicted positive AND individual object truth / individual object truth,unweighted 10 m pixel counts,Tasmania,0.7,5,150,123,8,10,proto_3;proto_4;proto_5,true cosine similarity,"{""type"":""MultiPoint"",""coordinates"":[]}"
1_1_2_8,proto_1;proto_2;proto_3;proto_4;proto_5,EPSG:32755,30,0,EPSG:32755,2024,1.1,2.1,1.02,55S,spatiotemporally held-out,2025,A08,7.890052753251378,ESA WorldCover 2021 class 80,Raw64 + class similarities + margins + all prototypes,Raw64_ClassSimilarity_Margins_AllPrototypes,5,predicted positive AND individual object truth / individual object truth,unweighted 10 m pixel counts,Tasmania,0.7,5,150,123,8,10,proto_3;proto_4;proto_5,true cosine similarity,"{""type"":""MultiPoint"",""coordinates"":[]}"
1_1_2_9,proto_1;proto_2;proto_3;proto_4;proto_5,EPSG:32755,30,0,EPSG:32755,2024,1.1,2.1,1.02,55S,spatiotemporally held-out,2025,A09,3.8834301052651146,ESA WorldCover 2021 class 80,Raw64 + class similarities + margins + all prototypes,Raw64_ClassSimilarity_Margins_AllPrototypes,5,predicted positive AND individual object truth / individual object truth,unweighted 10 m pixel counts,Tasmania,0.7,5,150,123,8,10,proto_3;proto_4;proto_5,true cosine similarity,"{""type"":""MultiPoint"",""coordinates"":[]}"
1_1_2_10,proto_1;proto_2;proto_3;proto_4;proto_5,EPSG:32755,30,0,EPSG:32755,2024,1.1,2.1,1.02,55S,spatiotemporally held-out,2025,A10,5.61903193642641,ESA WorldCover 2021 class 80,Raw64 + class similarities + margins + all prototypes,Raw64_ClassSimilarity_Margins_AllPrototypes,5,predicted positive AND individual object truth / individual object truth,unweighted 10 m pixel counts,Tasmania,0.7,5,150,123,8,10,proto_3;proto_4;proto_5,true cosine similarity,"{""type"":""MultiPoint"",""coordinates"":[]}"
1_1_2_11,proto_1;proto_2;proto_3;proto_4;proto_5,EPSG:32755,30,0,EPSG:32755,2024,1.1,2.1,1.02,55S,spatiotemporally held-out,2025,A11,12.261608984327074,ESA WorldCover 2021 class 80,Raw64 + class similarities + margins + all prototypes,Raw64_ClassSimilarity_Margins_AllPrototypes,5,predicted positive AND individual object truth / individual object truth,unweighted 10 m pixel counts,Tasmania,0.7,5,150,123,8,10,proto_3;proto_4;proto_5,true cosine similarity,"{""type"":""MultiPoint"",""coordinates"":[]}"
1_1_2_12,proto_1;proto_2;proto_3;proto_4;proto_5,EPSG:32755,30,0,EPSG:32755,2024,1.1,2.1,1.02,55S,spatiotemporally held-out,2025,A12,19.68753722021801,ESA WorldCover 2021 class 80,Raw64 + class similarities + margins + all prototypes,Raw64_ClassSimilarity_Margins_AllPrototypes,5,predicted positive AND individual object truth / individual object truth,unweighted 10 m pixel counts,Tasmania,0.7,5,150,123,8,10,proto_3;proto_4;proto_5,true cosine similarity,"{""type"":""MultiPoint"",""coordinates"":[]}"
1_1_2_13,proto_1;proto_2;proto_3;proto_4;proto_5,EPSG:32755,30,0,EPSG:32755,2024,1.1,2.1,1.02,55S,spatiotemporally held-out,2025,A13,22.326345308108305,ESA WorldCover 2021 class 80,Raw64 + class similarities + margins + all prototypes,Raw64_ClassSimilarity_Margins_AllPrototypes,5,predicted positive AND individual object truth / individual object truth,unweighted 10 m pixel counts,Tasmania,0.7,5,150,123,8,10,proto_3;proto_4;proto_5,true cosine similarity,"{""type"":""MultiPoint"",""coordinates"":[]}"
1_1_2_14,proto_1;proto_2;proto_3;proto_4;proto_5,EPSG:32755,30,0,EPSG:32755,2024,1.1,2.1,1.02,55S,spatiotemporally held-out,2025,A14,6.6404131046184585,ESA WorldCover 2021 class 80,Raw64 + class similarities + margins + all prototypes,Raw64_ClassSimilarity_Margins_AllPrototypes,5,predicted positive AND individual object truth / individual object truth,unweighted 10 m pixel counts,Tasmania,0.7,5,150,123,8,10,proto_3;proto_4;proto_5,true cosine similarity,"{""type"":""MultiPoint"",""coordinates"":[]}"
1_1_2_15,proto_1;proto_2;proto_3;proto_4;proto_5,EPSG:32755,30,0,EPSG:32755,2024,1.1,2.1,1.02,55S,spatiotemporally held-out,2025,A15,18.02956983748012,ESA WorldCover 2021 class 80,Raw64 + class similarities + margins + all prototypes,Raw64_ClassSimilarity_Margins_AllPrototypes,5,predicted positive AND individual object truth / individual object truth,unweighted 10 m pixel counts,Tasmania,0.7,5,150,123,8,10,proto_3;proto_4;proto_5,true cosine similarity,"{""type"":""MultiPoint"",""coordinates"":[]}"
1_1_2_16,proto_1;proto_2;proto_3;proto_4;proto_5,EPSG:32755,30,0,EPSG:32755,2024,1.1,2.1,1.02,55S,spatiotemporally held-out,2025,A16,17.747383070133008,ESA WorldCover 2021 class 80,Raw64 + class similarities + margins + all prototypes,Raw64_ClassSimilarity_Margins_AllPrototypes,5,predicted positive AND individual object truth / individual object truth,unweighted 10 m pixel counts,Tasmania,0.7,5,150,123,8,10,proto_3;proto_4;proto_5,true cosine similarity,"{""type"":""MultiPoint"",""coordinates"":[]}"
1_1_2_17,proto_1;proto_2;proto_3;proto_4;proto_5,EPSG:32755,30,0,EPSG:32755,2024,1.1,2.1,1.02,55S,spatiotemporally held-out,2025,A17,11.070852923972875,ESA WorldCover 2021 class 80,Raw64 + class similarities + margins + all prototypes,Raw64_ClassSimilarity_Margins_AllPrototypes,5,predicted positive AND individual object truth / individual object truth,unweighted 10 m pixel counts,Tasmania,0.7,5,150,123,8,10,proto_3;proto_4;proto_5,true cosine similarity,"{""type"":""MultiPoint"",""coordinates"":[]}"
1_1_2_18,proto_1;proto_2;proto_3;proto_4;proto_5,EPSG:32755,30,0,EPSG:32755,2024,1.1,2.1,1.02,55S,spatiotemporally held-out,2025,A18,14.551652417707936,ESA WorldCover 2021 class 80,Raw64 + class similarities + margins + all prototypes,Raw64_ClassSimilarity_Margins_AllPrototypes,5,predicted positive AND individual object truth / individual object truth,unweighted 10 m pixel counts,Tasmania,0.7,5,150,123,8,10,proto_3;proto_4;proto_5,true cosine similarity,"{""type"":""MultiPoint"",""coordinates"":[]}"
1_1_2_19,proto_1;proto_2;proto_3;proto_4;proto_5,EPSG:32755,30,0,EPSG:32755,2024,1.1,2.1,1.02,55S,spatiotemporally held-out,2025,A19,8.236859976796534,ESA WorldCover 2021 class 80,Raw64 + class similarities + margins + all prototypes,Raw64_ClassSimilarity_Margins_AllPrototypes,5,predicted positive AND individual object truth / individual object truth,unweighted 10 m pixel counts,Tasmania,0.7,5,150,123,8,10,proto_3;proto_4;proto_5,true cosine similarity,"{""type"":""MultiPoint"",""coordinates"":[]}"
1_1_2_20,proto_1;proto_2;proto_3;proto_4;proto_5,EPSG:32755,30,0,EPSG:32755,2024,1.1,2.1,1.02,55S,spatiotemporally held-out,2025,A20,11.046150833420748,ESA WorldCover 2021 class 80,Raw64 + class similarities + margins + all prototypes,Raw64_ClassSimilarity_Margins_AllPrototypes,5,predicted positive AND individual object truth / individual object truth,unweighted 10 m pixel counts,Tasmania,0.7,5,150,123,8,10,proto_3;proto_4;proto_5,true cosine similarity,"{""type"":""MultiPoint"",""coordinates"":[]}"
1_1_2_21,proto_1;proto_2;proto_3;proto_4;proto_5,EPSG:32755,30,0,EPSG:32755,2024,1.1,2.1,1.02,55S,spatiotemporally held-out,2025,A21,16.58005508613256,ESA WorldCover 2021 class 80,Raw64 + class similarities + margins + all prototypes,Raw64_ClassSimilarity_Margins_AllPrototypes,5,predicted positive AND individual object truth / individual object truth,unweighted 10 m pixel counts,Tasmania,0.7,5,150,123,8,10,proto_3;proto_4;proto_5,true cosine similarity,"{""type"":""MultiPoint"",""coordinates"":[]}"
1_1_2_22,proto_1;proto_2;proto_3;proto_4;proto_5,EPSG:32755,30,0,EPSG:32755,2024,1.1,2.1,1.02,55S,spatiotemporally held-out,2025,A22,12.721200120745841,ESA WorldCover 2021 class 80,Raw64 + class similarities + margins + all prototypes,Raw64_ClassSimilarity_Margins_AllPrototypes,5,predicted positive AND individual object truth / individual object truth,unweighted 10 m pixel counts,Tasmania,0.7,5,150,123,8,10,proto_3;proto_4;proto_5,true cosine similarity,"{""type"":""MultiPoint"",""coordinates"":[]}"
1_1_2_23,proto_1;proto_2;proto_3;proto_4;proto_5,EPSG:32755,30,0,EPSG:32755,2024,1.1,2.1,1.02,55S,spatiotemporally held-out,2025,A23,8.753646166819333,ESA WorldCover 2021 class 80,Raw64 + class similarities + margins + all prototypes,Raw64_ClassSimilarity_Margins_AllPrototypes,5,predicted positive AND individual object truth / individual object truth,unweighted 10 m pixel counts,Tasmania,0.7,5,150,123,8,10,proto_3;proto_4;proto_5,true cosine similarity,"{""type"":""MultiPoint"",""coordinates"":[]}"
1_1_2_24,proto_1;proto_2;proto_3;proto_4;proto_5,EPSG:32755,30,0,EPSG:32755,2024,1.1,2.1,1.02,55S,spatiotemporally held-out,2025,A24,16.889786304674345,ESA WorldCover 2021 class 80,Raw64 + class similarities + margins + all prototypes,Raw64_ClassSimilarity_Margins_AllPrototypes,5,predicted positive AND individual object truth / individual object truth,unweighted 10 m pixel counts,Tasmania,0.7,5,150,123,8,10,proto_3;proto_4;proto_5,true cosine similarity,"{""type"":""MultiPoint"",""coordinates"":[]}"
1_1_2_25,proto_1;proto_2;proto_3;proto_4;proto_5,EPSG:32755,30,0,EPSG:32755,2024,1.1,2.1,1.02,55S,spatiotemporally held-out,2025,A25,9.513648054374578,ESA WorldCover 2021 class 80,Raw64 + class similarities + margins + all prototypes,Raw64_ClassSimilarity_Margins_AllPrototypes,5,predicted positive AND individual object truth / individual object truth,unweighted 10 m pixel counts,Tasmania,0.7,5,150,123,8,10,proto_3;proto_4;proto_5,true cosine similarity,"{""type"":""MultiPoint"",""coordinates"":[]}"
1_1_2_26,proto_1;proto_2;proto_3;proto_4;proto_5,EPSG:32755,30,0,EPSG:32755,2024,1.1,2.1,1.02,55S,spatiotemporally held-out,2025,A26,20.929340871182955,ESA WorldCover 2021 class 80,Raw64 + class similarities + margins + all prototypes,Raw64_ClassSimilarity_Margins_AllPrototypes,5,predicted positive AND individual object truth / individual object truth,unweighted 10 m pixel counts,Tasmania,0.7,5,150,123,8,10,proto_3;proto_4;proto_5,true cosine similarity,"{""type"":""MultiPoint"",""coordinates"":[]}"
1_1_2_27,proto_1;proto_2;proto_3;proto_4;proto_5,EPSG:32755,30,0,EPSG:32755,2024,1.1,2.1,1.02,55S,spatiotemporally held-out,2025,A27,11.848952320445552,ESA WorldCover 2021 class 80,Raw64 + class similarities + margins + all prototypes,Raw64_ClassSimilarity_Margins_AllPrototypes,5,predicted positive AND individual object truth / individual object truth,unweighted 10 m pixel counts,Tasmania,0.7,5,150,123,8,10,proto_3;proto_4;proto_5,true cosine similarity,"{""type"":""MultiPoint"",""coordinates"":[]}"
1_1_2_28,proto_1;proto_2;proto_3;proto_4;proto_5,EPSG:32755,30,0,EPSG:32755,2024,1.1,2.1,1.02,55S,spatiotemporally held-out,2025,A28,19.85856281996841,ESA WorldCover 2021 class 80,Raw64 + class similarities + margins + all prototypes,Raw64_ClassSimilarity_Margins_AllPrototypes,5,predicted positive AND individual object truth / individual object truth,unweighted 10 m pixel counts,Tasmania,0.7,5,150,123,8,10,proto_3;proto_4;proto_5,true cosine similarity,"{""type"":""MultiPoint"",""coordinates"":[]}"
1_1_2_29,proto_1;proto_2;proto_3;proto_4;proto_5,EPSG:32755,30,0,EPSG:32755,2024,1.1,2.1,1.02,55S,spatiotemporally held-out,2025,A29,13.396854969193287,ESA WorldCover 2021 class 80,Raw64 + class similarities + margins + all prototypes,Raw64_ClassSimilarity_Margins_AllPrototypes,5,predicted positive AND individual object truth / individual object truth,unweighted 10 m pixel counts,Tasmania,0.7,5,150,123,8,10,proto_3;proto_4;proto_5,true cosine similarity,"{""type"":""MultiPoint"",""coordinates"":[]}"
1_1_2_30,proto_1;proto_2;proto_3;proto_4;proto_5,EPSG:32755,30,0,EPSG:32755,2024,1.1,2.1,1.02,55S,spatiotemporally held-out,2025,A30,10.612108128253555,ESA WorldCover 2021 class 80,Raw64 + class similarities + margins + all prototypes,Raw64_ClassSimilarity_Margins_AllPrototypes,5,predicted positive AND individual object truth / individual object truth,unweighted 10 m pixel counts,Tasmania,0.7,5,150,123,8,10,proto_3;proto_4;proto_5,true cosine similarity,"{""type"":""MultiPoint"",""coordinates"":[]}"
1_1_2_31,proto_1;proto_2;proto_3;proto_4;proto_5,EPSG:32755,30,0,EPSG:32755,2024,1.1,2.1,1.02,55S,spatiotemporally held-out,2025,A31,17.73905934310882,ESA WorldCover 2021 class 80,Raw64 + class similarities + margins + all prototypes,Raw64_ClassSimilarity_Margins_AllPrototypes,5,predicted positive AND individual object truth / individual object truth,unweighted 10 m pixel counts,Tasmania,0.7,5,150,123,8,10,proto_3;proto_4;proto_5,true cosine similarity,"{""type"":""MultiPoint"",""coordinates"":[]}"
1_1_2_32,proto_1;proto_2;proto_3;proto_4;proto_5,EPSG:32755,30,0,EPSG:32755,2024,1.1,2.1,1.02,55S,spatiotemporally held-out,2025,A32,8.62923205617475,ESA WorldCover 2021 class 80,Raw64 + class similarities + margins + all prototypes,Raw64_ClassSimilarity_Margins_AllPrototypes,5,predicted positive AND individual object truth / individual object truth,unweighted 10 m pixel counts,Tasmania,0.7,5,150,123,8,10,proto_3;proto_4;proto_5,true cosine similarity,"{""type"":""MultiPoint"",""coordinates"":[]}"
1_1_2_33,proto_1;proto_2;proto_3;proto_4;proto_5,EPSG:32755,30,0,EPSG:32755,2024,1.1,2.1,1.02,55S,spatiotemporally held-out,2025,A33,16.838288321258155,ESA WorldCover 2021 class 80,Raw64 + class similarities + margins + all prototypes,Raw64_ClassSimilarity_Margins_AllPrototypes,5,predicted positive AND individual object truth / individual object truth,unweighted 10 m pixel counts,Tasmania,0.7,5,150,123,8,10,proto_3;proto_4;proto_5,true cosine similarity,"{""type"":""MultiPoint"",""coordinates"":[]}"
1_1_2_34,proto_1;proto_2;proto_3;proto_4;proto_5,EPSG:32755,30,0,EPSG:32755,2024,1.1,2.1,1.02,55S,spatiotemporally held-out,2025,A34,6.320668269679452,ESA WorldCover 2021 class 80,Raw64 + class similarities + margins + all prototypes,Raw64_ClassSimilarity_Margins_AllPrototypes,5,predicted positive AND individual object truth / individual object truth,unweighted 10 m pixel counts,Tasmania,0.7,5,150,123,8,10,proto_3;proto_4;proto_5,true cosine similarity,"{""type"":""MultiPoint"",""coordinates"":[]}"
1_1_2_35,proto_1;proto_2;proto_3;proto_4;proto_5,EPSG:32755,30,0,EPSG:32755,2024,1.1,2.1,1.02,55S,spatiotemporally held-out,2025,A35,8.40053551643293,ESA WorldCover 2021 class 80,Raw64 + class similarities + margins + all prototypes,Raw64_ClassSimilarity_Margins_AllPrototypes,5,predicted positive AND individual object truth / individual object truth,unweighted 10 m pixel counts,Tasmania,0.7,5,150,123,8,10,proto_3;proto_4;proto_5,true cosine similarity,"{""type"":""MultiPoint"",""coordinates"":[]}"
1_1_2_36,proto_1;proto_2;proto_3;proto_4;proto_5,EPSG:32755,30,0,EPSG:32755,2024,1.1,2.1,1.02,55S,spatiotemporally held-out,2025,A36,10.221417286972455,ESA WorldCover 2021 class 80,Raw64 + class similarities + margins + all prototypes,Raw64_ClassSimilarity_Margins_AllPrototypes,5,predicted positive AND individual object truth / individual object truth,unweighted 10 m pixel counts,Tasmania,0.7,5,150,123,8,10,proto_3;proto_4;proto_5,true cosine similarity,"{""type"":""MultiPoint"",""coordinates"":[]}"
1_1_2_37,proto_1;proto_2;proto_3;proto_4;proto_5,EPSG:32755,30,0,EPSG:32755,2024,1.1,2.1,1.02,55S,spatiotemporally held-out,2025,A37,13.122398930050995,ESA WorldCover 2021 class 80,Raw64 + class similarities + margins + all prototypes,Raw64_ClassSimilarity_Margins_AllPrototypes,5,predicted positive AND individual object truth / individual object truth,unweighted 10 m pixel counts,Tasmania,0.7,5,150,123,8,10,proto_3;proto_4;proto_5,true cosine similarity,"{""type"":""MultiPoint"",""coordinates"":[]}"
1_1_2_38,proto_1;proto_2;proto_3;proto_4;proto_5,EPSG:32755,30,0,EPSG:32755,2024,1.1,2.1,1.02,55S,spatiotemporally held-out,2025,A38,11.92817877398224,ESA WorldCover 2021 class 80,Raw64 + class similarities + margins + all prototypes,Raw64_ClassSimilarity_Margins_AllPrototypes,5,predicted positive AND individual object truth / individual object truth,unweighted 10 m pixel counts,Tasmania,0.7,5,150,123,8,10,proto_3;proto_4;proto_5,true cosine similarity,"{""type"":""MultiPoint"",""coordinates"":[]}"
1_1_2_39,proto_1;proto_2;proto_3;proto_4;proto_5,EPSG:32755,30,0,EPSG:32755,2024,1.1,2.1,1.02,55S,spatiotemporally held-out,2025,A39,11.219089456539361,ESA WorldCover 2021 class 80,Raw64 + class similarities + margins + all prototypes,Raw64_ClassSimilarity_Margins_AllPrototypes,5,predicted positive AND individual object truth / individual object truth,unweighted 10 m pixel counts,Tasmania,0.7,5,150,123,8,10,proto_3;proto_4;proto_5,true cosine similarity,"{""type"":""MultiPoint"",""coordinates"":[]}"
1_1_2_40,proto_1;proto_2;proto_3;proto_4;proto_5,EPSG:32755,30,0,EPSG:32755,2024,1.1,2.1,1.02,55S,spatiotemporally held-out,2025,A40,14.890994510718688,ESA WorldCover 2021 class 80,Raw64 + class similarities + margins + all prototypes,Raw64_ClassSimilarity_Margins_AllPrototypes,5,predicted positive AND individual object truth / individual object truth,unweighted 10 m pixel counts,Tasmania,0.7,5,150,123,8,10,proto_3;proto_4;proto_5,true cosine similarity,"{""type"":""MultiPoint"",""coordinates"":[]}"
1_1_2_41,proto_1;proto_2;proto_3;proto_4;proto_5,EPSG:32755,30,0,EPSG:32755,2024,1.1,2.1,1.02,55S,spatiotemporally held-out,2025,A41,17.813367479343203,ESA WorldCover 2021 class 80,Raw64 + class similarities + margins + all prototypes,Raw64_ClassSimilarity_Margins_AllPrototypes,5,predicted positive AND individual object truth / individual object truth,unweighted 10 m pixel counts,Tasmania,0.7,5,150,123,8,10,proto_3;proto_4;proto_5,true cosine similarity,"{""type"":""MultiPoint"",""coordinates"":[]}"
1_1_2_42,proto_1;proto_2;proto_3;proto_4;proto_5,EPSG:32755,30,0,EPSG:32755,2024,1.1,2.1,1.02,55S,spatiotemporally held-out,2025,A42,12.06433981708654,ESA WorldCover 2021 class 80,Raw64 + class similarities + margins + all prototypes,Raw64_ClassSimilarity_Margins_AllPrototypes,5,predicted positive AND individual object truth / individual object truth,unweighted 10 m pixel counts,Tasmania,0.7,5,150,123,8,10,proto_3;proto_4;proto_5,true cosine similarity,"{""type"":""MultiPoint"",""coordinates"":[]}"
1_1_2_43,proto_1;proto_2;proto_3;proto_4;proto_5,EPSG:32755,30,0,EPSG:32755,2024,1.1,2.1,1.02,55S,spatiotemporally held-out,2025,A43,5.926952834383675,ESA WorldCover 2021 class 80,Raw64 + class similarities + margins + all prototypes,Raw64_ClassSimilarity_Margins_AllPrototypes,5,predicted positive AND individual object truth / individual object truth,unweighted 10 m pixel counts,Tasmania,0.7,5,150,123,8,10,proto_3;proto_4;proto_5,true cosine similarity,"{""type"":""MultiPoint"",""coordinates"":[]}"
1_1_2_44,proto_1;proto_2;proto_3;proto_4;proto_5,EPSG:32755,30,0,EPSG:32755,2024,1.1,2.1,1.02,55S,spatiotemporally held-out,2025,A44,3.9554563059299257,ESA WorldCover 2021 class 80,Raw64 + class similarities + margins + all prototypes,Raw64_ClassSimilarity_Margins_AllPrototypes,5,predicted positive AND individual object truth / individual object truth,unweighted 10 m pixel counts,Tasmania,0.7,5,150,123,8,10,proto_3;proto_4;proto_5,true cosine similarity,"{""type"":""MultiPoint"",""coordinates"":[]}"
1_1_2_45,proto_1;proto_2;proto_3;proto_4;proto_5,EPSG:32755,30,0,EPSG:32755,2024,1.1,2.1,1.02,55S,spatiotemporally held-out,2025,A45,6.130697358300832,ESA WorldCover 2021 class 80,Raw64 + class similarities + margins + all prototypes,Raw64_ClassSimilarity_Margins_AllPrototypes,5,predicted positive AND individual object truth / individual object truth,unweighted 10 m pixel counts,Tasmania,0.7,5,150,123,8,10,proto_3;proto_4;proto_5,true cosine similarity,"{""type"":""MultiPoint"",""coordinates"":[]}"
1_1_2_46,proto_1;proto_2;proto_3;proto_4;proto_5,EPSG:32755,30,0,EPSG:32755,2024,1.1,2.1,1.02,55S,spatiotemporally held-out,2025,A46,17.474604804733485,ESA WorldCover 2021 class 80,Raw64 + class similarities + margins + all prototypes,Raw64_ClassSimilarity_Margins_AllPrototypes,5,predicted positive AND individual object truth / individual object truth,unweighted 10 m pixel counts,Tasmania,0.7,5,150,123,8,10,proto_3;proto_4;proto_5,true cosine similarity,"{""type"":""MultiPoint"",""coordinates"":[]}"
1_1_2_47,proto_1;proto_2;proto_3;proto_4;proto_5,EPSG:32755,30,0,EPSG:32755,2024,1.1,2.1,1.02,55S,spatiotemporally held-out,2025,A47,8.175470246407906,ESA WorldCover 2021 class 80,Raw64 + class similarities + margins + all prototypes,Raw64_ClassSimilarity_Margins_AllPrototypes,5,predicted positive AND individual object truth / individual object truth,unweighted 10 m pixel counts,Tasmania,0.7,5,150,123,8,10,proto_3;proto_4;proto_5,true cosine similarity,"{""type"":""MultiPoint"",""coordinates"":[]}"
1_1_2_48,proto_1;proto_2;proto_3;proto_4;proto_5,EPSG:32755,30,0,EPSG:32755,2024,1.1,2.1,1.02,55S,spatiotemporally held-out,2025,A48,18.31102233483327,ESA WorldCover 2021 class 80,Raw64 + class similarities + margins + all prototypes,Raw64_ClassSimilarity_Margins_AllPrototypes,5,predicted positive AND individual object truth / individual object truth,unweighted 10 m pixel counts,Tasmania,0.7,5,150,123,8,10,proto_3;proto_4;proto_5,true cosine similarity,"{""type"":""MultiPoint"",""coordinates"":[]}"
1_1_2_49,proto_1;proto_2;proto_3;proto_4;proto_5,EPSG:32755,30,0,EPSG:32755,2024,1.1,2.1,1.02,55S,spatiotemporally held-out,2025,A49,7.744008314095073,ESA WorldCover 2021 class 80,Raw64 + class similarities + margins + all prototypes,Raw64_ClassSimilarity_Margins_AllPrototypes,5,predicted positive AND individual object truth / individual object truth,unweighted 10 m pixel counts,Tasmania,0.7,5,150,123,8,10,proto_3;proto_4;proto_5,true cosine similarity,"{""type"":""MultiPoint"",""coordinates"":[]}"
1_1_2_50,proto_1;proto_2;proto_3;proto_4;proto_5,EPSG:32755,30,0,EPSG:32755,2024,1.1,2.1,1.02,55S,spatiotemporally held-out,2025,A50,19.94870569751559,ESA WorldCover 2021 class 80,Raw64 + class similarities + margins + all prototypes,Raw64_ClassSimilarity_Margins_AllPrototypes,5,predicted positive AND individual object truth / individual object truth,unweighted 10 m pixel counts,Tasmania,0.7,5,150,123,8,10,proto_3;proto_4;proto_5,true cosine similarity,"{""type"":""MultiPoint"",""coordinates"":[]}"
1_1_2_51,proto_1;proto_2;proto_3;proto_4;proto_5,EPSG:32755,30,0,EPSG:32755,2024,1.1,2.1,1.02,55S,spatiotemporally held-out,2025,A51,13.934990850794499,ESA WorldCover 2021 class 80,Raw64 + class similarities + margins + all prototypes,Raw64_ClassSimilarity_Margins_AllPrototypes,5,predicted positive AND individual object truth / individual object truth,unweighted 10 m pixel counts,Tasmania,0.7,5,150,123,8,10,proto_3;proto_4;proto_5,true cosine similarity,"{""type"":""MultiPoint"",""coordinates"":[]}"
1_1_2_52,proto_1;proto_2;proto_3;proto_4;proto_5,EPSG:32755,30,0,EPSG:32755,2024,1.1,2.1,1.02,55S,spatiotemporally held-out,2025,A52,12.164316641496118,ESA WorldCover 2021 class 80,Raw64 + class similarities + margins + all prototypes,Raw64_ClassSimilarity_Margins_AllPrototypes,5,predicted positive AND individual object truth / individual object truth,unweighted 10 m pixel counts,Tasmania,0.7,5,150,123,8,10,proto_3;proto_4;proto_5,true cosine similarity,"{""type"":""MultiPoint"",""coordinates"":[]}"
1_1_2_53,proto_1;proto_2;proto_3;proto_4;proto_5,EPSG:32755,30,0,EPSG:32755,2024,1.1,2.1,1.02,55S,spatiotemporally held-out,2025,A53,8.32750389349932,ESA WorldCover 2021 class 80,Raw64 + class similarities + margins + all prototypes,Raw64_ClassSimilarity_Margins_AllPrototypes,5,predicted positive AND individual object truth / individual object truth,unweighted 10 m pixel counts,Tasmania,0.7,5,150,123,8,10,proto_3;proto_4;proto_5,true cosine similarity,"{""type"":""MultiPoint"",""coordinates"":[]}"
1_1_2_54,proto_1;proto_2;proto_3;proto_4;proto_5,EPSG:32755,30,0,EPSG:32755,2024,1.1,2.1,1.02,55S,spatiotemporally held-out,2025,A54,11.240611433846437,ESA WorldCover 2021 class 80,Raw64 + class similarities + margins + all prototypes,Raw64_ClassSimilarity_Margins_AllPrototypes,5,predicted positive AND individual object truth / individual object truth,unweighted 10 m pixel counts,Tasmania,0.7,5,150,123,8,10,proto_3;proto_4;proto_5,true cosine similarity,"{""type"":""MultiPoint"",""coordinates"":[]}"
1_1_2_55,proto_1;proto_2;proto_3;proto_4;proto_5,EPSG:32755,30,0,EPSG:32755,2024,1.1,2.1,1.02,55S,spatiotemporally held-out,2025,A55,22.880778465135023,ESA WorldCover 2021 class 80,Raw64 + class similarities + margins + all prototypes,Raw64_ClassSimilarity_Margins_AllPrototypes,5,predicted positive AND individual object truth / individual object truth,unweighted 10 m pixel counts,Tasmania,0.7,5,150,123,8,10,proto_3;proto_4;proto_5,true cosine similarity,"{""type"":""MultiPoint"",""coordinates"":[]}"
1_1_2_56,proto_1;proto_2;proto_3;proto_4;proto_5,EPSG:32755,30,0,EPSG:32755,2024,1.1,2.1,1.02,55S,spatiotemporally held-out,2025,A56,9.569857201315319,ESA WorldCover 2021 class 80,Raw64 + class similarities + margins + all prototypes,Raw64_ClassSimilarity_Margins_AllPrototypes,5,predicted positive AND individual object truth / individual object truth,unweighted 10 m pixel counts,Tasmania,0.7,5,150,123,8,10,proto_3;proto_4;proto_5,true cosine similarity,"{""type"":""MultiPoint"",""coordinates"":[]}"
1_1_2_57,proto_1;proto_2;proto_3;proto_4;proto_5,EPSG:32755,30,0,EPSG:32755,2024,1.1,2.1,1.02,55S,spatiotemporally held-out,2025,A57,14.65877329591669,ESA WorldCover 2021 class 80,Raw64 + class similarities + margins + all prototypes,Raw64_ClassSimilarity_Margins_AllPrototypes,5,predicted positive AND individual object truth / individual object truth,unweighted 10 m pixel counts,Tasmania,0.7,5,150,123,8,10,proto_3;proto_4;proto_5,true cosine similarity,"{""type"":""MultiPoint"",""coordinates"":[]}"
1_1_2_58,proto_1;proto_2;proto_3;proto_4;proto_5,EPSG:32755,30,0,EPSG:32755,2024,1.1,2.1,1.02,55S,spatiotemporally held-out,2025,A58,9.749163964875729,ESA WorldCover 2021 class 80,Raw64 + class similarities + margins + all prototypes,Raw64_ClassSimilarity_Margins_AllPrototypes,5,predicted positive AND individual object truth / individual object truth,unweighted 10 m pixel counts,Tasmania,0.7,5,150,123,8,10,proto_3;proto_4;proto_5,true cosine similarity,"{""type"":""MultiPoint"",""coordinates"":[]}"
1_1_2_59,proto_1;proto_2;proto_3;proto_4;proto_5,EPSG:32755,30,0,EPSG:32755,2024,1.1,2.1,1.02,55S,spatiotemporally held-out,2025,A59,13.750315383510404,ESA WorldCover 2021 class 80,Raw64 + class similarities + margins + all prototypes,Raw64_ClassSimilarity_Margins_AllPrototypes,5,predicted positive AND individual object truth / individual object truth,unweighted 10 m pixel counts,Tasmania,0.7,5,150,123,8,10,proto_3;proto_4;proto_5,true cosine similarity,"{""type"":""MultiPoint"",""coordinates"":[]}"
1_1_2_60,proto_1;proto_2;proto_3;proto_4;proto_5,EPSG:32755,30,0,EPSG:32755,2024,1.1,2.1,1.02,55S,spatiotemporally held-out,2025,A60,16.259646290583348,ESA WorldCover 2021 class 80,Raw64 + class similarities + margins + all prototypes,Raw64_ClassSimilarity_Margins_AllPrototypes,5,predicted positive AND individual object truth / individual object truth,unweighted 10 m pixel counts,Tasmania,0.7,5,150,123,8,10,proto_3;proto_4;proto_5,true cosine similarity,"{""type"":""MultiPoint"",""coordinates"":[]}"
1_1_2_61,proto_1;proto_2;proto_3;proto_4;proto_5,EPSG:32755,30,0,EPSG:32755,2024,1.1,2.1,1.02,55S,spatiotemporally held-out,2025,A61,18.028424894134265,ESA WorldCover 2021 class 80,Raw64 + class similarities + margins + all prototypes,Raw64_ClassSimilarity_Margins_AllPrototypes,5,predicted positive AND individual object truth / individual object truth,unweighted 10 m pixel counts,Tasmania,0.7,5,150,123,8,10,proto_3;proto_4;proto_5,true cosine similarity,"{""type"":""MultiPoint"",""coordinates"":[]}"
1_1_2_62,proto_1;proto_2;proto_3;proto_4;proto_5,EPSG:32755,30,0,EPSG:32755,2024,1.1,2.1,1.02,55S,spatiotemporally held-out,2025,A62,14.207939862632912,ESA WorldCover 2021 class 80,Raw64 + class similarities + margins + all prototypes,Raw64_ClassSimilarity_Margins_AllPrototypes,5,predicted positive AND individual object truth / individual object truth,unweighted 10 m pixel counts,Tasmania,0.7,5,150,123,8,10,proto_3;proto_4;proto_5,true cosine similarity,"{""type"":""MultiPoint"",""coordinates"":[]}"
1_1_2_63,proto_1;proto_2;proto_3;proto_4;proto_5,EPSG:32755,30,0,EPSG:32755,2024,1.1,2.1,1.02,55S,spatiotemporally held-out,2025,A63,4.646918861560393,ESA WorldCover 2021 class 80,Raw64 + class similarities + margins + all prototypes,Raw64_ClassSimilarity_Margins_AllPrototypes,5,predicted positive AND individual object truth / individual object truth,unweighted 10 m pixel counts,Tasmania,0.7,5,150,123,8,10,proto_3;proto_4;proto_5,true cosine similarity,"{""type"":""MultiPoint"",""coordinates"":[]}"
1_1_2_64,proto_1;proto_2;proto_3;proto_4;proto_5,EPSG:32755,30,0,EPSG:32755,2024,1.1,2.1,1.02,55S,spatiotemporally held-out,2025,conf_sim,13.342942036177995,ESA WorldCover 2021 class 80,Raw64 + class similarities + margins + all prototypes,Raw64_ClassSimilarity_Margins_AllPrototypes,5,predicted positive AND individual object truth / individual object truth,unweighted 10 m pixel counts,Tasmania,0.7,5,150,123,8,10,proto_3;proto_4;proto_5,true cosine similarity,"{""type"":""MultiPoint"",""coordinates"":[]}"
1_1_2_65,proto_1;proto_2;proto_3;proto_4;proto_5,EPSG:32755,30,0,EPSG:32755,2024,1.1,2.1,1.02,55S,spatiotemporally held-out,2025,farm_sim,16.561483196647806,ESA WorldCover 2021 class 80,Raw64 + class similarities + margins + all prototypes,Raw64_ClassSimilarity_Margins_AllPrototypes,5,predicted positive AND individual object truth / individual object truth,unweighted 10 m pixel counts,Tasmania,0.7,5,150,123,8,10,proto_3;proto_4;proto_5,true cosine similarity,"{""type"":""MultiPoint"",""coordinates"":[]}"
1_1_2_66,proto_1;proto_2;proto_3;proto_4;proto_5,EPSG:32755,30,0,EPSG:32755,2024,1.1,2.1,1.02,55S,spatiotemporally held-out,2025,margin_best_noise,25.799450202483584,ESA WorldCover 2021 class 80,Raw64 + class similarities + margins + all prototypes,Raw64_ClassSimilarity_Margins_AllPrototypes,5,predicted positive AND individual object truth / individual object truth,unweighted 10 m pixel counts,Tasmania,0.7,5,150,123,8,10,proto_3;proto_4;proto_5,true cosine similarity,"{""type"":""MultiPoint"",""coordinates"":[]}"
1_1_2_67,proto_1;proto_2;proto_3;proto_4;proto_5,EPSG:32755,30,0,EPSG:32755,2024,1.1,2.1,1.02,55S,spatiotemporally held-out,2025,margin_conf,21.43141741451787,ESA WorldCover 2021 class 80,Raw64 + class similarities + margins + all prototypes,Raw64_ClassSimilarity_Margins_AllPrototypes,5,predicted positive AND individual object truth / individual object truth,unweighted 10 m pixel counts,Tasmania,0.7,5,150,123,8,10,proto_3;proto_4;proto_5,true cosine similarity,"{""type"":""MultiPoint"",""coordinates"":[]}"
1_1_2_68,proto_1;proto_2;proto_3;proto_4;proto_5,EPSG:32755,30,0,EPSG:32755,2024,1.1,2.1,1.02,55S,spatiotemporally held-out,2025,margin_ocean,24.16148817982906,ESA WorldCover 2021 class 80,Raw64 + class similarities + margins + all prototypes,Raw64_ClassSimilarity_Margins_AllPrototypes,5,predicted positive AND individual object truth / individual object truth,unweighted 10 m pixel counts,Tasmania,0.7,5,150,123,8,10,proto_3;proto_4;proto_5,true cosine similarity,"{""type"":""MultiPoint"",""coordinates"":[]}"
1_1_2_69,proto_1;proto_2;proto_3;proto_4;proto_5,EPSG:32755,30,0,EPSG:32755,2024,1.1,2.1,1.02,55S,spatiotemporally held-out,2025,ocean_sim,15.050995954731604,ESA WorldCover 2021 class 80,Raw64 + class similarities + margins + all prototypes,Raw64_ClassSimilarity_Margins_AllPrototypes,5,predicted positive AND individual object truth / individual object truth,unweighted 10 m pixel counts,Tasmania,0.7,5,150,123,8,10,proto_3;proto_4;proto_5,true cosine similarity,"{""type"":""MultiPoint"",""coordinates"":[]}"
1_1_2_70,proto_1;proto_2;proto_3;proto_4;proto_5,EPSG:32755,30,0,EPSG:32755,2024,1.1,2.1,1.02,55S,spatiotemporally held-out,2025,proto_1,22.338058950208644,ESA WorldCover 2021 class 80,Raw64 + class similarities + margins + all prototypes,Raw64_ClassSimilarity_Margins_AllPrototypes,5,predicted positive AND individual object truth / individual object truth,unweighted 10 m pixel counts,Tasmania,0.7,5,150,123,8,10,proto_3;proto_4;proto_5,true cosine similarity,"{""type"":""MultiPoint"",""coordinates"":[]}"
1_1_2_71,proto_1;proto_2;proto_3;proto_4;proto_5,EPSG:32755,30,0,EPSG:32755,2024,1.1,2.1,1.02,55S,spatiotemporally held-out,2025,proto_2,22.904015384388856,ESA WorldCover 2021 class 80,Raw64 + class similarities + margins + all prototypes,Raw64_ClassSimilarity_Margins_AllPrototypes,5,predicted positive AND individual object truth / individual object truth,unweighted 10 m pixel counts,Tasmania,0.7,5,150,123,8,10,proto_3;proto_4;proto_5,true cosine similarity,"{""type"":""MultiPoint"",""coordinates"":[]}"
1_1_2_72,proto_1;proto_2;proto_3;proto_4;proto_5,EPSG:32755,30,0,EPSG:32755,2024,1.1,2.1,1.02,55S,spatiotemporally held-out,2025,proto_3,32.00520434598855,ESA WorldCover 2021 class 80,Raw64 + class similarities + margins + all prototypes,Raw64_ClassSimilarity_Margins_AllPrototypes,5,predicted positive AND individual object truth / individual object truth,unweighted 10 m pixel counts,Tasmania,0.7,5,150,123,8,10,proto_3;proto_4;proto_5,true cosine similarity,"{""type"":""MultiPoint"",""coordinates"":[]}"
1_1_2_73,proto_1;proto_2;proto_3;proto_4;proto_5,EPSG:32755,30,0,EPSG:32755,2024,1.1,2.1,1.02,55S,spatiotemporally held-out,2025,proto_4,29.911295667961816,ESA WorldCover 2021 class 80,Raw64 + class similarities + margins + all prototypes,Raw64_ClassSimilarity_Margins_AllPrototypes,5,predicted positive AND individual object truth / individual object truth,unweighted 10 m pixel counts,Tasmania,0.7,5,150,123,8,10,proto_3;proto_4;proto_5,true cosine similarity,"{""type"":""MultiPoint"",""coordinates"":[]}"
1_1_2_74,proto_1;proto_2;proto_3;proto_4;proto_5,EPSG:32755,30,0,EPSG:32755,2024,1.1,2.1,1.02,55S,spatiotemporally held-out,2025,proto_5,18.616337454695653,ESA WorldCover 2021 class 80,Raw64 + class similarities + margins + all prototypes,Raw64_ClassSimilarity_Margins_AllPrototypes,5,predicted positive AND individual object truth / individual object truth,unweighted 10 m pixel counts,Tasmania,0.7,5,150,123,8,10,proto_3;proto_4;proto_5,true cosine similarity,"{""type"":""MultiPoint"",""coordinates"":[]}"
1_2_0,proto_1;proto_2;proto_3;proto_4;proto_5,EPSG:32755,30,0,EPSG:32755,2024,1.1,2.1,1.02,55S,spatiotemporally held-out,2025,A00,16.088285163249232,ESA WorldCover 2021 class 80,Final selected CR-RF,CRRF_Selected,5,predicted positive AND individual object truth / individual object truth,unweighted 10 m pixel counts,Tasmania,0.7,5,150,123,8,10,proto_3;proto_4;proto_5,true cosine similarity,"{""type"":""MultiPoint"",""coordinates"":[]}"
1_2_1,proto_1;proto_2;proto_3;proto_4;proto_5,EPSG:32755,30,0,EPSG:32755,2024,1.1,2.1,1.02,55S,spatiotemporally held-out,2025,A01,18.709589876081704,ESA WorldCover 2021 class 80,Final selected CR-RF,CRRF_Selected,5,predicted positive AND individual object truth / individual object truth,unweighted 10 m pixel counts,Tasmania,0.7,5,150,123,8,10,proto_3;proto_4;proto_5,true cosine similarity,"{""type"":""MultiPoint"",""coordinates"":[]}"
1_2_2,proto_1;proto_2;proto_3;proto_4;proto_5,EPSG:32755,30,0,EPSG:32755,2024,1.1,2.1,1.02,55S,spatiotemporally held-out,2025,A02,18.745129726131573,ESA WorldCover 2021 class 80,Final selected CR-RF,CRRF_Selected,5,predicted positive AND individual object truth / individual object truth,unweighted 10 m pixel counts,Tasmania,0.7,5,150,123,8,10,proto_3;proto_4;proto_5,true cosine similarity,"{""type"":""MultiPoint"",""coordinates"":[]}"
1_2_3,proto_1;proto_2;proto_3;proto_4;proto_5,EPSG:32755,30,0,EPSG:32755,2024,1.1,2.1,1.02,55S,spatiotemporally held-out,2025,A03,25.69338166623973,ESA WorldCover 2021 class 80,Final selected CR-RF,CRRF_Selected,5,predicted positive AND individual object truth / individual object truth,unweighted 10 m pixel counts,Tasmania,0.7,5,150,123,8,10,proto_3;proto_4;proto_5,true cosine similarity,"{""type"":""MultiPoint"",""coordinates"":[]}"
1_2_4,proto_1;proto_2;proto_3;proto_4;proto_5,EPSG:32755,30,0,EPSG:32755,2024,1.1,2.1,1.02,55S,spatiotemporally held-out,2025,A04,7.936648974579104,ESA WorldCover 2021 class 80,Final selected CR-RF,CRRF_Selected,5,predicted positive AND individual object truth / individual object truth,unweighted 10 m pixel counts,Tasmania,0.7,5,150,123,8,10,proto_3;proto_4;proto_5,true cosine similarity,"{""type"":""MultiPoint"",""coordinates"":[]}"
1_2_5,proto_1;proto_2;proto_3;proto_4;proto_5,EPSG:32755,30,0,EPSG:32755,2024,1.1,2.1,1.02,55S,spatiotemporally held-out,2025,A05,10.112181264046361,ESA WorldCover 2021 class 80,Final selected CR-RF,CRRF_Selected,5,predicted positive AND individual object truth / individual object truth,unweighted 10 m pixel counts,Tasmania,0.7,5,150,123,8,10,proto_3;proto_4;proto_5,true cosine similarity,"{""type"":""MultiPoint"",""coordinates"":[]}"
1_2_6,proto_1;proto_2;proto_3;proto_4;proto_5,EPSG:32755,30,0,EPSG:32755,2024,1.1,2.1,1.02,55S,spatiotemporally held-out,2025,A06,19.477504664471187,ESA WorldCover 2021 class 80,Final selected CR-RF,CRRF_Selected,5,predicted positive AND individual object truth / individual object truth,unweighted 10 m pixel counts,Tasmania,0.7,5,150,123,8,10,proto_3;proto_4;proto_5,true cosine similarity,"{""type"":""MultiPoint"",""coordinates"":[]}"
1_2_7,proto_1;proto_2;proto_3;proto_4;proto_5,EPSG:32755,30,0,EPSG:32755,2024,1.1,2.1,1.02,55S,spatiotemporally held-out,2025,A07,8.204423625053073,ESA WorldCover 2021 class 80,Final selected CR-RF,CRRF_Selected,5,predicted positive AND individual object truth / individual object truth,unweighted 10 m pixel counts,Tasmania,0.7,5,150,123,8,10,proto_3;proto_4;proto_5,true cosine similarity,"{""type"":""MultiPoint"",""coordinates"":[]}"
1_2_8,proto_1;proto_2;proto_3;proto_4;proto_5,EPSG:32755,30,0,EPSG:32755,2024,1.1,2.1,1.02,55S,spatiotemporally held-out,2025,A08,9.495299351410297,ESA WorldCover 2021 class 80,Final selected CR-RF,CRRF_Selected,5,predicted positive AND individual object truth / individual object truth,unweighted 10 m pixel counts,Tasmania,0.7,5,150,123,8,10,proto_3;proto_4;proto_5,true cosine similarity,"{""type"":""MultiPoint"",""coordinates"":[]}"
1_2_9,proto_1;proto_2;proto_3;proto_4;proto_5,EPSG:32755,30,0,EPSG:32755,2024,1.1,2.1,1.02,55S,spatiotemporally held-out,2025,A09,7.267090036563147,ESA WorldCover 2021 class 80,Final selected CR-RF,CRRF_Selected,5,predicted positive AND individual object truth / individual object truth,unweighted 10 m pixel counts,Tasmania,0.7,5,150,123,8,10,proto_3;proto_4;proto_5,true cosine similarity,"{""type"":""MultiPoint"",""coordinates"":[]}"
1_2_10,proto_1;proto_2;proto_3;proto_4;proto_5,EPSG:32755,30,0,EPSG:32755,2024,1.1,2.1,1.02,55S,spatiotemporally held-out,2025,A10,8.274680892306536,ESA WorldCover 2021 class 80,Final selected CR-RF,CRRF_Selected,5,predicted positive AND individual object truth / individual object truth,unweighted 10 m pixel counts,Tasmania,0.7,5,150,123,8,10,proto_3;proto_4;proto_5,true cosine similarity,"{""type"":""MultiPoint"",""coordinates"":[]}"
1_2_11,proto_1;proto_2;proto_3;proto_4;proto_5,EPSG:32755,30,0,EPSG:32755,2024,1.1,2.1,1.02,55S,spatiotemporally held-out,2025,A11,15.578531491395541,ESA WorldCover 2021 class 80,Final selected CR-RF,CRRF_Selected,5,predicted positive AND individual object truth / individual object truth,unweighted 10 m pixel counts,Tasmania,0.7,5,150,123,8,10,proto_3;proto_4;proto_5,true cosine similarity,"{""type"":""MultiPoint"",""coordinates"":[]}"
1_2_12,proto_1;proto_2;proto_3;proto_4;proto_5,EPSG:32755,30,0,EPSG:32755,2024,1.1,2.1,1.02,55S,spatiotemporally held-out,2025,A12,19.83059345178169,ESA WorldCover 2021 class 80,Final selected CR-RF,CRRF_Selected,5,predicted positive AND individual object truth / individual object truth,unweighted 10 m pixel counts,Tasmania,0.7,5,150,123,8,10,proto_3;proto_4;proto_5,true cosine similarity,"{""type"":""MultiPoint"",""coordinates"":[]}"
1_2_13,proto_1;proto_2;proto_3;proto_4;proto_5,EPSG:32755,30,0,EPSG:32755,2024,1.1,2.1,1.02,55S,spatiotemporally held-out,2025,A13,24.598426600398682,ESA WorldCover 2021 class 80,Final selected CR-RF,CRRF_Selected,5,predicted positive AND individual object truth / individual object truth,unweighted 10 m pixel counts,Tasmania,0.7,5,150,123,8,10,proto_3;proto_4;proto_5,true cosine similarity,"{""type"":""MultiPoint"",""coordinates"":[]}"
1_2_14,proto_1;proto_2;proto_3;proto_4;proto_5,EPSG:32755,30,0,EPSG:32755,2024,1.1,2.1,1.02,55S,spatiotemporally held-out,2025,A14,8.260443781292786,ESA WorldCover 2021 class 80,Final selected CR-RF,CRRF_Selected,5,predicted positive AND individual object truth / individual object truth,unweighted 10 m pixel counts,Tasmania,0.7,5,150,123,8,10,proto_3;proto_4;proto_5,true cosine similarity,"{""type"":""MultiPoint"",""coordinates"":[]}"
1_2_15,proto_1;proto_2;proto_3;proto_4;proto_5,EPSG:32755,30,0,EPSG:32755,2024,1.1,2.1,1.02,55S,spatiotemporally held-out,2025,A15,23.502053133517972,ESA WorldCover 2021 class 80,Final selected CR-RF,CRRF_Selected,5,predicted positive AND individual object truth / individual object truth,unweighted 10 m pixel counts,Tasmania,0.7,5,150,123,8,10,proto_3;proto_4;proto_5,true cosine similarity,"{""type"":""MultiPoint"",""coordinates"":[]}"
1_2_16,proto_1;proto_2;proto_3;proto_4;proto_5,EPSG:32755,30,0,EPSG:32755,2024,1.1,2.1,1.02,55S,spatiotemporally held-out,2025,A16,20.92648572909367,ESA WorldCover 2021 class 80,Final selected CR-RF,CRRF_Selected,5,predicted positive AND individual object truth / individual object truth,unweighted 10 m pixel counts,Tasmania,0.7,5,150,123,8,10,proto_3;proto_4;proto_5,true cosine similarity,"{""type"":""MultiPoint"",""coordinates"":[]}"
1_2_17,proto_1;proto_2;proto_3;proto_4;proto_5,EPSG:32755,30,0,EPSG:32755,2024,1.1,2.1,1.02,55S,spatiotemporally held-out,2025,A17,7.7748155143927224,ESA WorldCover 2021 class 80,Final selected CR-RF,CRRF_Selected,5,predicted positive AND individual object truth / individual object truth,unweighted 10 m pixel counts,Tasmania,0.7,5,150,123,8,10,proto_3;proto_4;proto_5,true cosine similarity,"{""type"":""MultiPoint"",""coordinates"":[]}"
1_2_18,proto_1;proto_2;proto_3;proto_4;proto_5,EPSG:32755,30,0,EPSG:32755,2024,1.1,2.1,1.02,55S,spatiotemporally held-out,2025,A18,16.626053986401207,ESA WorldCover 2021 class 80,Final selected CR-RF,CRRF_Selected,5,predicted positive AND individual object truth / individual object truth,unweighted 10 m pixel counts,Tasmania,0.7,5,150,123,8,10,proto_3;proto_4;proto_5,true cosine similarity,"{""type"":""MultiPoint"",""coordinates"":[]}"
1_2_19,proto_1;proto_2;proto_3;proto_4;proto_5,EPSG:32755,30,0,EPSG:32755,2024,1.1,2.1,1.02,55S,spatiotemporally held-out,2025,A19,6.862251190895837,ESA WorldCover 2021 class 80,Final selected CR-RF,CRRF_Selected,5,predicted positive AND individual object truth / individual object truth,unweighted 10 m pixel counts,Tasmania,0.7,5,150,123,8,10,proto_3;proto_4;proto_5,true cosine similarity,"{""type"":""MultiPoint"",""coordinates"":[]}"
1_2_20,proto_1;proto_2;proto_3;proto_4;proto_5,EPSG:32755,30,0,EPSG:32755,2024,1.1,2.1,1.02,55S,spatiotemporally held-out,2025,A20,17.432827292116972,ESA WorldCover 2021 class 80,Final selected CR-RF,CRRF_Selected,5,predicted positive AND individual object truth / individual object truth,unweighted 10 m pixel counts,Tasmania,0.7,5,150,123,8,10,proto_3;proto_4;proto_5,true cosine similarity,"{""type"":""MultiPoint"",""coordinates"":[]}"
1_2_21,proto_1;proto_2;proto_3;proto_4;proto_5,EPSG:32755,30,0,EPSG:32755,2024,1.1,2.1,1.02,55S,spatiotemporally held-out,2025,A21,24.458869551365567,ESA WorldCover 2021 class 80,Final selected CR-RF,CRRF_Selected,5,predicted positive AND individual object truth / individual object truth,unweighted 10 m pixel counts,Tasmania,0.7,5,150,123,8,10,proto_3;proto_4;proto_5,true cosine similarity,"{""type"":""MultiPoint"",""coordinates"":[]}"
1_2_22,proto_1;proto_2;proto_3;proto_4;proto_5,EPSG:32755,30,0,EPSG:32755,2024,1.1,2.1,1.02,55S,spatiotemporally held-out,2025,A22,11.534837650880304,ESA WorldCover 2021 class 80,Final selected CR-RF,CRRF_Selected,5,predicted positive AND individual object truth / individual object truth,unweighted 10 m pixel counts,Tasmania,0.7,5,150,123,8,10,proto_3;proto_4;proto_5,true cosine similarity,"{""type"":""MultiPoint"",""coordinates"":[]}"
1_2_23,proto_1;proto_2;proto_3;proto_4;proto_5,EPSG:32755,30,0,EPSG:32755,2024,1.1,2.1,1.02,55S,spatiotemporally held-out,2025,A23,12.133149369646217,ESA WorldCover 2021 class 80,Final selected CR-RF,CRRF_Selected,5,predicted positive AND individual object truth / individual object truth,unweighted 10 m pixel counts,Tasmania,0.7,5,150,123,8,10,proto_3;proto_4;proto_5,true cosine similarity,"{""type"":""MultiPoint"",""coordinates"":[]}"
1_2_24,proto_1;proto_2;proto_3;proto_4;proto_5,EPSG:32755,30,0,EPSG:32755,2024,1.1,2.1,1.02,55S,spatiotemporally held-out,2025,A24,15.962817664786293,ESA WorldCover 2021 class 80,Final selected CR-RF,CRRF_Selected,5,predicted positive AND individual object truth / individual object truth,unweighted 10 m pixel counts,Tasmania,0.7,5,150,123,8,10,proto_3;proto_4;proto_5,true cosine similarity,"{""type"":""MultiPoint"",""coordinates"":[]}"
1_2_25,proto_1;proto_2;proto_3;proto_4;proto_5,EPSG:32755,30,0,EPSG:32755,2024,1.1,2.1,1.02,55S,spatiotemporally held-out,2025,A25,8.694197626189021,ESA WorldCover 2021 class 80,Final selected CR-RF,CRRF_Selected,5,predicted positive AND individual object truth / individual object truth,unweighted 10 m pixel counts,Tasmania,0.7,5,150,123,8,10,proto_3;proto_4;proto_5,true cosine similarity,"{""type"":""MultiPoint"",""coordinates"":[]}"
1_2_26,proto_1;proto_2;proto_3;proto_4;proto_5,EPSG:32755,30,0,EPSG:32755,2024,1.1,2.1,1.02,55S,spatiotemporally held-out,2025,A26,16.200481445667425,ESA WorldCover 2021 class 80,Final selected CR-RF,CRRF_Selected,5,predicted positive AND individual object truth / individual object truth,unweighted 10 m pixel counts,Tasmania,0.7,5,150,123,8,10,proto_3;proto_4;proto_5,true cosine similarity,"{""type"":""MultiPoint"",""coordinates"":[]}"
1_2_27,proto_1;proto_2;proto_3;proto_4;proto_5,EPSG:32755,30,0,EPSG:32755,2024,1.1,2.1,1.02,55S,spatiotemporally held-out,2025,A27,16.773182493237435,ESA WorldCover 2021 class 80,Final selected CR-RF,CRRF_Selected,5,predicted positive AND individual object truth / individual object truth,unweighted 10 m pixel counts,Tasmania,0.7,5,150,123,8,10,proto_3;proto_4;proto_5,true cosine similarity,"{""type"":""MultiPoint"",""coordinates"":[]}"
1_2_28,proto_1;proto_2;proto_3;proto_4;proto_5,EPSG:32755,30,0,EPSG:32755,2024,1.1,2.1,1.02,55S,spatiotemporally held-out,2025,A28,21.33182937813162,ESA WorldCover 2021 class 80,Final selected CR-RF,CRRF_Selected,5,predicted positive AND individual object truth / individual object truth,unweighted 10 m pixel counts,Tasmania,0.7,5,150,123,8,10,proto_3;proto_4;proto_5,true cosine similarity,"{""type"":""MultiPoint"",""coordinates"":[]}"
1_2_29,proto_1;proto_2;proto_3;proto_4;proto_5,EPSG:32755,30,0,EPSG:32755,2024,1.1,2.1,1.02,55S,spatiotemporally held-out,2025,A29,12.48131264814439,ESA WorldCover 2021 class 80,Final selected CR-RF,CRRF_Selected,5,predicted positive AND individual object truth / individual object truth,unweighted 10 m pixel counts,Tasmania,0.7,5,150,123,8,10,proto_3;proto_4;proto_5,true cosine similarity,"{""type"":""MultiPoint"",""coordinates"":[]}"
1_2_30,proto_1;proto_2;proto_3;proto_4;proto_5,EPSG:32755,30,0,EPSG:32755,2024,1.1,2.1,1.02,55S,spatiotemporally held-out,2025,A30,8.895769531916045,ESA WorldCover 2021 class 80,Final selected CR-RF,CRRF_Selected,5,predicted positive AND individual object truth / individual object truth,unweighted 10 m pixel counts,Tasmania,0.7,5,150,123,8,10,proto_3;proto_4;proto_5,true cosine similarity,"{""type"":""MultiPoint"",""coordinates"":[]}"
1_2_31,proto_1;proto_2;proto_3;proto_4;proto_5,EPSG:32755,30,0,EPSG:32755,2024,1.1,2.1,1.02,55S,spatiotemporally held-out,2025,A31,18.87984114097598,ESA WorldCover 2021 class 80,Final selected CR-RF,CRRF_Selected,5,predicted positive AND individual object truth / individual object truth,unweighted 10 m pixel counts,Tasmania,0.7,5,150,123,8,10,proto_3;proto_4;proto_5,true cosine similarity,"{""type"":""MultiPoint"",""coordinates"":[]}"
1_2_32,proto_1;proto_2;proto_3;proto_4;proto_5,EPSG:32755,30,0,EPSG:32755,2024,1.1,2.1,1.02,55S,spatiotemporally held-out,2025,A32,12.424087633229982,ESA WorldCover 2021 class 80,Final selected CR-RF,CRRF_Selected,5,predicted positive AND individual object truth / individual object truth,unweighted 10 m pixel counts,Tasmania,0.7,5,150,123,8,10,proto_3;proto_4;proto_5,true cosine similarity,"{""type"":""MultiPoint"",""coordinates"":[]}"
1_2_33,proto_1;proto_2;proto_3;proto_4;proto_5,EPSG:32755,30,0,EPSG:32755,2024,1.1,2.1,1.02,55S,spatiotemporally held-out,2025,A33,16.223580146146357,ESA WorldCover 2021 class 80,Final selected CR-RF,CRRF_Selected,5,predicted positive AND individual object truth / individual object truth,unweighted 10 m pixel counts,Tasmania,0.7,5,150,123,8,10,proto_3;proto_4;proto_5,true cosine similarity,"{""type"":""MultiPoint"",""coordinates"":[]}"
1_2_34,proto_1;proto_2;proto_3;proto_4;proto_5,EPSG:32755,30,0,EPSG:32755,2024,1.1,2.1,1.02,55S,spatiotemporally held-out,2025,A34,8.072452462741184,ESA WorldCover 2021 class 80,Final selected CR-RF,CRRF_Selected,5,predicted positive AND individual object truth / individual object truth,unweighted 10 m pixel counts,Tasmania,0.7,5,150,123,8,10,proto_3;proto_4;proto_5,true cosine similarity,"{""type"":""MultiPoint"",""coordinates"":[]}"
1_2_35,proto_1;proto_2;proto_3;proto_4;proto_5,EPSG:32755,30,0,EPSG:32755,2024,1.1,2.1,1.02,55S,spatiotemporally held-out,2025,A35,10.920364704452327,ESA WorldCover 2021 class 80,Final selected CR-RF,CRRF_Selected,5,predicted positive AND individual object truth / individual object truth,unweighted 10 m pixel counts,Tasmania,0.7,5,150,123,8,10,proto_3;proto_4;proto_5,true cosine similarity,"{""type"":""MultiPoint"",""coordinates"":[]}"
1_2_36,proto_1;proto_2;proto_3;proto_4;proto_5,EPSG:32755,30,0,EPSG:32755,2024,1.1,2.1,1.02,55S,spatiotemporally held-out,2025,A36,10.896146537894245,ESA WorldCover 2021 class 80,Final selected CR-RF,CRRF_Selected,5,predicted positive AND individual object truth / individual object truth,unweighted 10 m pixel counts,Tasmania,0.7,5,150,123,8,10,proto_3;proto_4;proto_5,true cosine similarity,"{""type"":""MultiPoint"",""coordinates"":[]}"
1_2_37,proto_1;proto_2;proto_3;proto_4;proto_5,EPSG:32755,30,0,EPSG:32755,2024,1.1,2.1,1.02,55S,spatiotemporally held-out,2025,A37,13.684949423188842,ESA WorldCover 2021 class 80,Final selected CR-RF,CRRF_Selected,5,predicted positive AND individual object truth / individual object truth,unweighted 10 m pixel counts,Tasmania,0.7,5,150,123,8,10,proto_3;proto_4;proto_5,true cosine similarity,"{""type"":""MultiPoint"",""coordinates"":[]}"
1_2_38,proto_1;proto_2;proto_3;proto_4;proto_5,EPSG:32755,30,0,EPSG:32755,2024,1.1,2.1,1.02,55S,spatiotemporally held-out,2025,A38,18.650029217847614,ESA WorldCover 2021 class 80,Final selected CR-RF,CRRF_Selected,5,predicted positive AND individual object truth / individual object truth,unweighted 10 m pixel counts,Tasmania,0.7,5,150,123,8,10,proto_3;proto_4;proto_5,true cosine similarity,"{""type"":""MultiPoint"",""coordinates"":[]}"
1_2_39,proto_1;proto_2;proto_3;proto_4;proto_5,EPSG:32755,30,0,EPSG:32755,2024,1.1,2.1,1.02,55S,spatiotemporally held-out,2025,A39,18.01679781532337,ESA WorldCover 2021 class 80,Final selected CR-RF,CRRF_Selected,5,predicted positive AND individual object truth / individual object truth,unweighted 10 m pixel counts,Tasmania,0.7,5,150,123,8,10,proto_3;proto_4;proto_5,true cosine similarity,"{""type"":""MultiPoint"",""coordinates"":[]}"
1_2_40,proto_1;proto_2;proto_3;proto_4;proto_5,EPSG:32755,30,0,EPSG:32755,2024,1.1,2.1,1.02,55S,spatiotemporally held-out,2025,A40,18.429012601260144,ESA WorldCover 2021 class 80,Final selected CR-RF,CRRF_Selected,5,predicted positive AND individual object truth / individual object truth,unweighted 10 m pixel counts,Tasmania,0.7,5,150,123,8,10,proto_3;proto_4;proto_5,true cosine similarity,"{""type"":""MultiPoint"",""coordinates"":[]}"
1_2_41,proto_1;proto_2;proto_3;proto_4;proto_5,EPSG:32755,30,0,EPSG:32755,2024,1.1,2.1,1.02,55S,spatiotemporally held-out,2025,A41,20.42439299710741,ESA WorldCover 2021 class 80,Final selected CR-RF,CRRF_Selected,5,predicted positive AND individual object truth / individual object truth,unweighted 10 m pixel counts,Tasmania,0.7,5,150,123,8,10,proto_3;proto_4;proto_5,true cosine similarity,"{""type"":""MultiPoint"",""coordinates"":[]}"
1_2_42,proto_1;proto_2;proto_3;proto_4;proto_5,EPSG:32755,30,0,EPSG:32755,2024,1.1,2.1,1.02,55S,spatiotemporally held-out,2025,A42,11.752247064254549,ESA WorldCover 2021 class 80,Final selected CR-RF,CRRF_Selected,5,predicted positive AND individual object truth / individual object truth,unweighted 10 m pixel counts,Tasmania,0.7,5,150,123,8,10,proto_3;proto_4;proto_5,true cosine similarity,"{""type"":""MultiPoint"",""coordinates"":[]}"
1_2_43,proto_1;proto_2;proto_3;proto_4;proto_5,EPSG:32755,30,0,EPSG:32755,2024,1.1,2.1,1.02,55S,spatiotemporally held-out,2025,A43,6.7044836329849735,ESA WorldCover 2021 class 80,Final selected CR-RF,CRRF_Selected,5,predicted positive AND individual object truth / individual object truth,unweighted 10 m pixel counts,Tasmania,0.7,5,150,123,8,10,proto_3;proto_4;proto_5,true cosine similarity,"{""type"":""MultiPoint"",""coordinates"":[]}"
1_2_44,proto_1;proto_2;proto_3;proto_4;proto_5,EPSG:32755,30,0,EPSG:32755,2024,1.1,2.1,1.02,55S,spatiotemporally held-out,2025,A44,5.062123901021519,ESA WorldCover 2021 class 80,Final selected CR-RF,CRRF_Selected,5,predicted positive AND individual object truth / individual object truth,unweighted 10 m pixel counts,Tasmania,0.7,5,150,123,8,10,proto_3;proto_4;proto_5,true cosine similarity,"{""type"":""MultiPoint"",""coordinates"":[]}"
1_2_45,proto_1;proto_2;proto_3;proto_4;proto_5,EPSG:32755,30,0,EPSG:32755,2024,1.1,2.1,1.02,55S,spatiotemporally held-out,2025,A45,7.871144953247756,ESA WorldCover 2021 class 80,Final selected CR-RF,CRRF_Selected,5,predicted positive AND individual object truth / individual object truth,unweighted 10 m pixel counts,Tasmania,0.7,5,150,123,8,10,proto_3;proto_4;proto_5,true cosine similarity,"{""type"":""MultiPoint"",""coordinates"":[]}"
1_2_46,proto_1;proto_2;proto_3;proto_4;proto_5,EPSG:32755,30,0,EPSG:32755,2024,1.1,2.1,1.02,55S,spatiotemporally held-out,2025,A46,16.927125364889452,ESA WorldCover 2021 class 80,Final selected CR-RF,CRRF_Selected,5,predicted positive AND individual object truth / individual object truth,unweighted 10 m pixel counts,Tasmania,0.7,5,150,123,8,10,proto_3;proto_4;proto_5,true cosine similarity,"{""type"":""MultiPoint"",""coordinates"":[]}"
1_2_47,proto_1;proto_2;proto_3;proto_4;proto_5,EPSG:32755,30,0,EPSG:32755,2024,1.1,2.1,1.02,55S,spatiotemporally held-out,2025,A47,12.568840582737707,ESA WorldCover 2021 class 80,Final selected CR-RF,CRRF_Selected,5,predicted positive AND individual object truth / individual object truth,unweighted 10 m pixel counts,Tasmania,0.7,5,150,123,8,10,proto_3;proto_4;proto_5,true cosine similarity,"{""type"":""MultiPoint"",""coordinates"":[]}"
1_2_48,proto_1;proto_2;proto_3;proto_4;proto_5,EPSG:32755,30,0,EPSG:32755,2024,1.1,2.1,1.02,55S,spatiotemporally held-out,2025,A48,14.022133783570395,ESA WorldCover 2021 class 80,Final selected CR-RF,CRRF_Selected,5,predicted positive AND individual object truth / individual object truth,unweighted 10 m pixel counts,Tasmania,0.7,5,150,123,8,10,proto_3;proto_4;proto_5,true cosine similarity,"{""type"":""MultiPoint"",""coordinates"":[]}"
1_2_49,proto_1;proto_2;proto_3;proto_4;proto_5,EPSG:32755,30,0,EPSG:32755,2024,1.1,2.1,1.02,55S,spatiotemporally held-out,2025,A49,12.464778975178977,ESA WorldCover 2021 class 80,Final selected CR-RF,CRRF_Selected,5,predicted positive AND individual object truth / individual object truth,unweighted 10 m pixel counts,Tasmania,0.7,5,150,123,8,10,proto_3;proto_4;proto_5,true cosine similarity,"{""type"":""MultiPoint"",""coordinates"":[]}"
1_2_50,proto_1;proto_2;proto_3;proto_4;proto_5,EPSG:32755,30,0,EPSG:32755,2024,1.1,2.1,1.02,55S,spatiotemporally held-out,2025,A50,18.593196110275098,ESA WorldCover 2021 class 80,Final selected CR-RF,CRRF_Selected,5,predicted positive AND individual object truth / individual object truth,unweighted 10 m pixel counts,Tasmania,0.7,5,150,123,8,10,proto_3;proto_4;proto_5,true cosine similarity,"{""type"":""MultiPoint"",""coordinates"":[]}"
1_2_51,proto_1;proto_2;proto_3;proto_4;proto_5,EPSG:32755,30,0,EPSG:32755,2024,1.1,2.1,1.02,55S,spatiotemporally held-out,2025,A51,12.793989711512161,ESA WorldCover 2021 class 80,Final selected CR-RF,CRRF_Selected,5,predicted positive AND individual object truth / individual object truth,unweighted 10 m pixel counts,Tasmania,0.7,5,150,123,8,10,proto_3;proto_4;proto_5,true cosine similarity,"{""type"":""MultiPoint"",""coordinates"":[]}"
1_2_52,proto_1;proto_2;proto_3;proto_4;proto_5,EPSG:32755,30,0,EPSG:32755,2024,1.1,2.1,1.02,55S,spatiotemporally held-out,2025,A52,12.08902210295482,ESA WorldCover 2021 class 80,Final selected CR-RF,CRRF_Selected,5,predicted positive AND individual object truth / individual object truth,unweighted 10 m pixel counts,Tasmania,0.7,5,150,123,8,10,proto_3;proto_4;proto_5,true cosine similarity,"{""type"":""MultiPoint"",""coordinates"":[]}"
1_2_53,proto_1;proto_2;proto_3;proto_4;proto_5,EPSG:32755,30,0,EPSG:32755,2024,1.1,2.1,1.02,55S,spatiotemporally held-out,2025,A53,9.235612457171007,ESA WorldCover 2021 class 80,Final selected CR-RF,CRRF_Selected,5,predicted positive AND individual object truth / individual object truth,unweighted 10 m pixel counts,Tasmania,0.7,5,150,123,8,10,proto_3;proto_4;proto_5,true cosine similarity,"{""type"":""MultiPoint"",""coordinates"":[]}"
1_2_54,proto_1;proto_2;proto_3;proto_4;proto_5,EPSG:32755,30,0,EPSG:32755,2024,1.1,2.1,1.02,55S,spatiotemporally held-out,2025,A54,12.075339575012684,ESA WorldCover 2021 class 80,Final selected CR-RF,CRRF_Selected,5,predicted positive AND individual object truth / individual object truth,unweighted 10 m pixel counts,Tasmania,0.7,5,150,123,8,10,proto_3;proto_4;proto_5,true cosine similarity,"{""type"":""MultiPoint"",""coordinates"":[]}"
1_2_55,proto_1;proto_2;proto_3;proto_4;proto_5,EPSG:32755,30,0,EPSG:32755,2024,1.1,2.1,1.02,55S,spatiotemporally held-out,2025,A55,19.804639154951392,ESA WorldCover 2021 class 80,Final selected CR-RF,CRRF_Selected,5,predicted positive AND individual object truth / individual object truth,unweighted 10 m pixel counts,Tasmania,0.7,5,150,123,8,10,proto_3;proto_4;proto_5,true cosine similarity,"{""type"":""MultiPoint"",""coordinates"":[]}"
1_2_56,proto_1;proto_2;proto_3;proto_4;proto_5,EPSG:32755,30,0,EPSG:32755,2024,1.1,2.1,1.02,55S,spatiotemporally held-out,2025,A56,9.292159217205636,ESA WorldCover 2021 class 80,Final selected CR-RF,CRRF_Selected,5,predicted positive AND individual object truth / individual object truth,unweighted 10 m pixel counts,Tasmania,0.7,5,150,123,8,10,proto_3;proto_4;proto_5,true cosine similarity,"{""type"":""MultiPoint"",""coordinates"":[]}"
1_2_57,proto_1;proto_2;proto_3;proto_4;proto_5,EPSG:32755,30,0,EPSG:32755,2024,1.1,2.1,1.02,55S,spatiotemporally held-out,2025,A57,14.129174905835793,ESA WorldCover 2021 class 80,Final selected CR-RF,CRRF_Selected,5,predicted positive AND individual object truth / individual object truth,unweighted 10 m pixel counts,Tasmania,0.7,5,150,123,8,10,proto_3;proto_4;proto_5,true cosine similarity,"{""type"":""MultiPoint"",""coordinates"":[]}"
1_2_58,proto_1;proto_2;proto_3;proto_4;proto_5,EPSG:32755,30,0,EPSG:32755,2024,1.1,2.1,1.02,55S,spatiotemporally held-out,2025,A58,6.453322196973774,ESA WorldCover 2021 class 80,Final selected CR-RF,CRRF_Selected,5,predicted positive AND individual object truth / individual object truth,unweighted 10 m pixel counts,Tasmania,0.7,5,150,123,8,10,proto_3;proto_4;proto_5,true cosine similarity,"{""type"":""MultiPoint"",""coordinates"":[]}"
1_2_59,proto_1;proto_2;proto_3;proto_4;proto_5,EPSG:32755,30,0,EPSG:32755,2024,1.1,2.1,1.02,55S,spatiotemporally held-out,2025,A59,11.902161726971743,ESA WorldCover 2021 class 80,Final selected CR-RF,CRRF_Selected,5,predicted positive AND individual object truth / individual object truth,unweighted 10 m pixel counts,Tasmania,0.7,5,150,123,8,10,proto_3;proto_4;proto_5,true cosine similarity,"{""type"":""MultiPoint"",""coordinates"":[]}"
1_2_60,proto_1;proto_2;proto_3;proto_4;proto_5,EPSG:32755,30,0,EPSG:32755,2024,1.1,2.1,1.02,55S,spatiotemporally held-out,2025,A60,18.26547884547597,ESA WorldCover 2021 class 80,Final selected CR-RF,CRRF_Selected,5,predicted positive AND individual object truth / individual object truth,unweighted 10 m pixel counts,Tasmania,0.7,5,150,123,8,10,proto_3;proto_4;proto_5,true cosine similarity,"{""type"":""MultiPoint"",""coordinates"":[]}"
1_2_61,proto_1;proto_2;proto_3;proto_4;proto_5,EPSG:32755,30,0,EPSG:32755,2024,1.1,2.1,1.02,55S,spatiotemporally held-out,2025,A61,16.154624328390387,ESA WorldCover 2021 class 80,Final selected CR-RF,CRRF_Selected,5,predicted positive AND individual object truth / individual object truth,unweighted 10 m pixel counts,Tasmania,0.7,5,150,123,8,10,proto_3;proto_4;proto_5,true cosine similarity,"{""type"":""MultiPoint"",""coordinates"":[]}"
1_2_62,proto_1;proto_2;proto_3;proto_4;proto_5,EPSG:32755,30,0,EPSG:32755,2024,1.1,2.1,1.02,55S,spatiotemporally held-out,2025,A62,13.613753540691413,ESA WorldCover 2021 class 80,Final selected CR-RF,CRRF_Selected,5,predicted positive AND individual object truth / individual object truth,unweighted 10 m pixel counts,Tasmania,0.7,5,150,123,8,10,proto_3;proto_4;proto_5,true cosine similarity,"{""type"":""MultiPoint"",""coordinates"":[]}"
1_2_63,proto_1;proto_2;proto_3;proto_4;proto_5,EPSG:32755,30,0,EPSG:32755,2024,1.1,2.1,1.02,55S,spatiotemporally held-out,2025,A63,5.410046383543391,ESA WorldCover 2021 class 80,Final selected CR-RF,CRRF_Selected,5,predicted positive AND individual object truth / individual object truth,unweighted 10 m pixel counts,Tasmania,0.7,5,150,123,8,10,proto_3;proto_4;proto_5,true cosine similarity,"{""type"":""MultiPoint"",""coordinates"":[]}"
1_2_64,proto_1;proto_2;proto_3;proto_4;proto_5,EPSG:32755,30,0,EPSG:32755,2024,1.1,2.1,1.02,55S,spatiotemporally held-out,2025,conf_sim,15.897511979285122,ESA WorldCover 2021 class 80,Final selected CR-RF,CRRF_Selected,5,predicted positive AND individual object truth / individual object truth,unweighted 10 m pixel counts,Tasmania,0.7,5,150,123,8,10,proto_3;proto_4;proto_5,true cosine similarity,"{""type"":""MultiPoint"",""coordinates"":[]}"
1_2_65,proto_1;proto_2;proto_3;proto_4;proto_5,EPSG:32755,30,0,EPSG:32755,2024,1.1,2.1,1.02,55S,spatiotemporally held-out,2025,farm_sim,18.584957370811136,ESA WorldCover 2021 class 80,Final selected CR-RF,CRRF_Selected,5,predicted positive AND individual object truth / individual object truth,unweighted 10 m pixel counts,Tasmania,0.7,5,150,123,8,10,proto_3;proto_4;proto_5,true cosine similarity,"{""type"":""MultiPoint"",""coordinates"":[]}"
1_2_66,proto_1;proto_2;proto_3;proto_4;proto_5,EPSG:32755,30,0,EPSG:32755,2024,1.1,2.1,1.02,55S,spatiotemporally held-out,2025,margin_best_noise,29.16798854675249,ESA WorldCover 2021 class 80,Final selected CR-RF,CRRF_Selected,5,predicted positive AND individual object truth / individual object truth,unweighted 10 m pixel counts,Tasmania,0.7,5,150,123,8,10,proto_3;proto_4;proto_5,true cosine similarity,"{""type"":""MultiPoint"",""coordinates"":[]}"
1_2_67,proto_1;proto_2;proto_3;proto_4;proto_5,EPSG:32755,30,0,EPSG:32755,2024,1.1,2.1,1.02,55S,spatiotemporally held-out,2025,margin_conf,26.53267575051948,ESA WorldCover 2021 class 80,Final selected CR-RF,CRRF_Selected,5,predicted positive AND individual object truth / individual object truth,unweighted 10 m pixel counts,Tasmania,0.7,5,150,123,8,10,proto_3;proto_4;proto_5,true cosine similarity,"{""type"":""MultiPoint"",""coordinates"":[]}"
1_2_68,proto_1;proto_2;proto_3;proto_4;proto_5,EPSG:32755,30,0,EPSG:32755,2024,1.1,2.1,1.02,55S,spatiotemporally held-out,2025,margin_ocean,23.91056758108266,ESA WorldCover 2021 class 80,Final selected CR-RF,CRRF_Selected,5,predicted positive AND individual object truth / individual object truth,unweighted 10 m pixel counts,Tasmania,0.7,5,150,123,8,10,proto_3;proto_4;proto_5,true cosine similarity,"{""type"":""MultiPoint"",""coordinates"":[]}"
1_2_69,proto_1;proto_2;proto_3;proto_4;proto_5,EPSG:32755,30,0,EPSG:32755,2024,1.1,2.1,1.02,55S,spatiotemporally held-out,2025,ocean_sim,16.626831608315662,ESA WorldCover 2021 class 80,Final selected CR-RF,CRRF_Selected,5,predicted positive AND individual object truth / individual object truth,unweighted 10 m pixel counts,Tasmania,0.7,5,150,123,8,10,proto_3;proto_4;proto_5,true cosine similarity,"{""type"":""MultiPoint"",""coordinates"":[]}"
1_2_70,proto_1;proto_2;proto_3;proto_4;proto_5,EPSG:32755,30,0,EPSG:32755,2024,1.1,2.1,1.02,55S,spatiotemporally held-out,2025,proto_3,27.191929234667974,ESA WorldCover 2021 class 80,Final selected CR-RF,CRRF_Selected,5,predicted positive AND individual object truth / individual object truth,unweighted 10 m pixel counts,Tasmania,0.7,5,150,123,8,10,proto_3;proto_4;proto_5,true cosine similarity,"{""type"":""MultiPoint"",""coordinates"":[]}"
1_2_71,proto_1;proto_2;proto_3;proto_4;proto_5,EPSG:32755,30,0,EPSG:32755,2024,1.1,2.1,1.02,55S,spatiotemporally held-out,2025,proto_4,36.52006542303503,ESA WorldCover 2021 class 80,Final selected CR-RF,CRRF_Selected,5,predicted positive AND individual object truth / individual object truth,unweighted 10 m pixel counts,Tasmania,0.7,5,150,123,8,10,proto_3;proto_4;proto_5,true cosine similarity,"{""type"":""MultiPoint"",""coordinates"":[]}"
1_2_72,proto_1;proto_2;proto_3;proto_4;proto_5,EPSG:32755,30,0,EPSG:32755,2024,1.1,2.1,1.02,55S,spatiotemporally held-out,2025,proto_5,19.89208778168402,ESA WorldCover 2021 class 80,Final selected CR-RF,CRRF_Selected,5,predicted positive AND individual object truth / individual object truth,unweighted 10 m pixel counts,Tasmania,0.7,5,150,123,8,10,proto_3;proto_4;proto_5,true cosine similarity,"{""type"":""MultiPoint"",""coordinates"":[]}"
2_0,proto_1;proto_2;proto_3;proto_4;proto_5,EPSG:32755,30,0,EPSG:32755,2024,1.1,2.1,1.02,55S,spatiotemporally held-out,2025,conf_sim,146.2587857778303,ESA WorldCover 2021 class 80,Engineered-only selected,EngineeredOnly_Selected,5,predicted positive AND individual object truth / individual object truth,unweighted 10 m pixel counts,Tasmania,0.7,5,150,123,8,10,proto_3;proto_4;proto_5,true cosine similarity,"{""type"":""MultiPoint"",""coordinates"":[]}"
2_1,proto_1;proto_2;proto_3;proto_4;proto_5,EPSG:32755,30,0,EPSG:32755,2024,1.1,2.1,1.02,55S,spatiotemporally held-out,2025,farm_sim,72.66270609319413,ESA WorldCover 2021 class 80,Engineered-only selected,EngineeredOnly_Selected,5,predicted positive AND individual object truth / individual object truth,unweighted 10 m pixel counts,Tasmania,0.7,5,150,123,8,10,proto_3;proto_4;proto_5,true cosine similarity,"{""type"":""MultiPoint"",""coordinates"":[]}"
2_2,proto_1;proto_2;proto_3;proto_4;proto_5,EPSG:32755,30,0,EPSG:32755,2024,1.1,2.1,1.02,55S,spatiotemporally held-out,2025,margin_best_noise,70.99911397035193,ESA WorldCover 2021 class 80,Engineered-only selected,EngineeredOnly_Selected,5,predicted positive AND individual object truth / individual object truth,unweighted 10 m pixel counts,Tasmania,0.7,5,150,123,8,10,proto_3;proto_4;proto_5,true cosine similarity,"{""type"":""MultiPoint"",""coordinates"":[]}"
2_3,proto_1;proto_2;proto_3;proto_4;proto_5,EPSG:32755,30,0,EPSG:32755,2024,1.1,2.1,1.02,55S,spatiotemporally held-out,2025,margin_conf,135.39815764093615,ESA WorldCover 2021 class 80,Engineered-only selected,EngineeredOnly_Selected,5,predicted positive AND individual object truth / individual object truth,unweighted 10 m pixel counts,Tasmania,0.7,5,150,123,8,10,proto_3;proto_4;proto_5,true cosine similarity,"{""type"":""MultiPoint"",""coordinates"":[]}"
2_4,proto_1;proto_2;proto_3;proto_4;proto_5,EPSG:32755,30,0,EPSG:32755,2024,1.1,2.1,1.02,55S,spatiotemporally held-out,2025,margin_ocean,172.4554616999775,ESA WorldCover 2021 class 80,Engineered-only selected,EngineeredOnly_Selected,5,predicted positive AND individual object truth / individual object truth,unweighted 10 m pixel counts,Tasmania,0.7,5,150,123,8,10,proto_3;proto_4;proto_5,true cosine similarity,"{""type"":""MultiPoint"",""coordinates"":[]}"
2_5,proto_1;proto_2;proto_3;proto_4;proto_5,EPSG:32755,30,0,EPSG:32755,2024,1.1,2.1,1.02,55S,spatiotemporally held-out,2025,ocean_sim,147.4683074285924,ESA WorldCover 2021 class 80,Engineered-only selected,EngineeredOnly_Selected,5,predicted positive AND individual object truth / individual object truth,unweighted 10 m pixel counts,Tasmania,0.7,5,150,123,8,10,proto_3;proto_4;proto_5,true cosine similarity,"{""type"":""MultiPoint"",""coordinates"":[]}"
2_6,proto_1;proto_2;proto_3;proto_4;proto_5,EPSG:32755,30,0,EPSG:32755,2024,1.1,2.1,1.02,55S,spatiotemporally held-out,2025,proto_3,118.9483107039054,ESA WorldCover 2021 class 80,Engineered-only selected,EngineeredOnly_Selected,5,predicted positive AND individual object truth / individual object truth,unweighted 10 m pixel counts,Tasmania,0.7,5,150,123,8,10,proto_3;proto_4;proto_5,true cosine similarity,"{""type"":""MultiPoint"",""coordinates"":[]}"
2_7,proto_1;proto_2;proto_3;proto_4;proto_5,EPSG:32755,30,0,EPSG:32755,2024,1.1,2.1,1.02,55S,spatiotemporally held-out,2025,proto_4,192.36106336244168,ESA WorldCover 2021 class 80,Engineered-only selected,EngineeredOnly_Selected,5,predicted positive AND individual object truth / individual object truth,unweighted 10 m pixel counts,Tasmania,0.7,5,150,123,8,10,proto_3;proto_4;proto_5,true cosine similarity,"{""type"":""MultiPoint"",""coordinates"":[]}"
2_8,proto_1;proto_2;proto_3;proto_4;proto_5,EPSG:32755,30,0,EPSG:32755,2024,1.1,2.1,1.02,55S,spatiotemporally held-out,2025,proto_5,194.82128141551814,ESA WorldCover 2021 class 80,Engineered-only selected,EngineeredOnly_Selected,5,predicted positive AND individual object truth / individual object truth,unweighted 10 m pixel counts,Tasmania,0.7,5,150,123,8,10,proto_3;proto_4;proto_5,true cosine similarity,"{""type"":""MultiPoint"",""coordinates"":[]}"
